model,row_index,sentence_id,gold_label,prediction,correct,content_word_count,original_margin,direction,original_decision_score,model_scale_mean_abs_decision_score,comprehensiveness,sufficiency,deletion_aopc,comprehensiveness_raw,sufficiency_raw,top_k_f10,comprehensiveness_f10,sufficiency_f10,deletion_normalized_drop_f10,comprehensiveness_raw_f10,sufficiency_raw_f10,top_k_f20,comprehensiveness_f20,sufficiency_f20,deletion_normalized_drop_f20,comprehensiveness_raw_f20,sufficiency_raw_f20,top_k_f30,comprehensiveness_f30,sufficiency_f30,deletion_normalized_drop_f30,comprehensiveness_raw_f30,sufficiency_raw_f30,top_k_f50,comprehensiveness_f50,sufficiency_f50,deletion_normalized_drop_f50,comprehensiveness_raw_f50,sufficiency_raw_f50,rationale_reference_word_count,rationale_evaluated,rationale_precision,rationale_precision_f10,rationale_precision_f20,rationale_precision_f30,rationale_precision_f50,rationale_recall,rationale_recall_f10,rationale_recall_f20,rationale_recall_f30,rationale_recall_f50,rationale_f1,rationale_f1_f10,rationale_f1_f20,rationale_f1_f30,rationale_f1_f50
bert,0,EV00001,NEG,NEG,1,15,-6.374475955963135,-1.0,6.374475955963135,6.059069526590407,0.24012290801443972,0.9326590733316348,0.228241690202602,1.454921394586563,5.651046169921756,2,0.06322285283480607,0.6897246003606621,0.060094602842219264,0.3830716609954834,4.179089307785034,3,0.018950655849998627,1.7674012001616175,0.018012982423948536,0.1148233413696289,10.70880675315857,5,0.4013373826094988,0.17873180717290868,0.3814793153461723,2.431731104850769,1.0829484462738037,8,0.47698074076345537,1.0947786856313506,0.4533798601980678,2.890059471130371,6.633340172469616,2,1,0.16458333333333333,0.0,0.3333333333333333,0.2,0.125,0.375,0.0,0.5,0.5,0.5,0.22142857142857142,0.0,0.4,0.28571428571428575,0.2
bert,1,EV00002,NEG,NEG,1,17,-4.653746843338013,-1.0,4.653746843338013,6.059069526590407,0.20712108198102913,0.6562390774625492,0.2696667456837404,1.254961036145687,3.976198196411133,2,-0.1297612952672416,1.9420263839528076,-0.16894613467512223,-0.7862327098846436,11.766872882843018,4,0.00507500329647952,0.10481219281155554,0.00660753415444806,0.030749797821044922,0.6350643634796143,6,0.13741183106070595,0.4041194582260521,0.1789069511715785,0.8325878381729126,2.4485878944396973,9,0.8157587888341727,0.17399827485978123,1.062098632084057,4.9427392184734344,1.0542676448822021,1,1,0.0,0.0,0.0,0.0,0.0,0.0,0.0,0.0,0.0,0.0,0.0,0.0,0.0,0.0,0.0
bert,2,EV00003,POS,POS,1,14,7.061914920806885,1.0,7.061914920806885,6.059069526590407,0.5215994109785334,0.07286371234072453,0.44752828150160606,3.1604070961475372,0.44148629903793335,2,0.1303353584357278,0.06433961798559139,0.11182673475457139,0.7897109985351562,0.38983821868896484,3,0.4120135055637057,0.05964315246968883,0.3535044177953763,2.4964184761047363,0.36138200759887695,5,0.7658042606883231,0.06891421951953482,0.6570541636722782,4.640061259269714,0.4175560474395752,7,0.7782445192263768,0.09855785938808308,0.6677278097841984,4.715437650680542,0.5971689224243164,1,1,0.294047619047619,0.5,0.3333333333333333,0.2,0.14285714285714285,1.0,1.0,1.0,1.0,1.0,0.4375,0.6666666666666666,0.5,0.33333333333333337,0.25
bert,3,EV00004,NEG,NEG,1,4,-5.534825086593628,-1.0,5.534825086593628,6.059069526590407,1.633987703920037,-0.20702567654060028,1.7887545062393257,9.900445103645325,-1.2543829679489136,1,1.7813108896361554,-0.2219346152530654,1.9500317372068703,10.793086528778076,-1.344717264175415,1,1.7813108896361554,-0.2219346152530654,1.9500317372068703,10.793086528778076,-1.344717264175415,2,1.4866645182039187,-0.19211673782813515,1.6274772752717812,9.007803678512573,-1.164048671722412,2,1.4866645182039187,-0.19211673782813515,1.6274772752717812,9.007803678512573,-1.164048671722412,1,1,0.75,1.0,1.0,0.5,0.5,1.0,1.0,1.0,1.0,1.0,0.8333333333333333,1.0,1.0,0.6666666666666666,0.6666666666666666
bert,4,EV00005,NEG,NEG,1,24,-5.89021897315979,-1.0,5.89021897315979,6.059069526590407,1.7087317495645713,0.7590422114991997,1.757714401173747,10.353324472904205,4.599089533090591,3,1.673607919480516,0.2049712827510958,1.7215837083491676,10.140506744384766,1.2419352531433105,5,1.8799872683376582,1.0858256535215876,1.9338791454085533,11.390973567962646,6.579093128442764,8,1.8260591313267236,1.0471241495480592,1.8784050997739794,11.064219236373901,6.344598025083542,12,1.4552726791133879,0.6982477601760563,1.4969896511632883,8.817598342895508,4.230731725692749,2,1,0.28750000000000003,0.3333333333333333,0.4,0.25,0.16666666666666666,0.875,0.5,1.0,1.0,1.0,0.41428571428571426,0.4,0.5714285714285715,0.4,0.2857142857142857
bert,5,EV00006,POS,POS,1,29,7.312912702560425,1.0,7.312912702560425,6.059069526590407,0.8086698093622408,0.26601889597089073,0.6700183809450527,4.899786598980427,1.6118269860744476,3,0.07434163283294233,-0.020892373658766894,0.06159530118581101,0.4504411220550537,-0.1265883445739746,6,0.37775634795903207,0.12081265426459391,0.31298769129372767,2.2888519763946533,0.7320122718811035,9,1.4208754094086944,0.7100591423306193,1.1772575534722376,8.609182894229889,4.3022977113723755,15,1.3617058472482944,0.2540961609471167,1.1282329778284346,8.250670403242111,1.5395863056182861,7,1,0.611111111111111,1.0,0.6666666666666666,0.4444444444444444,0.3333333333333333,0.5714285714285714,0.42857142857142855,0.5714285714285714,0.5714285714285714,0.7142857142857143,0.5424825174825174,0.6,0.6153846153846153,0.5,0.4545454545454545
bert,6,EV00007,POS,POS,1,14,8.014781475067139,1.0,8.014781475067139,6.059069526590407,0.737826246077876,0.012831437198257573,0.5577868816073644,4.470540523529053,0.07774657011032104,2,0.5707705587288927,-0.03870576350728576,0.43149499188875295,3.458338499069214,-0.23452091217041016,3,0.4250573980750381,0.017725484089495067,0.3213377700193538,2.5754523277282715,0.10739994049072266,5,0.6944437112500285,0.03625451495832091,0.5249902591688427,4.207682728767395,0.21966862678527832,7,1.2610333162575444,0.03605151325250007,0.9533245053525082,7.640688538551331,0.21843862533569336,2,1,0.463095238095238,0.5,0.6666666666666666,0.4,0.2857142857142857,0.875,0.5,1.0,1.0,1.0,0.578968253968254,0.5,0.8,0.5714285714285715,0.4444444444444445
bert,7,EV00008,POS,POS,1,17,1.5441778302192688,1.0,1.5441778302192688,6.059069526590407,0.3097450957985761,0.5588300600721333,1.2153819455596886,1.8767670709639788,3.385990187525749,2,-0.04246537752804157,0.49538571394125064,-0.16662621574651287,-0.2573006749153137,3.0015764832496643,4,0.9617588187574736,0.47389024735852764,3.7737621036000903,5.827363550662994,2.871333956718445,6,0.31068777679275894,0.6038867220103912,1.2190808498403138,1.882478840649128,3.6589916348457336,9,0.008999165172113471,0.6621575569783636,0.03531104454486262,0.054526567459106445,4.012058675289154,4,1,0.38888888888888884,0.5,0.5,0.3333333333333333,0.2222222222222222,0.4375,0.25,0.5,0.5,0.5,0.3852564102564103,0.3333333333333333,0.5,0.4,0.30769230769230765
bert,8,EV00009,NEG,NEG,1,9,-4.3307883739471436,-1.0,4.3307883739471436,6.059069526590407,0.759374137880639,-0.0656110445445428,1.0624161788593132,4.6011006981134415,-0.397541880607605,1,0.0789233565434226,-0.32196015454527943,0.11041915532655913,0.47820210456848145,-1.9507789611816406,2,0.17346690540147444,-0.0049268935037464975,0.24269202439463694,1.0510480403900146,-0.02985239028930664,3,1.0275543512837455,0.014408910765824614,1.4376185769349088,6.226023256778717,0.08730459213256836,5,1.7575519382939133,0.05003395910503018,2.458934958781148,10.649129390716553,0.303159236907959,2,1,0.5083333333333333,1.0,0.5,0.3333333333333333,0.2,0.5,0.5,0.5,0.5,0.5,0.46309523809523806,0.6666666666666666,0.5,0.4,0.28571428571428575
bert,9,EV00010,POS,POS,1,19,7.34862756729126,1.0,7.34862756729126,6.059069526590407,1.3184555079851514,0.39127038712368084,1.0870890421861052,7.988613590598106,2.370734479278326,2,2.0604324901797395,1.201455795529996,1.6988617125666787,12.484303712844849,7.279704198241234,4,1.2454463296154292,0.1576375729305285,1.026891730024981,7.546245902776718,0.9551370143890381,6,1.3002924797678252,0.19719311834107206,1.072113315793831,7.878562539815903,1.1948068141937256,10,0.667650732377612,0.008795061693126703,0.5504894103589303,4.045342206954956,0.05328989028930664,4,1,0.7041666666666666,1.0,0.75,0.6666666666666666,0.4,0.8125,0.5,0.75,1.0,1.0,0.6970238095238096,0.6666666666666666,0.75,0.8,0.5714285714285715
bert,10,EV00011,POS,POS,1,20,8.010272741317749,1.0,8.010272741317749,6.059069526590407,0.3389067341927708,0.037667204576759976,0.2563532198546168,2.0534594655036926,0.22822821140289307,2,0.08654412478688628,0.051853498139506196,0.06546303985803566,0.5243768692016602,0.31418395042419434,4,0.13401130655669652,0.05005583717218203,0.1013677996530825,0.8119838237762451,0.30329179763793945,6,0.3590352544179613,0.04934790856403649,0.2715786799887354,2.175419569015503,0.29900240898132324,10,0.7760362510095391,-0.0005884255686848105,0.5870033599186136,4.702057600021362,-0.0035653114318847656,7,1,0.7541666666666667,1.0,0.75,0.6666666666666666,0.6,0.5357142857142857,0.2857142857142857,0.42857142857142855,0.5714285714285714,0.8571428571428571,0.5777914895561953,0.4444444444444445,0.5454545454545454,0.6153846153846153,0.7058823529411764
bert,11,EV00012,NEG,NEG,1,17,-6.609627962112427,-1.0,6.609627962112427,6.059069526590407,0.6864686885033099,0.016176243459304736,0.629288199884001,4.159361511468887,0.09801298379898071,2,0.7318938861876229,0.03185025542563712,0.6709296343133857,4.434595942497253,0.19298291206359863,4,0.7745606816225593,-0.004971318571758076,0.7100424319452919,4.693117022514343,-0.030121564865112305,6,0.5260938732705467,0.05969111895144801,0.4822720570143351,3.187639355659485,0.36167263984680176,9,0.7133263129325107,-0.02186508196810811,0.6539086762629915,4.322093725204468,-0.13248205184936523,2,1,0.2847222222222222,0.5,0.25,0.16666666666666666,0.2222222222222222,0.625,0.5,0.5,0.5,1.0,0.3617424242424242,0.5,0.3333333333333333,0.25,0.3636363636363636
bert,12,EV00013,NEG,NEG,1,19,-6.50075364112854,-1.0,6.50075364112854,6.059069526590407,1.8315837269357216,0.4185062499118448,1.7071392104330432,11.097693145275116,2.535758465528488,2,2.077248539218851,0.14324632988440025,1.93611265429184,12.586193323135376,0.8679394721984863,4,1.6418330371441403,0.5743099656753705,1.5302808784954316,9.947980523109436,3.4797840118408203,6,1.562359620347632,0.5235498003323531,1.4562071771378693,9.466445565223694,3.1722246408462524,10,2.044893711032264,0.43291890375525544,1.9059561318070313,12.390153169631958,2.6230857372283936,3,1,0.5083333333333333,1.0,0.5,0.3333333333333333,0.2,0.6666666666666666,0.6666666666666666,0.6666666666666666,0.6666666666666666,0.6666666666666666,0.5308913308913309,0.8,0.5714285714285715,0.4444444444444444,0.30769230769230765
bert,13,EV00014,POS,POS,1,23,8.025201559066772,1.0,8.025201559066772,6.059069526590407,0.32554697708693353,0.11710504000236538,0.24578965500534883,1.9725117683410645,0.7095475792884827,3,0.026989743755137328,0.37720349392398983,0.0203773964225338,0.16353273391723633,2.2855021953582764,5,0.19357469851898104,0.054466786041944625,0.14614990067636055,1.1728825569152832,0.3300180435180664,7,0.3952604149912187,0.009174819293994505,0.29842366194670467,2.3949103355407715,0.05559086799621582,12,0.686363051082397,0.027575060749532577,0.5182076609757963,4.158721446990967,0.16707921028137207,6,1,0.6702380952380953,0.6666666666666666,0.8,0.7142857142857143,0.5,0.7083333333333334,0.3333333333333333,0.6666666666666666,0.8333333333333334,1.0,0.6519036519036518,0.4444444444444444,0.7272727272727272,0.7692307692307692,0.6666666666666666
bert,14,EV00015,NEG,NEG,1,24,-0.6184090077877045,-1.0,0.6184090077877045,6.059069526590407,0.5217287537377192,0.8608804160401783,5.111804067057431,3.1611907929182053,5.216134294867516,3,0.42527193396868973,1.2209795677121664,4.1667375740601456,2.5767522156238556,7.398000091314316,5,1.0133199977852663,1.1438247538452544,9.928326259191305,6.139776319265366,6.930513709783554,8,-0.35020749858986194,0.3542674540081956,-3.431269798301402,-2.1219315826892853,2.1465311348438263,12,0.9985305817867827,0.7244498885950967,9.783422233279675,6.050166219472885,4.389492243528366,2,1,0.28750000000000003,0.3333333333333333,0.4,0.25,0.16666666666666666,0.875,0.5,1.0,1.0,1.0,0.41428571428571426,0.4,0.5714285714285715,0.4,0.2857142857142857
bert,15,EV00016,NEG,NEG,1,20,-6.502208471298218,-1.0,6.502208471298218,6.059069526590407,1.287377989039241,0.0950920941730345,1.1996403341083857,7.800312742590904,0.5761696100234985,2,0.8032874986581556,-0.042080219271208676,0.7485416804388021,4.867174804210663,-0.25496697425842285,4,1.3231080034063365,0.25425151096351145,1.2329352690365711,8.01680338382721,1.540527582168579,6,1.3602762031115385,0.13896999408608815,1.2675703737938242,8.242008090019226,0.8420288562774658,10,1.6628402509809337,0.02922709091374704,1.5495140131643454,10.075264692306519,0.17708897590637207,8,1,0.6541666666666666,0.5,0.75,0.6666666666666666,0.7,0.46875,0.125,0.375,0.5,0.875,0.5123015873015873,0.2,0.5,0.5714285714285715,0.7777777777777777
bert,16,EV00017,POS,POS,1,13,4.11657977104187,1.0,4.11657977104187,6.059069526590407,0.2506655977536165,-0.01449231105958063,0.36894703861941025,1.5188002847135067,-0.08780992031097412,2,-0.031300470615842804,-0.12093971232004952,-0.046070206859658534,-0.1896517276763916,-0.7327821254730225,3,0.06596374967928308,0.13356746904151795,0.09709002878139243,0.39967894554138184,0.809294581413269,4,0.3091218607765161,-0.38252572724909356,0.4549870270515483,1.8729908466339111,-2.3177499771118164,7,0.6588772511745098,0.3119287262893026,0.9697813055043589,3.9921830743551254,1.8899978399276733,1,1,0.09821428571428571,0.0,0.0,0.25,0.14285714285714285,0.5,0.0,0.0,1.0,1.0,0.1625,0.0,0.0,0.4,0.25
bert,17,EV00018,POS,POS,1,22,8.2741379737854,1.0,8.2741379737854,6.059069526590407,0.7572596212148237,0.008237574308431356,0.5545336752448817,4.5882886946201324,0.04991203546524048,3,0.5790333852847965,-0.014090183528540478,0.42402037852797947,3.5084035396575928,-0.0853734016418457,5,0.66346293192299,0.016154552300100676,0.4858472942711268,4.019968032836914,0.09788155555725098,7,0.7679554137712203,0.020430376560871457,0.5623660975605475,4.653095245361328,0.12378907203674316,11,1.0185867538802877,0.010455551901293771,0.7459009306198735,6.171687960624695,0.06335091590881348,4,1,0.6837662337662338,1.0,0.8,0.5714285714285714,0.36363636363636365,0.9375,0.75,1.0,1.0,1.0,0.7516594516594517,0.8571428571428571,0.888888888888889,0.7272727272727273,0.5333333333333333
bert,18,EV00019,POS,POS,1,29,7.561422348022461,1.0,7.561422348022461,6.059069526590407,0.3289418894338791,0.30502798648428875,0.2635855296753274,1.9930817782878876,1.8481857776641846,3,-0.005553802435155244,0.514118720404678,-0.004450336073347017,-0.033650875091552734,3.1150810718536377,6,-0.06100081245339433,0.4812314209866182,-0.04888076580585609,-0.36960816383361816,2.9158146381378174,9,0.36252704902405475,0.09379332003014329,0.29049776665141586,2.1965765953063965,0.5683002471923828,15,1.0197951236000111,0.13096848451571566,0.8171754539290967,6.179009556770325,0.7935471534729004,2,1,0.16944444444444445,0.3333333333333333,0.16666666666666666,0.1111111111111111,0.06666666666666667,0.5,0.5,0.5,0.5,0.5,0.2373663101604278,0.4,0.25,0.1818181818181818,0.11764705882352941
bert,19,EV00020,POS,POS,1,20,7.907926559448242,1.0,7.907926559448242,6.059069526590407,0.38632103085061686,-0.014802765160859951,0.2959999276563031,2.340745985507965,-0.08969098329544067,2,0.12899583836021836,-0.04545235344167483,0.09883686305795078,0.7815947532653809,-0.27539896965026855,4,0.09217170667511655,0.019249078981796515,0.07062214150681909,0.5584747791290283,0.11663150787353516,6,0.6507181314771633,-0.03462542528538258,0.49858150206780927,3.94274640083313,-0.20979785919189453,10,0.6733984468899693,0.0016176391018210886,0.5159592039926332,4.080168008804321,0.009801387786865234,2,1,0.5083333333333333,1.0,0.5,0.3333333333333333,0.2,1.0,1.0,1.0,1.0,1.0,0.625,1.0,0.6666666666666666,0.5,0.33333333333333337
bert,20,EV00021,POS,POS,1,23,5.325510025024414,1.0,5.325510025024414,6.059069526590407,0.11725950466532327,0.13205600840993226,0.13341132674070255,0.7104834914207458,0.800136536359787,3,-0.06714508660739966,0.5233876035827129,-0.07639393594557507,-0.40683674812316895,3.171241879463196,5,0.379894417485584,0.006190391230807436,0.4322226876430443,2.301806688308716,0.03750801086425781,7,0.11244862197359194,0.0746193977178792,0.12793777263922798,0.6813340187072754,0.45212411880493164,12,0.043840065809516784,-0.07597335889167055,0.049878782626113026,0.26563000679016113,-0.4603278636932373,0,0,NA,NA,NA,NA,NA,NA,NA,NA,NA,NA,NA,NA,NA,NA,NA
bert,21,EV00022,NEG,NEG,1,30,-6.5992701053619385,-1.0,6.5992701053619385,6.059069526590407,1.1040420351966977,0.17916784374058212,1.0136676224893901,6.689467451535165,1.085590422153473,3,0.346050149374839,0.05507756186628097,0.31772325780729527,2.0967419147491455,0.33371877670288086,6,1.5128130581468757,0.06470890874138295,1.388977563385472,9.166239500045776,0.392075777053833,9,1.1187862300776126,0.3760395099232365,1.0272048905407776,6.778803553432226,2.278449535369873,15,1.438518703187464,0.2208453944314281,1.3207647782240153,8.716084837913513,1.3381175994873047,7,1,0.7694444444444445,1.0,0.8333333333333334,0.7777777777777778,0.4666666666666667,0.7857142857142857,0.42857142857142855,0.7142857142857143,1.0,1.0,0.7201486013986014,0.6,0.7692307692307692,0.8750000000000001,0.6363636363636364
bert,22,EV00023,POS,POS,1,19,7.567379474639893,1.0,7.567379474639893,6.059069526590407,0.4870141954950767,0.6026032152956563,0.3899437699518582,2.950852870941162,3.6512147784233093,2,0.022988221663639105,0.1207348612092716,0.018406268036799005,0.13928723335266113,0.7315409183502197,4,0.29065208956440014,2.2111866959071382,0.23272005743880436,1.7610812187194824,13.397733926773071,6,1.545707204298181,0.06850986876764201,1.2376207922914086,9.36554741859436,0.41510605812072754,10,0.08870926645408657,0.00998143529857321,0.07102796204042089,0.5374956130981445,0.06047821044921875,4,1,0.6625,1.0,0.75,0.5,0.4,0.75,0.5,0.75,0.75,1.0,0.6470238095238096,0.6666666666666666,0.75,0.6,0.5714285714285715
bert,23,EV00024,NEG,NEG,1,18,-7.077315330505371,-1.0,7.077315330505371,6.059069526590407,1.5789018000569284,0.23959463237453188,1.3517377683075167,9.566675782203674,1.4517205357551575,2,1.7680675958563121,0.2966268873960619,1.5136873909153032,10.712844491004944,1.7972829341888428,4,1.652121552363672,0.2905978665850202,1.4144230503026216,10.010319352149963,1.7607526779174805,6,1.4718334512448592,0.1737989326148329,1.2600738466662982,8.917941212654114,1.0530598163604736,9,1.42358460076287,0.19735484290221253,1.218766785345844,8.625598073005676,1.195786714553833,3,1,0.6458333333333334,1.0,0.75,0.5,0.3333333333333333,0.9166666666666666,0.6666666666666666,1.0,1.0,1.0,0.7059523809523809,0.8,0.8571428571428571,0.6666666666666666,0.5
bert,24,EV00025,POS,POS,1,33,6.956642150878906,1.0,6.956642150878906,6.059069526590407,0.26173970244842953,0.04824430566767976,0.2279690104276452,1.5858990550041199,0.29231560230255127,4,-0.10856613073305478,0.020543977244086187,-0.09455849898831944,-0.6578097343444824,0.12447738647460938,7,0.02762928372891252,0.02960015917753604,0.024064444222961705,0.16740775108337402,0.17934942245483398,10,0.4954727835331396,0.08981560410883728,0.4315449245921553,3.0021040439605713,0.5441989898681641,17,0.6324228732647208,0.05301748214025953,0.5508251718837832,3.8318941593170166,0.32123661041259766,3,1,0.2758403361344538,0.5,0.2857142857142857,0.2,0.11764705882352941,0.6666666666666666,0.6666666666666666,0.6666666666666666,0.6666666666666666,0.6666666666666666,0.3697802197802198,0.5714285714285715,0.4,0.30769230769230765,0.2
bert,25,EV00026,POS,POS,1,14,7.593343257904053,1.0,7.593343257904053,6.059069526590407,0.6020685060874403,0.5339326278267508,0.4804174306145774,3.6479749381542206,3.2351349145174026,2,0.2021019506347058,1.0211343977440104,0.16126619955108293,1.2245497703552246,6.187124311923981,3,0.8461280692982347,0.5495230993183663,0.6751634887278003,5.12674880027771,3.3295986652374268,5,0.6912470344562351,0.4368306706827728,0.5515769731446154,4.188313841819763,2.646787405014038,7,0.6687969699605857,0.12824234356185368,0.5336630610348113,4.052287340164185,0.777029275894165,2,1,0.588095238095238,1.0,0.6666666666666666,0.4,0.2857142857142857,1.0,1.0,1.0,1.0,1.0,0.703968253968254,1.0,0.8,0.5714285714285715,0.4444444444444445
bert,26,EV00027,POS,POS,1,19,1.855674386024475,1.0,1.855674386024475,6.059069526590407,0.38188926326368283,0.6593650145167341,1.2469279999074814,2.313893597573042,3.995138466358185,2,0.4571442076424395,-0.6978927727969009,1.4926471292577086,2.7698685377836227,-4.228580832481384,4,-0.4462434926551269,1.0358617307920464,-1.457054594865596,-2.7038203477859497,6.276358246803284,6,0.7002858437878009,1.218925080468688,2.286542489032805,4.2430806159973145,7.385551810264587,10,0.8163704942796178,1.0805660196031028,2.6655769762050077,4.94644558429718,6.547224640846252,6,1,0.7291666666666666,1.0,0.75,0.6666666666666666,0.5,0.5833333333333334,0.3333333333333333,0.5,0.6666666666666666,0.8333333333333334,0.5979166666666667,0.5,0.6,0.6666666666666666,0.625
bert,27,EV00028,NEG,NEG,1,15,-6.749866247177124,-1.0,6.749866247177124,6.059069526590407,0.7155896402958631,0.06096018456790101,0.6423544677673094,4.335807383060455,0.3693619966506958,2,0.21864428774016884,0.08011728516486398,0.19626770312609643,1.3247809410095215,0.48543620109558105,3,0.37223071943769104,0.02347044416893751,0.3341357283654669,2.2553718090057373,0.14220905303955078,5,0.8397539180429684,0.05889618961223639,0.7538114733703783,5.088127374649048,0.356856107711792,8,1.4317296359626244,0.08135681932556615,1.285202966207296,8.674949407577515,0.4929466247558594,1,1,0.2895833333333333,0.5,0.3333333333333333,0.2,0.125,1.0,1.0,1.0,1.0,1.0,0.4305555555555556,0.6666666666666666,0.5,0.33333333333333337,0.2222222222222222
bert,28,EV00029,POS,NEG,0,17,-0.5811286941170692,-1.0,0.5811286941170692,6.059069526590407,0.6471526078339545,-0.5022243904703377,6.747448435134183,3.9211426451802254,-3.043012499809265,2,0.869740343398791,-0.7536636684658515,9.06822911319393,5.2698172107338905,-4.5665005668997765,4,0.6306524774942804,-0.6813010563331522,6.575412075715681,3.8211672082543373,-4.128050468862057,6,0.4628026674614393,-0.5284846066824418,4.825348915444441,2.8041535392403603,-3.2021249756217003,9,0.6254149429813068,-0.04544823039990548,6.520803636182679,3.7894326224923134,-0.27537398785352707,1,1,0.2569444444444444,0.5,0.25,0.16666666666666666,0.1111111111111111,1.0,1.0,1.0,1.0,1.0,0.3880952380952381,0.6666666666666666,0.4,0.2857142857142857,0.19999999999999998
bert,29,EV00030,POS,POS,1,19,7.295562505722046,1.0,7.295562505722046,6.059069526590407,0.7350074073895129,0.741488182673743,0.6104341330781489,4.453460983932018,4.492728451965377,2,0.45360284554045516,1.3214649792540274,0.3767236316198519,2.748411178588867,8.006848186254501,4,0.6215931513264721,1.1760666077054418,0.5162419761250198,3.7662761211395264,7.125869343988597,6,1.0442210559539422,0.31564160348585046,0.8672404776124828,6.327007979154587,1.912494421005249,10,0.8206125767371822,0.15277954024965204,0.6815304469552412,4.972148656845093,0.9257018566131592,3,1,0.11666666666666667,0.0,0.0,0.16666666666666666,0.3,0.3333333333333333,0.0,0.0,0.3333333333333333,1.0,0.17094017094017094,0.0,0.0,0.2222222222222222,0.4615384615384615
bert,30,EV00031,POS,POS,1,18,7.666252613067627,1.0,7.666252613067627,6.059069526590407,0.4511443075815265,-0.06658466771910214,0.3565646095378978,2.733514726161957,-0.4034411311149597,2,0.4092977921058783,-0.07719746822804982,0.3234909650291511,2.479963779449463,-0.4677448272705078,4,0.3997212977948225,-0.09713090574204951,0.3159221253089548,2.4219391345977783,-0.5885229110717773,6,0.5043084927862804,-0.0770807196215039,0.398583242202365,3.05564022064209,-0.4670374393463135,9,0.4912496476391248,-0.014929577284805316,0.38826210561112035,2.976515769958496,-0.09045934677124023,3,1,0.5416666666666666,1.0,0.5,0.3333333333333333,0.3333333333333333,0.75,0.6666666666666666,0.6666666666666666,0.6666666666666666,1.0,0.5789682539682539,0.8,0.5714285714285715,0.4444444444444444,0.5
bert,31,EV00032,NEG,NEG,1,15,-5.5832154750823975,-1.0,5.5832154750823975,6.059069526590407,1.306928813687539,0.7165499679902836,1.4183173057641927,7.9187725484371185,4.341626075329259,2,1.4570452944157082,-0.17831344816219202,1.5812280934577008,8.828338742256165,-1.080413579940796,3,1.4737430405611285,0.5414630777230751,1.5993489750828336,8.929511547088623,3.2807624340057373,5,1.1472923537093693,1.6267236544135608,1.245075158642856,6.951524138450623,9.856431722640991,8,1.1496345660639498,0.8763265879866905,1.2476169958733803,6.965715765953064,5.3097237246111035,4,1,0.4854166666666666,0.5,0.6666666666666666,0.4,0.375,0.5,0.25,0.5,0.5,0.75,0.4623015873015873,0.3333333333333333,0.5714285714285715,0.4444444444444445,0.5
bert,32,EV00033,POS,POS,1,22,7.6356401443481445,1.0,7.6356401443481445,6.059069526590407,0.43299494085959456,0.089258382330173,0.3435921622995756,2.623546451330185,0.5408227443695068,3,0.009096436003047593,0.17043014311290616,0.00721824626703967,0.05511593818664551,1.0326480865478516,5,0.10055997797576877,0.12733503335971816,0.07979682211736511,0.609299898147583,0.7715318202972412,7,0.27862745527866906,0.06037311654115278,0.22109775611967145,1.688223123550415,0.36580491065979004,11,1.343695894180893,-0.0011047636930851103,1.0662558246942262,8.141546845436096,-0.006693840026855469,2,1,0.13116883116883116,0.0,0.2,0.14285714285714285,0.18181818181818182,0.5,0.0,0.5,0.5,1.0,0.20390720390720393,0.0,0.28571428571428575,0.22222222222222224,0.3076923076923077
bert,33,EV00034,NEG,NEG,1,9,-5.762397766113281,-1.0,5.762397766113281,6.059069526590407,1.3157850988004849,0.2486650389865346,1.383526846938631,7.972433395683765,1.5066787600517273,1,0.7910517321708748,0.5589509722991477,0.8317781602584216,4.793037444353104,3.3867228031158447,2,1.414404036508796,0.12018688645539272,1.4872230721507893,8.569972395896912,0.7282207012176514,3,1.4266424541377574,0.20486563057429236,1.500091571246235,8.644125819206238,1.2412950992584229,5,1.6310421723845112,0.11065666661730558,1.7150145840990778,9.882597923278809,0.6704764366149902,1,1,0.2583333333333333,0.0,0.5,0.3333333333333333,0.2,0.75,0.0,1.0,1.0,1.0,0.375,0.0,0.6666666666666666,0.5,0.33333333333333337
bert,34,EV00035,POS,POS,1,18,6.580970525741577,1.0,6.580970525741577,6.059069526590407,0.5423769333923559,0.07642418578037041,0.49936389121101105,3.2862995490431786,0.4630594551563263,2,0.49689096234288743,-0.2373495629665003,0.4574851716336381,3.0106968879699707,-1.438117504119873,4,1.212100200697326,-0.06922972013540447,1.1159749530129903,7.344199389219284,-0.4194676876068115,6,0.0067807842515742464,0.48082708990924616,0.006243036163337291,0.041085243225097656,2.9133647680282593,9,0.45373578627763594,0.13144893631414029,0.41775240403407854,2.749216675758362,0.7964582443237305,1,1,0.2569444444444444,0.5,0.25,0.16666666666666666,0.1111111111111111,1.0,1.0,1.0,1.0,1.0,0.3880952380952381,0.6666666666666666,0.4,0.2857142857142857,0.19999999999999998
bert,35,EV00036,NEG,NEG,1,18,-6.675324440002441,-1.0,6.675324440002441,6.059069526590407,1.1457072880823738,-0.036640125729132667,1.0399373300981574,6.941920115612447,-0.22200506925582886,2,0.4814342652962725,-0.049151832289544284,0.4369889846017783,2.917043685913086,-0.29781436920166016,4,1.1845532769718812,-0.044974892170414865,1.075197116250336,7.177290663123131,-0.2725059986114502,6,1.851746579199743,-0.07903786225459504,1.6807961454225502,11.219861268997192,-0.478895902633667,9,1.0650950308615985,0.026604083798023526,0.9667670741179654,6.45348484441638,0.16119599342346191,3,1,0.38888888888888884,0.5,0.5,0.3333333333333333,0.2222222222222222,0.5833333333333333,0.3333333333333333,0.6666666666666666,0.6666666666666666,0.6666666666666666,0.4373015873015873,0.4,0.5714285714285715,0.4444444444444444,0.3333333333333333
bert,36,EV00037,POS,POS,1,26,7.334028720855713,1.0,7.334028720855713,6.059069526590407,0.5763425453399158,0.34901783442080825,0.47615017749603367,3.492099553346634,2.114723324775696,3,0.3288295134895854,0.918077398446589,0.27166523186598546,1.992400884628296,5.562694787979126,6,0.5873731588916274,0.20385719333514202,0.48526321043626186,3.558934807777405,1.235184907913208,8,0.4938098143353492,0.2697117887729157,0.4079650767520315,2.992027997970581,1.634202480316162,13,0.8953576946431013,0.004424957128586444,0.7397071909298558,5.425034523010254,0.02681112289428711,4,1,0.5264423076923077,1.0,0.5,0.375,0.23076923076923078,0.75,0.75,0.75,0.75,0.75,0.5775210084033613,0.8571428571428571,0.6,0.5,0.3529411764705882
bert,37,EV00038,NEG,NEG,1,16,-4.730910539627075,-1.0,4.730910539627075,6.059069526590407,1.575317682761887,0.4329830795828552,2.0175729954726584,9.544959366321564,2.623474583029747,2,1.7222666689292692,0.3876525729079338,2.205776498453466,10.435333490371704,2.3488138914108276,4,1.5323282546972838,0.4887564530117717,1.962514698277712,9.284483432769775,2.961409330368042,5,1.5173507109307192,0.5756291521336125,1.943332352918044,9.19373345375061,3.487777054309845,8,1.529325096490276,0.27989414027810283,1.9586684322414114,9.266287088394165,1.6958980560302734,4,1,0.4125,0.5,0.5,0.4,0.25,0.4375,0.25,0.5,0.5,0.5,0.40277777777777773,0.3333333333333333,0.5,0.4444444444444445,0.3333333333333333
bert,38,EV00039,POS,POS,1,8,7.085915803909302,1.0,7.085915803909302,6.059069526590407,0.695403134339186,0.6508503688502247,0.5946296092053225,4.2134959399700165,3.943547636270523,1,0.5561718478607175,-0.03958391606956601,0.47557486041343067,3.369883894920349,-0.23984169960021973,2,0.5521827797408982,1.0156385564471908,0.4721638633959445,3.3457138538360596,6.153824627399445,3,0.7338489039724655,0.7799691090233755,0.6275040554707377,4.4464415311813354,4.725887060165405,4,0.9394090057826625,0.8473777259998988,0.8032756575411772,5.691944479942322,5.134320557117462,1,1,0.5208333333333333,1.0,0.5,0.3333333333333333,0.25,1.0,1.0,1.0,1.0,1.0,0.6416666666666666,1.0,0.6666666666666666,0.5,0.4
bert,39,EV00040,POS,POS,1,1,5.832322835922241,1.0,5.832322835922241,6.059069526590407,1.4870825427477814,5.115375413202177e-07,1.5448964721045693,9.010336518287659,3.0994415283203125e-06,1,1.4870825427477814,5.115375413202177e-07,1.5448964721045693,9.010336518287659,3.0994415283203125e-06,1,1.4870825427477814,5.115375413202177e-07,1.5448964721045693,9.010336518287659,3.0994415283203125e-06,1,1.4870825427477814,5.115375413202177e-07,1.5448964721045693,9.010336518287659,3.0994415283203125e-06,1,1.4870825427477814,5.115375413202177e-07,1.5448964721045693,9.010336518287659,3.0994415283203125e-06,1,1,1.0,1.0,1.0,1.0,1.0,1.0,1.0,1.0,1.0,1.0,1.0,1.0,1.0,1.0,1.0
bert,40,EV00041,NEG,NEG,1,22,-6.404208660125732,-1.0,6.404208660125732,6.059069526590407,2.029326079200005,0.24716780795213197,1.9199602228129644,12.295827805995941,1.4976069331169128,3,2.221984623819742,0.5240735951001442,2.1022358787788855,13.463159322738647,3.175398349761963,5,2.021792203477743,0.11344816632933165,1.912832367975529,12.250179529190063,0.6873903274536133,7,2.0667686696098233,0.21637333649999854,1.9553849310265745,12.522695064544678,1.311021089553833,11,1.8067588198927118,0.13477613387905354,1.7093877134708688,10.947277307510376,0.8166179656982422,2,1,0.3002164502164502,0.3333333333333333,0.4,0.2857142857142857,0.18181818181818182,0.875,0.5,1.0,1.0,1.0,0.4308913308913309,0.4,0.5714285714285715,0.4444444444444445,0.3076923076923077
bert,41,EV00042,POS,POS,1,18,6.932757616043091,1.0,6.932757616043091,6.059069526590407,0.24231689744779233,-0.07014178173431801,0.21177932341481737,1.4682149291038513,-0.42499393224716187,2,0.0651180207273142,-0.1413534048872656,0.05691163314235598,0.39455461502075195,-0.8564701080322266,4,0.06099302134314961,-0.05930172083537841,0.053306479775562264,0.36956095695495605,-0.3593132495880127,6,0.35794146910749375,-0.13542629809407153,0.31283250548395214,2.168792247772217,-0.8205573558807373,9,0.48521507861321184,0.05551429687944351,0.424066675257399,2.9399518966674805,0.3363649845123291,6,1,0.6736111111111112,1.0,0.75,0.5,0.4444444444444444,0.5,0.3333333333333333,0.5,0.5,0.6666666666666666,0.5333333333333333,0.5,0.6,0.5,0.5333333333333333
bert,42,EV00043,POS,POS,1,27,8.003721714019775,1.0,8.003721714019775,6.059069526590407,0.6773893582664577,0.031569578711618876,0.5128050239820922,4.104349218308926,0.1912822723388672,3,0.07295898620779542,0.1537187625245576,0.05523224452144493,0.442063570022583,0.9313926696777344,6,1.1973526914281891,0.04644028983013073,0.906433601517148,7.254843205213547,0.2813849449157715,9,0.7420688794220234,-0.03939641788615133,0.5617694533646439,4.496246933937073,-0.23870563507080078,14,0.6971768760078232,-0.03448431962206148,0.5277847965251315,4.2242431640625,-0.20894289016723633,8,1,0.625,0.6666666666666666,0.6666666666666666,0.6666666666666666,0.5,0.59375,0.25,0.5,0.75,0.875,0.569327731092437,0.36363636363636365,0.5714285714285715,0.7058823529411765,0.6363636363636364
bert,43,EV00044,NEG,NEG,1,39,-4.971971750259399,-1.0,4.971971750259399,6.059069526590407,0.07299226565976247,-0.11095023014246093,0.08895165656585388,0.44226521253585815,-0.6722551584243774,4,0.01484639341077832,-0.1815546287220802,0.01809248248400524,0.08995532989501953,-1.1000521183013916,8,0.06421173360026133,-0.17819150548214963,0.07825130543738125,0.38906335830688477,-1.0796747207641602,12,0.05116638517438822,-0.13478538090383893,0.06235365734451146,0.31002068519592285,-0.816673994064331,20,0.16174455045362196,0.05073059453822504,0.19710918099751762,0.9800214767456055,0.30738019943237305,4,1,0.07916666666666666,0.0,0.0,0.16666666666666666,0.15,0.3125,0.0,0.0,0.5,0.75,0.125,0.0,0.0,0.25,0.24999999999999997
bert,44,EV00045,POS,POS,1,19,8.079129934310913,1.0,8.079129934310913,6.059069526590407,1.0235278892777928,0.025297272613377338,0.7676106123247805,6.201626643538475,0.1532779335975647,2,0.29968934460882113,-0.011517818629407662,0.2247566712468482,1.8158385753631592,-0.06978726387023926,4,0.4868511724155621,0.01404957531756798,0.36512158631323693,2.9498651027679443,0.08512735366821289,6,1.5177216445089994,0.046921174468013374,1.138238882481424,9.195980966091156,0.2842986583709717,10,1.7898493955777892,0.05173615929733567,1.3423253092576126,10.84482192993164,0.3134729862213135,3,1,0.45,0.5,0.5,0.5,0.3,0.75,0.3333333333333333,0.6666666666666666,1.0,1.0,0.5249084249084249,0.4,0.5714285714285715,0.6666666666666666,0.4615384615384615
bert,45,EV00046,POS,POS,1,16,7.495465993881226,1.0,7.495465993881226,6.059069526590407,0.5315122264671166,0.3430588266217621,0.4296556221281597,3.2204695343971252,2.0786172822117805,2,0.13952005433917394,1.3368942401813588,0.11278306078658216,0.8453617095947266,8.100335150957108,4,0.2535085617083063,0.006868178473056724,0.20492732503931596,1.5360260009765625,0.04161477088928223,5,0.4642402687122091,-0.035035914487771234,0.3752753587557004,2.812864065170288,-0.21228504180908203,8,1.268780021108777,0.06350880232040408,1.0256367439310403,7.687626361846924,0.38480424880981445,2,1,0.3,0.5,0.25,0.2,0.25,0.625,0.5,0.5,0.5,1.0,0.37976190476190474,0.5,0.3333333333333333,0.28571428571428575,0.4
bert,46,EV00047,NEG,NEG,1,12,-4.606866359710693,-1.0,4.606866359710693,6.059069526590407,0.8625591199359944,0.33986733406420483,1.134459768517197,5.226305678486824,2.0592798069119453,2,1.0337011536136762,0.18941343899294516,1.3595501390461786,6.263267159461975,1.1476691961288452,3,0.6417135410559337,0.28627716474225895,0.8439980268189453,3.88818696141243,1.734573245048523,4,0.8760297405073374,0.7652341570171519,1.1521766724858,5.30792510509491,4.636606961488724,6,0.8987920445670305,0.11854457550446335,1.1821142357178642,5.445843487977982,0.7182698249816895,0,0,NA,NA,NA,NA,NA,NA,NA,NA,NA,NA,NA,NA,NA,NA,NA
bert,47,EV00048,NEG,NEG,1,6,-6.386375904083252,-1.0,6.386375904083252,6.059069526590407,1.3724950741040651,0.15719659805812924,1.3021535064086747,8.316043078899384,0.9524651169776917,1,0.11527093198522215,-0.1013546318716889,0.10936319634482855,0.698434591293335,-0.6141147613525391,2,1.8803625794968206,-0.06926214374571585,1.7839923599068552,11.393247604370117,-0.4196641445159912,2,1.8803625794968206,-0.06926214374571585,1.7839923599068552,11.393247604370117,-0.4196641445159912,3,1.6139842054373974,0.8686653115956375,1.53126610947616,9.779242515563965,5.263303518295288,3,1,1.0,1.0,1.0,1.0,1.0,0.6666666666666666,0.3333333333333333,0.6666666666666666,0.6666666666666666,1.0,0.775,0.5,0.8,0.8,1.0
bert,48,EV00049,NEG,NEG,1,29,-4.816667556762695,-1.0,4.816667556762695,6.059069526590407,0.40493358989758405,-0.12054356584333865,0.5093812758605776,2.4535207748413086,-0.7303818464279175,3,0.2652459479900653,0.059936420877031875,0.333662908622128,1.6071436405181885,0.3631589412689209,6,0.5395828427918694,-0.19712075545349608,0.6787616630255738,3.269369959831238,-1.1943683624267578,9,0.4267082084189618,-0.172125417873883,0.536772391936184,2.5854547023773193,-1.0429198741912842,15,0.3881973603894398,-0.17286451092300742,0.4883281398584244,2.3521147966384888,-1.0473980903625488,1,1,0.016666666666666666,0.0,0.0,0.0,0.06666666666666667,0.25,0.0,0.0,0.0,1.0,0.03125,0.0,0.0,0.0,0.125
bert,49,EV00050,NEG,NEG,1,5,-7.306440114974976,-1.0,7.306440114974976,6.059069526590407,0.5084053330125214,0.06950012674955466,0.42160926392722553,3.080463260412216,0.42110610008239746,1,0.04753010088739263,0.11424514181870855,0.03941565823233966,0.28798818588256836,0.6922192573547363,1,0.04753010088739263,0.11424514181870855,0.03941565823233966,0.28798818588256836,0.6922192573547363,2,0.15151010081730346,0.02800447684095008,0.12564396542541736,0.9180102348327637,0.16968107223510742,3,1.7870510294579969,0.021505746519851474,1.4819617738188053,10.827866435050964,0.13030481338500977,1,1,0.20833333333333331,0.0,0.0,0.5,0.3333333333333333,0.5,0.0,0.0,1.0,1.0,0.29166666666666663,0.0,0.0,0.6666666666666666,0.5
bert,50,EV00051,POS,POS,1,24,7.831642150878906,1.0,7.831642150878906,6.059069526590407,0.8347308760397909,-0.04194588164304965,0.6458022047837064,5.057692413916811,-0.2541530132293701,3,0.08362155341715732,-0.07053213406464738,0.06469508330690334,0.5066688060760498,-0.42735910415649414,5,0.5855241670994838,-0.08086267406065083,0.45299965404534137,3.547731637954712,-0.48995256423950195,8,1.244962330101262,0.010804223759265959,0.9631839922664243,7.543313316069543,0.06546354293823242,12,1.4248154535412603,-0.027192942206166377,1.1023300895161567,8.63305589556694,-0.1647639274597168,4,1,0.6583333333333333,1.0,0.8,0.5,0.3333333333333333,0.9375,0.75,1.0,1.0,1.0,0.7281746031746031,0.8571428571428571,0.888888888888889,0.6666666666666666,0.5
bert,51,EV00052,NEG,NEG,1,26,-1.6886460185050964,-1.0,1.6886460185050964,6.059069526590407,0.48101893677659086,-0.4723958051874512,1.7259540623925622,2.9145271815359592,-2.862279027700424,3,0.36936247187926124,-0.3236357449481759,1.325317175883779,2.237992897629738,-1.9609314799308777,6,0.18263186776053814,-0.4389741015162482,0.6553052073083833,1.1065791845321655,-2.659774601459503,8,0.7960272463341977,-0.6176738785692619,2.8562419367364407,4.823184430599213,-3.742528975009918,13,0.5760541611323664,-0.509299495716119,2.066951929641646,3.490352213382721,-3.0858810544013977,1,1,0.17548076923076922,0.3333333333333333,0.16666666666666666,0.125,0.07692307692307693,1.0,1.0,1.0,1.0,1.0,0.2876984126984127,0.5,0.2857142857142857,0.2222222222222222,0.14285714285714288
bert,52,EV00053,POS,POS,1,10,5.800870418548584,1.0,5.800870418548584,6.059069526590407,0.15236195838250777,-0.25902990118410857,0.15914362385196124,0.9231716990470886,-1.5694801807403564,1,0.4879476728099028,-0.2270314572676551,0.5096663348612761,2.9565088748931885,-1.3755993843078613,2,0.04754119731713512,-0.26871535299146554,0.04965726683766908,0.288055419921875,-1.6281650066375732,3,0.04493330023340137,-0.3125365312609951,0.04693329166076561,0.27225399017333984,-1.8936805725097656,5,0.029025663169591796,-0.2278362632163184,0.03031760204813411,0.17586851119995117,-1.3804757595062256,2,1,0.6416666666666666,1.0,0.5,0.6666666666666666,0.4,0.75,0.5,0.5,1.0,1.0,0.6345238095238095,0.6666666666666666,0.5,0.8,0.5714285714285715
bert,53,EV00054,POS,POS,1,21,8.081271648406982,1.0,8.081271648406982,6.059069526590407,0.2906320805767262,0.04752186710042946,0.21790627039654922,1.7609599828720093,0.28793829679489136,3,0.10882910037833501,0.03913573048528622,0.08159644085744376,0.6594030857086182,0.23712611198425293,5,0.30729433388658717,0.0600437257135842,0.23039907390244382,1.8619177341461182,0.36380910873413086,7,0.24219870276396613,0.027777157427395706,0.1815925341395523,1.467498779296875,0.1683037281036377,11,0.5042061852780164,0.06313085477545172,0.37803703268675704,3.055020332336426,0.38251423835754395,3,1,0.3002164502164502,0.3333333333333333,0.4,0.2857142857142857,0.18181818181818182,0.5833333333333333,0.3333333333333333,0.6666666666666666,0.6666666666666666,0.6666666666666666,0.3797619047619048,0.3333333333333333,0.5,0.4,0.28571428571428575
bert,54,EV00055,POS,POS,1,27,6.5420801639556885,1.0,6.5420801639556885,6.059069526590407,0.28814659344290433,0.2901756390716473,0.2668722994664091,1.7459002435207367,1.7581943720579147,3,0.11948316819470266,1.4079324275146479,0.11066154717518918,0.723956823348999,8.53076046705246,6,0.1921210268736739,-0.09779275662243458,0.17793644410300666,1.1640746593475342,-0.5925331115722656,9,0.49603891786973536,-0.019506382365080583,0.45941562263499797,3.005534291267395,-0.11819052696228027,14,0.34494326083350535,-0.12993073224054352,0.3194755839524425,2.0900352001190186,-0.7872593402862549,2,1,0.17063492063492064,0.3333333333333333,0.16666666666666666,0.1111111111111111,0.07142857142857142,0.5,0.5,0.5,0.5,0.5,0.23920454545454545,0.4,0.25,0.1818181818181818,0.125
bert,55,EV00056,POS,POS,1,28,7.5353944301605225,1.0,7.5353944301605225,6.059069526590407,0.20238592283096138,0.6690259223593681,0.16273470835091042,1.2262703776359558,4.053674578666687,3,-0.009481977913036477,2.1072635159933557,-0.0076242798347025496,-0.05745196342468262,12.768056154251099,6,0.0746986466877422,0.31492604116362677,0.06006377475715307,0.4526042938232422,1.908158779144287,9,0.19396205048488538,0.24018497620899665,0.15596123127183037,1.175229549407959,1.4552974700927734,14,0.5503649720642545,0.013729156071493324,0.44253810720936076,3.3346996307373047,0.08318591117858887,3,1,0.2579365079365079,0.3333333333333333,0.3333333333333333,0.2222222222222222,0.14285714285714285,0.5833333333333333,0.3333333333333333,0.6666666666666666,0.6666666666666666,0.6666666666666666,0.33660130718954245,0.3333333333333333,0.4444444444444444,0.3333333333333333,0.23529411764705882
bert,56,EV00057,POS,POS,1,22,8.00483775138855,1.0,8.00483775138855,6.059069526590407,0.29795360427714773,0.35471955482211853,0.22552879078298552,1.805321604013443,2.1492704451084137,3,-0.011721095778519989,0.7980130645813841,-0.00887200060557856,-0.07101893424987793,4.835216641426086,5,0.19153039775865724,0.3821883092170304,0.14497431272727584,1.1604959964752197,2.3157055377960205,7,0.2819996681472185,0.1638182842970925,0.2134528438168763,1.708655595779419,0.9925863742828369,11,0.7300054469812353,0.07485856119296723,0.5525600071933685,4.423153758049011,0.45357322692871094,5,1,0.491991341991342,0.6666666666666666,0.6,0.42857142857142855,0.2727272727272727,0.55,0.4,0.6,0.6,0.6,0.49375,0.5,0.6,0.5,0.37499999999999994
bert,57,EV00058,NEG,NEG,1,12,-5.621797323226929,-1.0,5.621797323226929,6.059069526590407,0.23002378465095144,0.10971758206404576,0.2479153508960401,1.393730103969574,0.6647864580154419,2,0.19368393145857374,0.08063271826130657,0.20874893395628807,1.1735444068908691,0.4885592460632324,3,0.11981629718122705,0.24507157629410375,0.1291357735193462,0.7259752750396729,1.48490571975708,4,0.2176856270386931,0.12113736255620733,0.2346175144201502,1.3189723491668701,0.7339797019958496,6,0.38890928292531185,-0.007971328855434593,0.419159181688376,2.356428384780884,-0.04829883575439453,1,1,0.3125,0.5,0.3333333333333333,0.25,0.16666666666666666,1.0,1.0,1.0,1.0,1.0,0.463095238095238,0.6666666666666666,0.5,0.4,0.2857142857142857
bert,58,EV00059,POS,POS,1,8,6.5695106983184814,1.0,6.5695106983184814,6.059069526590407,1.6349389915948354,0.5278653671251803,1.5079064436923506,9.906209021806717,3.198372960090637,1,1.5172371692710669,1.8899472584085375,1.3993498937361883,9.193045496940613,11.451321840286255,2,1.6733948444200353,0.09312293040772232,1.543374328776086,10.13921570777893,0.5642383098602295,3,1.8509838767256346,0.08939114599666641,1.7071649335138708,11.215240001678467,0.5416271686553955,4,1.4981400759626051,0.03900013368779472,1.381736618743258,9.077334880828857,0.23630452156066895,2,1,0.7916666666666666,1.0,1.0,0.6666666666666666,0.5,0.875,0.5,1.0,1.0,1.0,0.7833333333333333,0.6666666666666666,1.0,0.8,0.6666666666666666
bert,59,EV00060,NEG,NEG,1,28,-5.9811155796051025,-1.0,5.9811155796051025,6.059069526590407,0.4273943413470114,0.06432084849272911,0.43296464715687444,2.589612029492855,0.3897244930267334,3,0.18796746008527865,0.04921420052054371,0.19041727313539603,1.1389079093933105,0.29819226264953613,6,0.1294589372312797,0.06720163118023637,0.13114619838669261,0.7844007015228271,0.4071793556213379,9,0.284131992713691,0.16093486522379535,0.28783513507349123,1.7215754985809326,0.9751155376434326,14,1.1080189753577963,-0.020067302953659022,1.1224599820319179,6.71356400847435,-0.12158918380737305,4,1,0.27579365079365076,0.3333333333333333,0.3333333333333333,0.2222222222222222,0.21428571428571427,0.5,0.25,0.5,0.5,0.75,0.3316849816849817,0.28571428571428575,0.4,0.30769230769230765,0.3333333333333333
bert,60,EV00061,NEG,NEG,1,16,-6.836328744888306,-1.0,6.836328744888306,6.059069526590407,0.37707335188739566,0.019766135226206745,0.3342017926239672,2.2847136557102203,0.11976438760757446,2,0.07897994046530094,0.025006040518939166,0.07000027329621564,0.4785449504852295,0.15151333808898926,4,0.39172679235386193,-0.02121102219796775,0.3471892022287278,2.373499870300293,-0.12851905822753906,5,0.47772516560772205,0.01850947439513076,0.4234099437908837,2.894569993019104,0.11215019226074219,8,0.5598615091226977,0.0567600481887248,0.4962077511800418,3.392239809036255,0.34391307830810547,2,1,0.4125,0.5,0.5,0.4,0.25,0.875,0.5,1.0,1.0,1.0,0.5345238095238095,0.5,0.6666666666666666,0.5714285714285715,0.4
bert,61,EV00062,POS,POS,1,25,8.178073167800903,1.0,8.178073167800903,6.059069526590407,0.6897373002638514,0.2457441006020337,0.5110208310210549,4.179166257381439,1.4889805912971497,3,0.31251217420421995,0.25757910201884116,0.23153776213776694,1.8935329914093018,1.5606896877288818,5,0.9257445001865837,0.6108212331303926,0.6858766716220068,5.609150290489197,3.7010083198547363,8,0.5825108174906913,0.07472536468701577,0.43157759036516485,3.5294735431671143,0.45276618003845215,13,0.9381817091739104,0.039850702571885326,0.695091299959281,5.684508204460144,0.24145817756652832,3,1,0.4181089743589744,0.6666666666666666,0.4,0.375,0.23076923076923078,0.8333333333333333,0.6666666666666666,0.6666666666666666,1.0,1.0,0.521780303030303,0.6666666666666666,0.5,0.5454545454545454,0.375
bert,62,EV00063,NEG,NEG,1,34,-6.5359416007995605,-1.0,6.5359416007995605,6.059069526590407,0.4825519699054269,0.11867130893032543,0.44734418804297094,2.9238159358501434,0.7190377116203308,4,0.08765061983780355,0.16749560963451862,0.08125548709393919,0.5310811996459961,1.0148675441741943,7,0.5128229367889514,0.15528328042016468,0.475406535616518,3.1072298288345337,0.9408721923828125,11,0.652229351095869,0.06528757574774104,0.604641629669356,3.951902985572815,0.3955819606781006,17,0.6775049718990839,0.08661876991887739,0.6280730997920707,4.105049729347229,0.5248291492462158,2,1,0.2712948815889992,0.5,0.2857142857142857,0.18181818181818182,0.11764705882352941,1.0,1.0,1.0,1.0,1.0,0.40733243364822314,0.6666666666666666,0.4444444444444445,0.3076923076923077,0.21052631578947367
bert,63,EV00064,NEG,NEG,1,18,-5.616367340087891,-1.0,5.616367340087891,6.059069526590407,1.235371108335422,0.502857603241183,1.3327472457812901,7.485199436545372,3.0468491800129414,2,0.6531166621475909,0.5222852401811678,0.7045975308779308,3.9572792649269104,3.1645625829696655,4,1.4442012360123444,0.8400335052803962,1.5580380718494078,8.750515699386597,5.08982141315937,6,1.4493316230849322,0.457610643804095,1.5635728534179978,8.781601071357727,2.772694706916809,9,1.3948349120968204,0.191501023699073,1.5047805269798238,8.451401710510254,1.1603180170059204,2,1,0.32638888888888884,0.5,0.25,0.3333333333333333,0.2222222222222222,0.75,0.5,0.5,1.0,1.0,0.4242424242424242,0.5,0.3333333333333333,0.5,0.3636363636363636
bert,64,EV00065,NEG,NEG,1,11,-6.649214267730713,-1.0,6.649214267730713,6.059069526590407,0.29982874197038917,-0.01444603658661197,0.2732176836694193,1.816683193668723,-0.08752954006195068,2,-0.009649565481381307,0.01930955845879722,-0.008793126075617386,-0.05846738815307617,0.11699795722961426,3,0.06276959122415472,-0.03458222003766184,0.05719852675376118,0.3803253173828125,-0.20953607559204102,4,0.09643981852372589,-0.031046433203014857,0.08788038017100361,0.5843355655670166,-0.18811249732971191,6,1.0497551236150573,-0.011465051564568401,0.9565849538285298,6.3605392798781395,-0.06946754455566406,3,1,0.625,1.0,0.6666666666666666,0.5,0.3333333333333333,0.6666666666666666,0.6666666666666666,0.6666666666666666,0.6666666666666666,0.6666666666666666,0.6206349206349207,0.8,0.6666666666666666,0.5714285714285715,0.4444444444444444
bert,65,EV00066,NEG,NEG,1,11,-7.20686936378479,-1.0,7.20686936378479,6.059069526590407,1.6309107539633787,0.06786524293023484,1.3711640630564257,9.881801649928093,0.41120022535324097,2,0.8652448371275167,0.030713500961698673,0.7274417827776496,5.242578625679016,0.1860952377319336,3,1.5044600140757518,0.07561906012074383,1.2648524761964721,9.115627825260162,0.45818114280700684,4,2.142949515998062,0.10239057409094562,1.8016530690842951,12.984280109405518,0.6203916072845459,6,2.010988648652185,0.06273783654755123,1.6907089241672855,12.184720039367676,0.38013291358947754,1,1,0.3125,0.5,0.3333333333333333,0.25,0.16666666666666666,1.0,1.0,1.0,1.0,1.0,0.463095238095238,0.6666666666666666,0.5,0.4,0.2857142857142857
bert,66,EV00067,NEG,NEG,1,13,-4.420165419578552,-1.0,4.420165419578552,6.059069526590407,0.5032715533147497,0.07822378714731046,0.6898738741560695,3.049357332289219,0.4739633649587631,2,0.893236604228017,0.4498868696068781,1.2244296198307183,5.412182688713074,2.7258958220481873,3,0.3092447871825995,-0.011141425371600082,0.42390613574537733,1.8737356662750244,-0.06750667095184326,4,0.26066290608669007,-0.12387808232999695,0.3573111328991429,1.5793746709823608,-0.7505859136581421,7,0.549941915761692,-0.0019722133160392794,0.7538486081490399,3.3321363031864166,-0.011949777603149414,1,1,0.03571428571428571,0.0,0.0,0.0,0.14285714285714285,0.25,0.0,0.0,0.0,1.0,0.0625,0.0,0.0,0.0,0.25
bert,67,EV00068,POS,POS,1,7,5.611295938491821,1.0,5.611295938491821,6.059069526590407,1.0556349857354748,0.27262235372788746,1.1398729818407445,6.396165773272514,1.6518377957399935,1,1.6926330237172975,-0.40263666828993133,1.8277024520578224,10.255781173706055,-2.439603567123413,2,1.5963110358987627,1.0051636249891822,1.7236941225166738,9.672159552574158,6.090356289409101,3,0.5811834267572674,0.6697707702058324,0.6275609416191082,3.521430790424347,4.058187663555145,4,0.3524124565685717,-0.1818083119935334,0.3805344111693743,2.135291576385498,-1.1015892028808594,1,1,0.5208333333333333,1.0,0.5,0.3333333333333333,0.25,1.0,1.0,1.0,1.0,1.0,0.6416666666666666,1.0,0.6666666666666666,0.5,0.4
bert,68,EV00069,NEG,POS,0,13,7.128661155700684,1.0,7.128661155700684,6.059069526590407,0.595628924753872,0.8406842419010043,0.5062600791434572,3.608957067131996,5.093764271587133,2,0.6715731235463721,1.2899534428381425,0.5708095234255075,4.069108247756958,7.81591759622097,3,0.6009779326424967,1.4445411723830726,0.5108065157661466,3.6413670778274536,8.752575397491455,4,0.27224472593232524,0.3853041237302535,0.2313968156496782,1.6495497226715088,2.3345844745635986,7,0.8377199168942939,0.2429382286525486,0.7120274617324964,5.075803220272064,1.4719796180725098,3,1,0.7946428571428571,1.0,1.0,0.75,0.42857142857142855,0.9166666666666666,0.6666666666666666,1.0,1.0,1.0,0.8142857142857143,0.8,1.0,0.8571428571428571,0.6
bert,69,EV00070,NEG,NEG,1,16,-2.8082313537597656,-1.0,2.8082313537597656,6.059069526590407,0.2559790089006188,-0.4227219832674011,0.5523028072089636,1.550994612276554,-2.56130188703537,2,0.5553201821220911,-0.5728715614582197,1.198164243244253,3.3647235929965973,-3.4710686206817627,4,-0.17317336155083993,-0.3805036193482547,-0.3736405345466219,-1.049269437789917,-2.305497884750366,5,0.13278840720334767,-0.34956598624537455,0.286505563007665,0.804574191570282,-2.11804461479187,8,0.5089808078278765,-0.3879467660177554,1.0981819571305584,3.083950102329254,-2.3505964279174805,3,1,0.56875,1.0,0.5,0.4,0.375,0.75,0.6666666666666666,0.6666666666666666,0.6666666666666666,1.0,0.6042207792207792,0.8,0.5714285714285715,0.5,0.5454545454545454
bert,70,EV00071,NEG,NEG,1,26,-4.353596329689026,-1.0,4.353596329689026,6.059069526590407,1.117819496059484,0.2590619374522913,1.5557125594999508,6.772946044802666,1.569674290716648,3,0.48341021677126755,-0.06176687927056299,0.67278066653226,2.92901611328125,-0.37424981594085693,6,1.0835398135877867,0.1379426889814714,1.5080042016256379,6.565243065357208,0.8358043432235718,8,1.2686582751739428,0.7064208955101718,1.7656407133344718,7.686888694763184,4.280253320932388,13,1.6356696787049396,0.2536510445880848,2.2764246565074338,9.910636305809021,1.5368893146514893,5,1,0.359775641025641,0.3333333333333333,0.5,0.375,0.23076923076923078,0.5,0.2,0.6,0.6,0.6,0.39758158508158503,0.25,0.5454545454545454,0.4615384615384615,0.33333333333333337
bert,71,EV00072,POS,POS,1,23,8.016279220581055,1.0,8.016279220581055,6.059069526590407,0.7729118092189364,0.0990593727610455,0.5842019317085279,4.683126389980316,0.6002076268196106,3,0.12747948369157866,0.2813493071869923,0.09635479719359608,0.772407054901123,1.7047150135040283,5,0.7351100604315488,0.016588493531306783,0.5556296490753138,4.45408296585083,0.10051083564758301,7,0.7323878150328093,0.1273697785634863,0.5535720520745182,4.437588691711426,0.7717423439025879,12,1.496669877719809,-0.029070088237603375,1.1312512284906837,9.068426847457886,-0.17613768577575684,6,1,0.5636904761904762,0.6666666666666666,0.6,0.5714285714285714,0.4166666666666667,0.5833333333333334,0.3333333333333333,0.5,0.6666666666666666,0.8333333333333334,0.5402097902097902,0.4444444444444444,0.5454545454545454,0.6153846153846153,0.5555555555555556
bert,72,EV00073,NEG,NEG,1,17,-6.207802772521973,-1.0,6.207802772521973,6.059069526590407,0.47417013217308285,-0.04474509376723717,0.4628093772851456,2.873029798269272,-0.27111363410949707,2,0.08457907299642549,-0.004737782009624577,0.08255262288545434,0.5124704837799072,-0.02870655059814453,4,0.5731780904925955,-0.040142829857020806,0.5594451804010645,3.472925901412964,-0.24322819709777832,6,0.6398361343370959,-0.08576922410986944,0.6245061483311538,3.8768116235733032,-0.5196816921234131,9,0.5990872308662146,-0.04833053909243385,0.5847335575229098,3.629911184310913,-0.29283809661865234,3,1,0.4583333333333333,0.5,0.5,0.5,0.3333333333333333,0.75,0.3333333333333333,0.6666666666666666,1.0,1.0,0.5345238095238095,0.4,0.5714285714285715,0.6666666666666666,0.5
bert,73,EV00074,NEG,POS,0,15,3.450303316116333,1.0,3.450303316116333,6.059069526590407,0.37040261706802813,1.1653464520976895,0.6504629748637379,2.244295209646225,7.060915175825357,2,1.6705795778868586,1.1171819555088873,2.9337000115723253,10.12215781211853,6.769083142280579,3,-0.09720004200821102,0.632352027774563,-0.17069271535392347,-0.5889418125152588,3.8314649015665054,5,0.09976455677353666,1.4842247989241544,0.17519625238759762,0.6044803857803345,8.993021249771118,8,-0.19153362438007174,1.427627026183153,-0.3363516491510476,-1.160515546798706,8.650091409683228,3,1,0.19375,0.0,0.0,0.4,0.375,0.41666666666666663,0.0,0.0,0.6666666666666666,1.0,0.26136363636363635,0.0,0.0,0.5,0.5454545454545454
bert,74,EV00075,NEG,NEG,1,23,-3.4505118131637573,-1.0,3.4505118131637573,6.059069526590407,0.518893055214671,-0.09508613279322604,0.911171547143997,3.1440090984106064,-0.5761334896087646,3,0.8831449424265497,-0.41050515842503976,1.5507945914024324,5.351036608219147,-2.4872792959213257,5,0.429003295377548,-0.1691216891057715,0.7533259357601468,2.5993607938289642,-1.0247200727462769,7,0.36853680356058344,-0.013478601048850517,0.6471473189034614,2.232990115880966,-0.08166778087615967,12,0.39488717949400276,0.21276091740675762,0.6934183425099474,2.3926488757133484,1.2891331911087036,0,0,NA,NA,NA,NA,NA,NA,NA,NA,NA,NA,NA,NA,NA,NA,NA
bert,75,EV00076,NEG,NEG,1,14,-6.7192535400390625,-1.0,6.7192535400390625,6.059069526590407,0.42826105686440746,0.06183989141732604,0.3861832445266238,2.5948635190725327,0.3746922016143799,2,0.10907251354992015,0.029630300543432294,0.0983558427651259,0.6608779430389404,0.17953205108642578,3,0.2902241687365649,0.12157586827624367,0.26170885567635155,1.758488416671753,0.7366366386413574,5,0.7770872934235252,0.11131391365981878,0.700736355651698,4.708425939083099,0.6744587421417236,7,0.5366602517476196,-0.015160516810190573,0.4839319240133198,3.251661777496338,-0.0918586254119873,3,1,0.6738095238095237,1.0,0.6666666666666666,0.6,0.42857142857142855,0.8333333333333333,0.6666666666666666,0.6666666666666666,1.0,1.0,0.7041666666666667,0.8,0.6666666666666666,0.7499999999999999,0.6
bert,76,EV00077,POS,POS,1,17,8.21007752418518,1.0,8.21007752418518,6.059069526590407,0.7609402715462684,0.6060004148056471,0.5615768469570159,4.610590010881424,3.6717986464500427,2,-0.00010309448909684389,0.8154290094348179,-7.608412945211004e-05,-0.0006246566772460938,4.940741062164307,4,0.14683720537734327,0.07995851178184651,0.10836642230043186,0.8896968364715576,0.48447418212890625,6,0.8827544720490954,0.5995511167181088,0.6514761954222494,5.348670721054077,3.6327219009399414,9,2.0142725032477315,0.9290630212878154,1.4865408542348346,12.204617142677307,5.629257440567017,4,1,0.7152777777777777,1.0,0.75,0.6666666666666666,0.4444444444444444,0.8125,0.5,0.75,1.0,1.0,0.7080128205128206,0.6666666666666666,0.75,0.8,0.6153846153846153
bert,77,EV00078,NEG,POS,0,12,2.960831880569458,1.0,2.960831880569458,6.059069526590407,0.338929562170381,0.7506182733664447,0.6935878736297385,2.053597781807184,4.548048306256533,2,0.2132829316304145,1.2699018229368921,0.43646371264803097,1.2922961115837097,7.69442343711853,3,0.5806928720924017,0.49476278910030796,1.1883340355659067,3.5184584856033325,2.9978021383285522,4,0.4119927415662953,0.8392945573308629,0.8431048851094438,2.4962926656007767,5.085344076156616,6,0.1497497033924124,0.39851392409771574,0.30644886119557285,0.907343864440918,2.414623573422432,3,1,0.7291666666666666,1.0,0.6666666666666666,0.75,0.5,0.8333333333333333,0.6666666666666666,0.6666666666666666,1.0,1.0,0.7476190476190476,0.8,0.6666666666666666,0.8571428571428571,0.6666666666666666
bert,78,EV00079,POS,POS,1,8,7.808849811553955,1.0,7.808849811553955,6.059069526590407,0.4847574345030478,-0.009226602632792768,0.37613460290978024,2.937178999185562,-0.05590462684631348,1,0.2055111909514385,-0.03674563034702996,0.15946092767257875,1.245206594467163,-0.22264432907104492,2,0.3062485937559621,-0.02026814046218967,0.23762542873048637,1.855581521987915,-0.12280607223510742,3,0.772733528548526,-0.0006701535281711253,0.5995819728141698,4.682046175003052,-0.004060506820678711,4,0.6545364247562647,0.020777513806219686,0.507870082421886,3.9658817052841187,0.12589240074157715,1,1,0.5208333333333333,1.0,0.5,0.3333333333333333,0.25,1.0,1.0,1.0,1.0,1.0,0.6416666666666666,1.0,0.6666666666666666,0.5,0.4
bert,79,EV00080,NEG,NEG,1,20,-4.647067070007324,-1.0,4.647067070007324,6.059069526590407,1.2220864414976094,-0.0848530406988441,1.5934147305326225,7.404706716537476,-0.5141304731369019,2,0.2373373647635919,-0.08492286557323431,0.3094518033083352,1.4380435943603516,-0.5145535469055176,4,1.624296566176163,-0.1629868783962806,2.1178355208056843,9.841725826263428,-0.987548828125,6,1.7098071490353326,-0.10064619172600205,2.2293283070093004,10.359840393066406,-0.6098222732543945,10,1.3169046860153504,0.009143772900140533,1.7170432910071707,7.979217052459717,0.05540275573730469,3,1,0.5125,0.5,0.75,0.5,0.3,0.8333333333333333,0.3333333333333333,1.0,1.0,1.0,0.5963369963369963,0.4,0.8571428571428571,0.6666666666666666,0.4615384615384615
bert,80,EV00081,POS,POS,1,10,8.194859027862549,1.0,8.194859027862549,6.059069526590407,0.34330516023003144,0.16685391530071364,0.253831038919352,2.0801098346710205,1.0109794735908508,1,0.053305320379856254,0.14343823516047863,0.03941258803940403,0.3229806423187256,0.8691022396087646,2,0.14776001910188494,0.246741667668431,0.10924997204890198,0.8952882289886475,1.4950249195098877,3,0.5274076000492611,0.17747027689792974,0.3899516656398782,3.195599317550659,1.0753047466278076,5,0.6447477013891235,0.09976548147601519,0.47670992994922384,3.90657114982605,0.6044859886169434,2,1,0.6416666666666666,1.0,0.5,0.6666666666666666,0.4,0.75,0.5,0.5,1.0,1.0,0.6345238095238095,0.6666666666666666,0.5,0.8,0.5714285714285715
bert,81,EV00082,NEG,NEG,1,12,-6.847043514251709,-1.0,6.847043514251709,6.059069526590407,1.724838910862647,0.02419283354988576,1.5263401400899754,10.45091888308525,0.14658606052398682,2,2.090411580628269,0.05653780480154199,1.8498417937626992,12.66594910621643,0.34256649017333984,3,1.6439811210017896,0.007060673984759686,1.4547876666813937,9.96099591255188,0.04278111457824707,4,1.5553296386153515,0.0026525188969535292,1.376338418352907,9.423850417137146,0.016071796417236328,6,1.6096333032051773,0.03052033651628783,1.4243926815629016,9.752880096435547,0.18492484092712402,1,1,0.3125,0.5,0.3333333333333333,0.25,0.16666666666666666,1.0,1.0,1.0,1.0,1.0,0.463095238095238,0.6666666666666666,0.5,0.4,0.2857142857142857
bert,82,EV00083,POS,POS,1,31,6.65213418006897,1.0,6.65213418006897,6.059069526590407,1.054190273375086,1.1218263474868095,0.9602048045825745,6.3874121606349945,6.797223836183548,4,1.6107361387952221,1.8737788552457795,1.4671322800524986,9.759562253952026,11.35335636138916,7,1.5467820430450987,1.4923666075024944,1.4088799592305699,9.372059941291809,9.04235303401947,10,0.7020393944794466,0.5065400949848107,0.6394496483326567,4.2537055015563965,3.0691616535186768,16,0.35720351718057686,0.6146198322141533,0.3253573307145731,2.164320945739746,3.7240242958068848,4,1,0.27767857142857144,0.5,0.2857142857142857,0.2,0.125,0.5,0.5,0.5,0.5,0.5,0.3373376623376623,0.5,0.36363636363636365,0.28571428571428575,0.2
bert,83,EV00084,NEG,NEG,1,21,-5.730483770370483,-1.0,5.730483770370483,6.059069526590407,1.0348802873028755,0.5493228372895697,1.0942200989499509,6.270411612465978,3.3283852636814117,3,1.1948543863440528,0.7629855314394821,1.263367078199577,7.239705801010132,4.622982382774353,5,0.8887703490505718,0.69253677799407,0.9397322484675731,5.385121338069439,4.196128487586975,7,0.8671140764608991,0.33337979731579526,0.9168342098956744,5.253904476761818,2.0199713706970215,11,1.1887823373559778,0.40838924240893115,1.2569468592369792,7.202914834022522,2.4744588136672974,1,1,0.022727272727272728,0.0,0.0,0.0,0.09090909090909091,0.25,0.0,0.0,0.0,1.0,0.04166666666666667,0.0,0.0,0.0,0.16666666666666669
bert,84,EV00085,NEG,NEG,1,29,-6.068207502365112,-1.0,6.068207502365112,6.059069526590407,0.6697887428806015,0.6464934462146339,0.6687800130235159,4.05829656124115,3.9171487390995026,3,0.1606333335177079,1.7481284724057955,0.16039141299980605,0.9732885360717773,10.592031955718994,6,0.11508524385772291,0.5689818496685416,0.11491192066765259,0.6973094940185547,3.4475005865097046,9,0.8534220044018365,0.1799812179430625,0.8521367151734275,5.170943260192871,1.0905187129974365,15,1.5500143897451388,0.08888224484113608,1.5476800032531774,9.391644954681396,0.538543701171875,2,1,0.04444444444444444,0.0,0.0,0.1111111111111111,0.06666666666666667,0.25,0.0,0.0,0.5,0.5,0.0748663101604278,0.0,0.0,0.1818181818181818,0.11764705882352941
bert,85,EV00086,NEG,NEG,1,21,-5.951907634735107,-1.0,5.951907634735107,6.059069526590407,0.744273533675318,0.06393266035968992,0.7576737756056936,4.509605087339878,0.3873724341392517,3,0.41008164468986824,-0.04507802600855335,0.4174649426326483,2.4847131967544556,-0.2731308937072754,5,0.7212083686497245,0.0025507229262308057,0.7341933347742002,4.369851648807526,0.015455007553100586,7,1.0787941666884644,0.06292753827729775,1.0982172714646308,6.536488860845566,0.38128232955932617,11,0.7670099546732149,0.23533040624378448,0.7808195535512952,4.647366642951965,1.4258832931518555,0,0,NA,NA,NA,NA,NA,NA,NA,NA,NA,NA,NA,NA,NA,NA,NA
bert,86,EV00087,POS,POS,1,18,6.845131874084473,1.0,6.845131874084473,6.059069526590407,0.583947356317337,0.12988999614518568,0.5168895471979619,3.5381776317954063,0.78701251745224,2,-0.03553639494839061,0.2141938717816413,-0.031455559983628985,-0.2153174877166748,1.2978155612945557,4,0.48024905248755434,-0.03693202675727872,0.42509947617203087,2.9098623991012573,-0.22377371788024902,6,0.9166535435375845,0.07116325334351162,0.8113892972212815,5.554067552089691,0.4311830997467041,9,0.9744232241925995,0.2711348862128685,0.862524975382164,5.904098063707352,1.6428251266479492,1,1,0.13194444444444442,0.0,0.25,0.16666666666666666,0.1111111111111111,0.75,0.0,1.0,1.0,1.0,0.22142857142857142,0.0,0.4,0.2857142857142857,0.19999999999999998
bert,87,EV00088,POS,NEG,0,10,-5.129292726516724,-1.0,5.129292726516724,6.059069526590407,1.3193254464349895,1.1132109928668528,1.5584766703501172,7.9938846081495285,6.745022803544998,1,1.060901326206244,-0.11865786139534495,1.2532085778407691,6.428074896335602,-0.7189562320709229,2,0.16278035495123294,1.8096814306114826,0.19228719211648168,0.9862974882125854,10.964985609054565,3,2.141099166663982,1.8309873233488443,2.5292115066593754,12.973068714141846,11.094079494476318,5,1.912520937918499,0.9308330789024291,2.2591994047838426,11.588097333908081,5.639982342720032,1,1,0.2583333333333333,0.0,0.5,0.3333333333333333,0.2,0.75,0.0,1.0,1.0,1.0,0.375,0.0,0.6666666666666666,0.5,0.33333333333333337
bert,88,EV00089,POS,POS,1,19,6.09334921836853,1.0,6.09334921836853,6.059069526590407,-0.028408591498593053,-0.07473528064550905,-0.028248767077853523,-0.17212963104248047,-0.45282626152038574,2,-0.2993998143604339,-0.17224228452755383,-0.29771541540309554,-1.8140842914581299,-1.0436279773712158,4,-0.13690641229536077,-0.11099782280832453,-0.13613618797636493,-0.8295254707336426,-0.6725435256958008,6,0.15747848475517792,-0.13487143725790565,0.1565925236329525,0.9541730880737305,-0.8171954154968262,10,0.16519337590624453,0.11917042201174781,0.1642640114350939,1.0009181499481201,0.7220618724822998,3,1,0.4083333333333333,0.5,0.5,0.3333333333333333,0.3,0.6666666666666666,0.3333333333333333,0.6666666666666666,0.6666666666666666,1.0,0.46935286935286935,0.4,0.5714285714285715,0.4444444444444444,0.4615384615384615
bert,89,EV00090,NEG,NEG,1,27,-7.2220542430877686,-1.0,7.2220542430877686,6.059069526590407,1.6748732567752735,0.08554675446569719,1.4051642045719754,10.14817351102829,0.5183337330818176,3,0.30359292693567735,0.03594011611561718,0.254704594491288,1.8394906520843506,0.21776366233825684,6,2.1421830753649975,0.06504286405778177,1.7972219479689788,12.979636192321777,0.39409923553466797,9,1.9935434871353332,0.12221198488339619,1.672518166403574,12.079018592834473,0.7404909133911133,14,2.260173537665086,0.11899205280599362,1.8962121094240612,13.694548606872559,0.7209811210632324,6,1,0.7321428571428571,1.0,0.8333333333333334,0.6666666666666666,0.42857142857142855,0.8333333333333334,0.5,0.8333333333333334,1.0,1.0,0.725,0.6666666666666666,0.8333333333333334,0.8,0.6
bert,90,EV00091,POS,POS,1,25,7.060424327850342,1.0,7.060424327850342,6.059069526590407,0.9014386881602042,0.15132316827636236,0.7735907444522299,5.461879685521126,0.9168775975704193,3,-0.11070042275160928,-0.09437930595824642,-0.09500016315294266,-0.6707415580749512,-0.5718507766723633,5,0.6822101532277097,-0.003279624573570476,0.5854546373923786,4.133558750152588,-0.01987147331237793,8,2.1354680433620037,0.748009797728833,1.8326019674060947,12.938949346542358,4.532243371009827,13,0.8987769788027126,-0.04505819409156678,0.7713065361633891,5.445752203464508,-0.2730107307434082,3,1,0.46810897435897436,0.6666666666666666,0.6,0.375,0.23076923076923078,0.9166666666666666,0.6666666666666666,1.0,1.0,1.0,0.584280303030303,0.6666666666666666,0.7499999999999999,0.5454545454545454,0.375
bert,91,EV00092,POS,POS,1,4,7.204915523529053,1.0,7.204915523529053,6.059069526590407,0.9001829594095521,-0.03285585953378939,0.7570207260420582,5.454271137714386,-0.19907593727111816,1,1.6749134223095277,-0.05074625545679776,1.4085405214135769,10.148416876792908,-0.30747509002685547,1,1.6749134223095277,-0.05074625545679776,1.4085405214135769,10.148416876792908,-0.30747509002685547,2,0.1254524965095765,-0.01496546361078101,0.10550093067053966,0.7601253986358643,-0.09067678451538086,2,0.1254524965095765,-0.01496546361078101,0.10550093067053966,0.7601253986358643,-0.09067678451538086,2,1,1.0,1.0,1.0,1.0,1.0,0.75,0.5,0.5,1.0,1.0,0.8333333333333333,0.6666666666666666,0.6666666666666666,1.0,1.0
bert,92,EV00093,NEG,NEG,1,6,-6.127128601074219,-1.0,6.127128601074219,6.059069526590407,1.2934447234473796,-0.09759440794078768,1.2790771565848984,7.837071508169174,-0.5913313031196594,1,0.3062598672563919,-0.13585386478053196,0.3028579367058748,1.8556498289108276,-0.8231480121612549,2,1.6789837462003334,-0.09348734188235051,1.6603336169777574,10.173079252243042,-0.5664463043212891,2,1.6789837462003334,-0.09348734188235051,1.6603336169777574,10.173079252243042,-0.5664463043212891,3,1.5095515341324597,-0.06754908321791772,1.4927834556782036,9.146477699279785,-0.4092845916748047,2,1,0.6666666666666666,1.0,0.5,0.5,0.6666666666666666,0.625,0.5,0.5,0.5,1.0,0.6166666666666667,0.6666666666666666,0.5,0.5,0.8
bert,93,EV00094,NEG,POS,0,24,7.0072853565216064,1.0,7.0072853565216064,6.059069526590407,0.5338316040809702,0.7253801319105632,0.4615942092344415,3.2345228046178818,4.3951286524534225,3,0.1607224197479809,1.4210424067414147,0.13897367200193433,0.9738283157348633,8.610194742679596,5,0.23947578843151862,0.778734867308774,0.20707023778059183,1.451000452041626,4.718408703804016,8,0.8383252723881444,0.4560571239656263,0.7248841923764394,5.079471111297607,2.76328182220459,12,0.896802935756237,0.24568612962643754,0.7754487347788005,5.43379133939743,1.4886293411254883,4,1,0.44375,0.6666666666666666,0.4,0.375,0.3333333333333333,0.6875,0.5,0.5,0.75,1.0,0.503968253968254,0.5714285714285715,0.4444444444444445,0.5,0.5
bert,94,EV00095,NEG,NEG,1,6,-3.882885694503784,-1.0,3.882885694503784,6.059069526590407,1.5304005549845998,-0.055067429488058664,2.38812102843739,9.272803366184235,-0.3336573839187622,1,1.0524105408148592,-0.2574385865911446,1.6422391738445377,6.376628637313843,-1.5598382949829102,2,1.7078174647448052,0.10683085767125086,2.6649721126968235,10.347784757614136,0.6472955942153931,2,1.7078174647448052,0.10683085767125086,2.6649721126968235,10.347784757614136,0.6472955942153931,3,1.6535567496339294,-0.17649284670359172,2.5803007145113748,10.019015312194824,-1.0693824291229248,3,1,0.9166666666666666,1.0,1.0,1.0,0.6666666666666666,0.5833333333333333,0.3333333333333333,0.6666666666666666,0.6666666666666666,0.6666666666666666,0.6916666666666667,0.5,0.8,0.8,0.6666666666666666
bert,95,EV00096,NEG,NEG,1,32,-6.33254075050354,-1.0,6.33254075050354,6.059069526590407,1.7185261736241202,0.02655270378690207,1.644311238599563,10.412669569253922,0.16088467836380005,4,1.518335263301594,-0.01210136491692911,1.4527656172636816,9.19969892501831,-0.07332301139831543,7,1.9869043987827046,-0.003868443632671687,1.901099490414799,12.03879189491272,-0.02343916893005371,10,1.754455286763969,0.10026218442863712,1.67868874499749,10.630366563796997,0.6074955463409424,16,1.6144097456482132,0.02191843926857197,1.5446911017222815,9.781820893287659,0.13280534744262695,7,1,0.5741071428571428,0.75,0.5714285714285714,0.6,0.375,0.6785714285714286,0.42857142857142855,0.5714285714285714,0.8571428571428571,0.8571428571428571,0.586126150064769,0.5454545454545454,0.5714285714285714,0.7058823529411764,0.5217391304347825
bert,96,EV00097,NEG,NEG,1,5,-4.903736114501953,-1.0,4.903736114501953,6.059069526590407,1.9945280690179894,0.07007532120298803,2.4644437417284992,12.084984242916107,0.4245912432670593,1,2.0388536724895627,-0.09405270891263427,2.5192125653769133,12.353556156158447,-0.5698719024658203,1,2.0388536724895627,-0.09405270891263427,2.5192125653769133,12.353556156158447,-0.5698719024658203,2,2.060679523463156,0.224648774423748,2.546180640018376,12.485800504684448,1.361162543296814,3,1.8397254076296763,0.2437579282134726,2.273169196141794,11.147024154663086,1.476946234703064,1,1,0.7083333333333334,1.0,1.0,0.5,0.3333333333333333,1.0,1.0,1.0,1.0,1.0,0.7916666666666666,1.0,1.0,0.6666666666666666,0.5
bert,97,EV00098,POS,POS,1,26,4.234515428543091,1.0,4.234515428543091,6.059069526590407,0.2223423970569406,0.32248144142649476,0.3181444836052462,1.3471880424767733,1.9539374746382236,3,0.6542724824518615,-0.03370394942825667,0.9361830394113417,3.9642824605107307,-0.20421457290649414,6,0.16861534563794775,0.8063226697698526,0.24126771491164176,1.021652102470398,4.8855651170015335,8,-0.040529119398800856,0.05131093387885282,-0.05799215953763761,-0.24556875228881836,0.31089651584625244,13,0.10701087953675394,0.46599611148553033,0.15311933963563903,0.6483863592147827,2.823502838611603,1,1,0.0,0.0,0.0,0.0,0.0,0.0,0.0,0.0,0.0,0.0,0.0,0.0,0.0,0.0,0.0
bert,98,EV00099,POS,POS,1,42,5.297455072402954,1.0,5.297455072402954,6.059069526590407,0.3535111113229422,0.03243014717091625,0.40433528332333085,2.141948401927948,0.19649651646614075,5,0.2996020487599428,-0.2518256031973628,0.3426757332075409,1.8153096437454224,-1.5258288383483887,9,0.2826162086061551,0.06667899720917367,0.3232478446035178,1.7123912572860718,0.40401268005371094,13,0.6886848019353246,0.00038825699386204525,0.78769678120983,4.172789096832275,0.002352476119995117,21,0.14314138599034634,0.31447893767799207,0.16372077427243467,0.8673036098480225,1.9054497480392456,4,1,0.24896214896214897,0.4,0.2222222222222222,0.23076923076923078,0.14285714285714285,0.625,0.5,0.5,0.75,0.75,0.3362694821518351,0.4444444444444445,0.30769230769230765,0.3529411764705882,0.24
bert,99,EV00100,NEG,NEG,1,28,-7.087124347686768,-1.0,7.087124347686768,6.059069526590407,1.0262735203038422,0.17863148679124746,0.8774026573199115,6.218262612819672,1.0823405981063843,3,0.264994901104402,0.07818792295517069,0.22655483728781436,1.6056225299835205,0.47374606132507324,6,0.9482623532437185,0.320692997357346,0.8107077617340687,5.745587527751923,1.943101167678833,9,1.2671266235653655,0.17807975420389197,1.0833176971650806,7.6776083111763,1.0789976119995117,14,1.624710203301883,0.1375652726485812,1.3890303330926823,9.844232082366943,0.8335175514221191,6,1,0.6448412698412699,1.0,0.6666666666666666,0.5555555555555556,0.35714285714285715,0.7083333333333334,0.5,0.6666666666666666,0.8333333333333334,0.8333333333333334,0.625,0.6666666666666666,0.6666666666666666,0.6666666666666667,0.5
bert,100,EV00101,POS,POS,1,21,5.726420164108276,1.0,5.726420164108276,6.059069526590407,0.7072655042441115,0.29630942424674045,0.7483506261875545,4.285370863974094,1.7953594028949738,3,0.5196208181991182,0.5829253202953273,0.5498056420763675,3.148418664932251,3.53198504447937,5,0.6522509242079481,0.5029589583796736,0.690140243845341,3.9520336985588074,3.047463297843933,7,0.8380332360976677,-0.020776097240720645,0.886714668305405,5.077701643109322,-0.1258838176727295,11,0.8191570384717123,0.12012951555268157,0.8667419505231051,4.963329449295998,0.7278730869293213,2,1,0.1917748917748918,0.3333333333333333,0.2,0.14285714285714285,0.09090909090909091,0.5,0.5,0.5,0.5,0.5,0.26544566544566545,0.4,0.28571428571428575,0.22222222222222224,0.15384615384615385
bert,101,EV00102,NEG,NEG,1,12,-5.4040846824646,-1.0,5.4040846824646,6.059069526590407,1.419544814187692,-0.12182264579088904,1.591595920320686,8.601120725274086,-0.7381318807601929,2,1.4914802309905113,-0.13399851811816352,1.6722500249080436,9.036982417106628,-0.8119063377380371,3,1.5204992244975453,-0.12371259993537986,1.7047861669276507,9.212810516357422,-0.7495832443237305,4,1.1906876277894478,-0.08178068720211241,1.335000876214276,7.214459121227264,-0.4955148696899414,6,1.4755121734732635,-0.14779877790790036,1.654346613232773,8.94023084640503,-0.8955230712890625,0,0,NA,NA,NA,NA,NA,NA,NA,NA,NA,NA,NA,NA,NA,NA,NA
bert,102,EV00103,POS,POS,1,10,7.10848331451416,1.0,7.10848331451416,6.059069526590407,0.3491354044385984,-0.03215977498717749,0.2975930727410364,2.115435689687729,-0.19485831260681152,1,0.19980026779301466,-0.058316420832712386,0.17030405645229285,1.2106037139892578,-0.35334324836730957,2,0.23531384029725405,0.11746743483860952,0.20057481396123766,1.4257829189300537,0.7117433547973633,3,0.336391258170589,-0.16434481382327756,0.2867303255113291,2.0382180213928223,-0.9957766532897949,5,0.625036251493536,-0.02344530013132954,0.5327630950392861,3.7871381044387817,-0.14205670356750488,2,1,0.7666666666666666,1.0,1.0,0.6666666666666666,0.4,0.875,0.5,1.0,1.0,1.0,0.7595238095238096,0.6666666666666666,1.0,0.8,0.5714285714285715
bert,103,EV00104,NEG,POS,0,29,2.0153704285621643,1.0,2.0153704285621643,6.059069526590407,-0.37461625508711704,0.23780681358624792,-1.1262568791020033,-2.2698259353637695,1.4408880174160004,3,-0.05580326640398738,1.2067455585178015,-0.167768514607667,-0.3381158709526062,7.3117552399635315,6,-0.07732467384241158,0.9282704037048001,-0.23247108115765716,-0.4685155749320984,5.624454915523529,9,-0.8458327055544244,-0.5380069235114471,-2.54293531117222,-5.124959170818329,-3.259821355342865,15,-0.519504374547645,-0.6457817843661627,-1.5618526094704697,-3.1477131247520447,-3.912836730480194,1,1,0.0,0.0,0.0,0.0,0.0,0.0,0.0,0.0,0.0,0.0,0.0,0.0,0.0,0.0,0.0
bert,104,EV00105,POS,POS,1,26,7.935037612915039,1.0,7.935037612915039,6.059069526590407,0.6231662719063077,0.24728852589325334,0.4758398732881992,3.7758077681064606,1.498338371515274,3,0.10982470982991072,0.1421259839708257,0.08386040510426572,0.6654355525970459,0.8611512184143066,6,0.6400974316481064,0.1039190089153688,0.48876823810729364,3.878394842147827,0.6296525001525879,8,0.7902925465173629,0.745203660173317,0.6034548436728767,4.788437485694885,4.515240788459778,13,0.9524503996298508,-0.0020945494864980916,0.7272760062683609,5.770963191986084,-0.012691020965576172,5,1,0.5128205128205128,0.6666666666666666,0.5,0.5,0.38461538461538464,0.7,0.4,0.6,0.8,1.0,0.554098679098679,0.5,0.5454545454545454,0.6153846153846154,0.5555555555555556
bert,105,EV00106,NEG,NEG,1,7,-6.0605974197387695,-1.0,6.0605974197387695,6.059069526590407,2.078512814089484,1.1919036853281815,2.0779884724683835,12.593853652477264,7.221827298402786,1,1.491463212530002,0.09687781270622092,1.4910869645543492,9.036879301071167,0.5869894027709961,2,2.1611489199450693,1.4147219374162057,2.1606037319046383,13.09455156326294,8.571898579597473,3,2.3094554578862923,1.5293664523330397,2.3088728568984904,13.993151187896729,9.2665376663208,4,2.3519836659965727,1.7266485388572599,2.351390336516056,14.250832557678223,10.461883544921875,3,1,0.6666666666666666,1.0,0.5,0.6666666666666666,0.5,0.5,0.3333333333333333,0.3333333333333333,0.6666666666666666,0.6666666666666666,0.5345238095238095,0.5,0.4,0.6666666666666666,0.5714285714285715
bert,106,EV00107,NEG,NEG,1,18,-6.602306842803955,-1.0,6.602306842803955,6.059069526590407,0.331450459699253,0.12483749558189405,0.30417869444349055,2.0082813799381256,0.7563990652561188,2,0.17556806552696805,0.4378527423648514,0.1611223137431138,1.0637791156768799,2.6529802083969116,4,0.3031335662235718,0.10914475839037122,0.2781917167939691,1.836707353591919,0.6613156795501709,6,0.4943586350936233,0.006962970314367524,0.45368277463270995,2.9953533411026,0.04218912124633789,9,0.3527415719528488,-0.05461048874201397,0.3237179726041694,2.1372857093811035,-0.3308887481689453,3,1,0.41666666666666663,0.5,0.5,0.3333333333333333,0.3333333333333333,0.6666666666666666,0.3333333333333333,0.6666666666666666,0.6666666666666666,1.0,0.478968253968254,0.4,0.5714285714285715,0.4444444444444444,0.5
bert,107,EV00108,POS,NEG,0,7,-0.6853504627943039,-1.0,0.6853504627943039,6.059069526590407,0.23673925487315503,-0.14431973727150169,2.0929693490421113,1.4344196049496531,-0.8744433221872896,1,0.14486559828247675,0.07466062337064962,1.2807308069729528,0.8777507320046425,0.4523739079013467,2,0.5599305347196796,-0.27006789022181255,4.950245566114344,3.3926580399274826,-1.6363601237535477,3,0.16159419407654282,-0.14583302029400513,1.4286253260642405,0.9791104570031166,-0.8836124092340469,4,0.08056669241392095,-0.23603866194083867,0.7122756970169088,0.4881591908633709,-1.4301746636629105,0,0,NA,NA,NA,NA,NA,NA,NA,NA,NA,NA,NA,NA,NA,NA,NA
bert,108,EV00109,NEG,NEG,1,11,-0.10081091150641441,-1.0,0.10081091150641441,6.059069526590407,0.5336406573229531,0.2662783432621154,32.073252025674044,3.2333658449351788,1.6133989952504635,2,0.1988622991539826,1.1523220705627226,11.952163973350858,1.2049204967916012,6.981999542564154,3,0.4202866852213623,0.35526153806957894,25.26037061299468,2.546546246856451,2.1525543592870235,4,0.8221441834632589,-0.11417670953149514,49.413097064118546,4.9814287684857845,-0.6918046213686466,6,0.6932694614532084,-0.32829352605234485,41.6673764522321,4.200567867606878,-1.9891532994806767,2,1,0.35416666666666663,0.5,0.3333333333333333,0.25,0.3333333333333333,0.625,0.5,0.5,0.5,1.0,0.43333333333333335,0.5,0.4,0.3333333333333333,0.5
bert,109,EV00110,POS,POS,1,5,7.171614646911621,1.0,7.171614646911621,6.059069526590407,0.6251979317870047,-0.06374921512756417,0.5282098097671059,3.7881177365779877,-0.3862609267234802,1,0.5304907745324438,-0.04171643738124672,0.4481947505777262,3.2142804861068726,-0.2527627944946289,1,0.5304907745324438,-0.04171643738124672,0.4481947505777262,3.2142804861068726,-0.2527627944946289,2,0.7875335884627731,-0.11582898009376087,0.6653620330414763,4.771720767021179,-0.7018158435821533,3,0.6522765896203578,-0.05573500565400236,0.5510877048714948,3.9521892070770264,-0.33770227432250977,1,1,0.7083333333333334,1.0,1.0,0.5,0.3333333333333333,1.0,1.0,1.0,1.0,1.0,0.7916666666666666,1.0,1.0,0.6666666666666666,0.5
bert,110,EV00111,POS,POS,1,30,6.98762583732605,1.0,6.98762583732605,6.059069526590407,0.5249853419067245,0.353991436466639,0.45522217501112605,3.1809226870536804,2.1448587253689766,3,0.38762489085714,-0.0748129163046648,0.3361149956369428,2.3486461639404297,-0.4532966613769531,6,0.7028983840584482,1.0636045610992413,0.6094930765890666,4.258910179138184,6.444453984498978,9,0.4751052080427256,0.2529913972540316,0.41197040926668355,2.878695487976074,1.5328924655914307,15,0.5343128846685844,0.17418270381794798,0.4633102185518113,3.237438917160034,1.0553851127624512,3,1,0.21388888888888888,0.3333333333333333,0.16666666666666666,0.2222222222222222,0.13333333333333333,0.5,0.3333333333333333,0.3333333333333333,0.6666666666666666,0.6666666666666666,0.2777777777777778,0.3333333333333333,0.2222222222222222,0.3333333333333333,0.2222222222222222
bert,111,EV00112,NEG,NEG,1,23,-7.052964687347412,-1.0,7.052964687347412,6.059069526590407,1.7032295878279384,0.11721358433372937,1.463212349226202,10.319986492395401,0.7102052569389343,3,1.6491485551970815,0.13162038008856583,1.4167523561812896,9.992305755615234,0.797497034072876,5,1.7016640616131393,0.1644034438953212,1.4618674352422611,10.310500860214233,0.9961318969726562,7,1.6922554106391992,0.13886013156182922,1.4537846410065265,10.253493189811707,0.8413631916046143,12,1.769850323862334,0.03397038178920122,1.5204449644747304,10.72364616394043,0.20582890510559082,3,1,0.4005952380952381,0.6666666666666666,0.4,0.2857142857142857,0.25,0.75,0.6666666666666666,0.6666666666666666,0.6666666666666666,1.0,0.4916666666666666,0.6666666666666666,0.5,0.4,0.4
bert,112,EV00113,NEG,NEG,1,20,-4.824359178543091,-1.0,4.824359178543091,6.059069526590407,1.422717033092791,0.06356522392748565,1.7868362023452615,8.620341420173645,0.3851461112499237,2,1.208920901424047,-0.18527574954285167,1.518322745978868,7.324935793876648,-1.122598648071289,4,1.2476234186353974,0.2269308417681816,1.5669304854425603,7.559437036514282,1.3749897480010986,6,1.8953332765301398,0.15493281818079785,2.3804101836410894,11.483956098556519,0.9387487173080444,10,1.3389905357815797,0.05767298530381483,1.6816813943185287,8.113036751747131,0.3494446277618408,2,1,0.3833333333333333,0.5,0.5,0.3333333333333333,0.2,0.875,0.5,1.0,1.0,1.0,0.5,0.5,0.6666666666666666,0.5,0.33333333333333337
bert,113,EV00114,POS,POS,1,7,7.6342613697052,1.0,7.6342613697052,6.059069526590407,0.7814739688532261,0.06887474259350947,0.620230859407192,4.735005110502243,0.41731685400009155,1,0.16567827414637445,0.24926323295480654,0.13149353971406053,1.0038561820983887,1.510303258895874,2,0.48893143819994483,-0.060860729865155866,0.3880492226131997,2.9624695777893066,-0.3687593936920166,3,0.9791548825076188,0.06011778060995071,0.7771238690927018,5.9327675104141235,0.3642578125,4,1.4921312805589664,0.026978686674436484,1.1842568062088061,9.040927171707153,0.1634657382965088,2,1,0.5833333333333333,1.0,0.5,0.3333333333333333,0.5,0.625,0.5,0.5,0.5,1.0,0.5583333333333332,0.6666666666666666,0.5,0.4,0.6666666666666666
bert,114,EV00115,NEG,POS,0,15,3.867366909980774,1.0,3.867366909980774,6.059069526590407,0.2733796328357929,0.37175503794202935,0.4283084105422133,1.656426202505827,2.2524896217510104,2,0.515379535018962,0.2773977387038561,0.8074536759749994,3.1227204352617264,1.6807721853256226,3,0.8202669101622653,-0.13660733990437582,1.2851257896121293,4.970054239034653,-0.8277133703231812,5,-0.3133930221758526,0.608599622514295,-0.49099805208892566,-1.8988701105117798,3.6875474266707897,8,0.0712651083377968,0.7376301304543421,0.11165222867065035,0.4318002462387085,4.4693522453308105,1,1,0.2895833333333333,0.5,0.3333333333333333,0.2,0.125,1.0,1.0,1.0,1.0,1.0,0.4305555555555556,0.6666666666666666,0.5,0.33333333333333337,0.2222222222222222
bert,115,EV00116,POS,POS,1,30,1.1262378990650177,1.0,1.1262378990650177,6.059069526590407,-0.549899330261377,0.4166944000028904,-2.9584116455622755,-3.331878274679184,2.5247803409583867,3,-0.7445446178307789,0.9224708419114519,-4.005586744367049,-4.511247605085373,5.589314967393875,6,-0.5489493853726246,0.8443180576504657,-2.9533010228230334,-3.3261224925518036,5.11578181385994,9,-0.4222002395684055,0.18361725660596223,-2.2714013943327793,-2.558140605688095,1.1125497240573168,15,-0.4839030782736994,-0.28362855615631843,-2.60335742072624,-2.9320023953914642,-1.7185251414775848,1,1,0.16944444444444445,0.3333333333333333,0.16666666666666666,0.1111111111111111,0.06666666666666667,1.0,1.0,1.0,1.0,1.0,0.27767857142857144,0.5,0.2857142857142857,0.19999999999999998,0.125
bert,116,EV00117,NEG,NEG,1,5,-6.624667644500732,-1.0,6.624667644500732,6.059069526590407,1.2012693376368697,-0.08465445592294735,1.0987076980740897,7.278574436903,-0.512927234172821,1,0.6183676316851566,-0.0750610907102884,0.5655728119297936,3.746732473373413,-0.4548003673553467,1,0.6183676316851566,-0.0750610907102884,0.5655728119297936,3.746732473373413,-0.4548003673553467,2,1.563364476823993,-0.10136871882859604,1.429887979128065,9.47253406047821,-0.6142001152038574,3,2.0049776103531727,-0.08712692344261656,1.8337971893087066,12.148298740386963,-0.5279080867767334,2,1,0.9166666666666666,1.0,1.0,1.0,0.6666666666666666,0.75,0.5,0.5,1.0,1.0,0.7833333333333332,0.6666666666666666,0.6666666666666666,1.0,0.8
bert,117,EV00118,NEG,NEG,1,11,-6.579526662826538,-1.0,6.579526662826538,6.059069526590407,2.103130258229077,0.021810652406259554,1.936767061575309,12.743012458086014,0.132152259349823,2,2.376218740742659,0.21264300800348332,2.1882535188493595,14.397674560546875,1.2884187698364258,3,2.3293611936749774,-0.045236760042529175,2.1451025283713294,14.11376142501831,-0.2740926742553711,4,1.9872496472740542,-0.0539840519991049,1.8300529151287195,12.040883779525757,-0.32709312438964844,6,1.7196914512246175,-0.026179586336811025,1.5836592839518269,10.419730067253113,-0.15862393379211426,1,1,0.18749999999999997,0.0,0.3333333333333333,0.25,0.16666666666666666,0.75,0.0,1.0,1.0,1.0,0.29642857142857143,0.0,0.5,0.4,0.2857142857142857
bert,118,EV00119,NEG,POS,0,12,4.529277324676514,1.0,4.529277324676514,6.059069526590407,0.6454699037084168,0.5492332807152833,0.8634812752802592,3.9109470238909125,3.3278426341712475,2,0.34471629556132577,1.2838941257243532,0.4611463133928594,2.0886600017547607,7.779203772544861,3,0.788071745015934,0.7022577693639732,1.0542477526668679,4.774981494992971,4.255028650164604,4,0.8179966672048445,-0.07309198596853868,1.0942799986722769,4.956298679113388,-0.4428694248199463,6,0.6310949070515629,0.28387321374134544,0.844251036389033,3.82384791970253,1.7200075387954712,2,1,0.625,1.0,0.6666666666666666,0.5,0.3333333333333333,1.0,1.0,1.0,1.0,1.0,0.7416666666666667,1.0,0.8,0.6666666666666666,0.5
bert,119,EV00120,POS,POS,1,13,5.083993673324585,1.0,5.083993673324585,6.059069526590407,0.6039585284779252,0.3327769447898904,0.7197935777599795,3.6594267152249813,2.0163186453282833,2,0.09785614792851666,0.7656551843847548,0.11662427716814874,0.5929172039031982,4.639157995581627,3,0.5460352101046556,0.20202451172075825,0.6507609693908273,3.308465301990509,1.2240805625915527,4,0.7317211906218102,0.12106657363029694,0.8720602307708206,4.43354956805706,0.7335507869720459,7,1.0402215652567186,0.2423615094237517,1.2397288337101213,6.302774786949158,1.4684852361679077,2,1,0.306547619047619,0.5,0.3333333333333333,0.25,0.14285714285714285,0.5,0.5,0.5,0.5,0.5,0.36388888888888893,0.5,0.4,0.3333333333333333,0.22222222222222224
bert,120,EV00121,NEG,NEG,1,19,-6.281705141067505,-1.0,6.281705141067505,6.059069526590407,1.4987536289685208,0.20884141347392782,1.4456347108918928,9.08105244114995,1.2653846442699432,2,1.033446675983445,0.22222170586087095,0.9968191954842593,6.261725261807442,1.34645676612854,4,1.4976810300428325,0.06058056468867895,1.44460012708314,9.074553489685059,0.3670618534088135,6,1.662821402789988,0.05029740093881009,1.603887584606906,10.075150489807129,0.30475544929504395,10,1.8010654070578178,0.5022659824073513,1.7372319363932658,10.912780523300171,3.0432645082473755,2,1,0.5083333333333333,1.0,0.5,0.3333333333333333,0.2,1.0,1.0,1.0,1.0,1.0,0.625,1.0,0.6666666666666666,0.5,0.33333333333333337
bert,121,EV00122,NEG,NEG,1,15,-3.109122157096863,-1.0,3.109122157096863,6.059069526590407,0.42498404408347584,0.04610958326898231,0.8282103154761327,2.5750078707933426,0.2793811708688736,2,-0.03987277738424538,0.11554635560218145,-0.07770420088954927,-0.2415919303894043,0.7001034021377563,3,0.42315823625480353,-0.14630235352885135,0.8246521751204293,2.563945174217224,-0.8864561319351196,5,0.3304149552380845,0.1594169857797921,0.6439137612940946,2.0020071864128113,0.9659186005592346,8,0.9862357622252607,0.05577734522280702,1.9219795263795563,5.975671052932739,0.33795881271362305,1,1,0.2895833333333333,0.5,0.3333333333333333,0.2,0.125,1.0,1.0,1.0,1.0,1.0,0.4305555555555556,0.6666666666666666,0.5,0.33333333333333337,0.2222222222222222
bert,122,EV00123,POS,POS,1,15,7.970111846923828,1.0,7.970111846923828,6.059069526590407,0.24115011474645237,0.11578957202855839,0.18332805816644843,1.4611453115940094,0.7015770673751831,2,-0.019445194605330358,0.15954836239256773,-0.014782699860674051,-0.11781978607177734,0.96671462059021,3,-0.015974884575972362,0.2778055324968924,-0.012144487560478114,-0.09679293632507324,1.6832430362701416,5,0.07427607732957006,0.03641230461529738,0.05646644223813857,0.4500439167022705,0.22062468528747559,8,0.9257444608375421,-0.010607911390523916,0.7037729778488073,5.609150052070618,-0.06427407264709473,3,1,0.5354166666666667,0.5,0.6666666666666666,0.6,0.375,0.75,0.3333333333333333,0.6666666666666666,1.0,1.0,0.590530303030303,0.4,0.6666666666666666,0.7499999999999999,0.5454545454545454
bert,123,EV00124,POS,POS,1,13,7.997452735900879,1.0,7.997452735900879,6.059069526590407,0.5947751292483668,-0.0032172661798314595,0.4506164061475123,3.6037838608026505,-0.01949363946914673,2,1.114273894098263,-0.04558979964412341,0.8442015695193625,6.751462996006012,-0.2762317657470703,3,0.3218581224803069,0.012749089491365427,0.24384770530796362,1.9501607418060303,0.07724761962890625,4,0.484152260998515,-0.01303767536275331,0.36680577440258233,2.9335122108459473,-0.07899618148803711,7,0.4588162394163826,0.03300932079618545,0.34761057536014084,2.7799994945526123,0.20000576972961426,4,1,0.5863095238095237,0.5,0.6666666666666666,0.75,0.42857142857142855,0.5625,0.25,0.5,0.75,0.75,0.5500541125541125,0.3333333333333333,0.5714285714285715,0.75,0.5454545454545454
bert,124,EV00125,NEG,NEG,1,21,-6.400392532348633,-1.0,6.400392532348633,6.059069526590407,2.003599483949184,0.26184691383100794,1.8967503350116655,12.139948576688766,1.5865486562252045,3,2.2615287580082097,0.21876418427004596,2.1409246028231563,13.702759981155396,1.325507402420044,5,2.095518456648477,0.5016552262575358,1.9837673978817685,12.696892023086548,3.0395638942718506,7,2.0753872115021528,0.36733882690648334,1.9647097237900233,12.574915409088135,2.2257314920425415,11,1.5819635096378966,-0.04037058211003323,1.4975996155517137,9.585226893424988,-0.24460816383361816,6,1,0.7922077922077922,1.0,1.0,0.7142857142857143,0.45454545454545453,0.7500000000000001,0.5,0.8333333333333334,0.8333333333333334,0.8333333333333334,0.733305909776498,0.6666666666666666,0.9090909090909091,0.7692307692307692,0.5882352941176471
bert,125,EV00126,POS,NEG,0,26,-2.6353150606155396,-1.0,2.6353150606155396,6.059069526590407,0.3963467141465143,-0.15782739762603015,0.9112729715950878,2.4014922976493835,-0.9562871754169464,3,0.6703108456396021,-0.09317811743862245,1.54116619211485,4.061460018157959,-0.5645726919174194,6,0.9928910033594824,-0.06783761006574314,2.2828364732373077,6.015995621681213,-0.4110327959060669,8,0.13827888719324372,-0.21130142210328776,0.31792823793883684,0.8378413915634155,-1.2802900075912476,13,-0.21609387960627116,-0.2589924408964672,-0.4968390169106432,-1.3093278408050537,-1.5692532062530518,3,1,0.19471153846153846,0.3333333333333333,0.16666666666666666,0.125,0.15384615384615385,0.41666666666666663,0.3333333333333333,0.3333333333333333,0.3333333333333333,0.6666666666666666,0.24684343434343436,0.3333333333333333,0.2222222222222222,0.18181818181818182,0.25
bert,126,EV00127,POS,POS,1,20,6.292014837265015,1.0,6.292014837265015,6.059069526590407,0.493081703357815,0.9990297907814941,0.47482657390024485,2.9876163229346275,6.053190961480141,2,0.12101242934900028,0.9288788579356797,0.11653224371506288,0.7332227230072021,5.6281415820121765,4,0.4217770061951557,1.4840935305212433,0.40616175663735254,2.555576205253601,8.992225885391235,6,1.1801069508543691,1.5943664456099547,1.1364164123190308,7.15035006403923,9.660377144813538,10,0.249430427032735,-0.011219670940901256,0.24019588292953323,1.5113162994384766,-0.06798076629638672,5,1,0.5333333333333333,1.0,0.5,0.3333333333333333,0.3,0.45000000000000007,0.4,0.4,0.4,0.6,0.44487734487734487,0.5714285714285715,0.4444444444444445,0.3636363636363636,0.4
bert,127,EV00128,POS,POS,1,16,8.397960186004639,1.0,8.397960186004639,6.059069526590407,0.18461125243941628,0.11736551098350147,0.1331957113335411,1.1185724139213562,0.7111257910728455,2,0.03730847903864876,0.09357898580033011,0.026917803431056347,0.22605466842651367,0.5670015811920166,4,0.13357453219449233,0.14602027992385488,0.09637307908698053,0.8093373775482178,0.8847470283508301,5,0.18803096943848566,0.13884592655779718,0.13566301293207136,1.1392927169799805,0.8412771224975586,8,0.3795310290860384,0.09101685165202371,0.27382894988405615,2.299604892730713,0.5514774322509766,2,1,0.26875,0.5,0.25,0.2,0.125,0.5,0.5,0.5,0.5,0.5,0.32976190476190476,0.5,0.3333333333333333,0.28571428571428575,0.2
bert,128,EV00129,POS,POS,1,5,8.37299108505249,1.0,8.37299108505249,6.059069526590407,0.22228619894011895,0.04463324411637542,0.16085618145801034,1.3468475341796875,0.2704359292984009,1,-0.006261849090425706,0.08209016741461114,-0.0045313525461989496,-0.03794097900390625,0.4973900318145752,1,-0.006261849090425706,0.08209016741461114,-0.0045313525461989496,-0.03794097900390625,0.4973900318145752,2,0.043873158353536036,0.011431683577257667,0.031748568984049035,0.26583051681518555,0.06926536560058594,3,0.8577953355877912,0.0029209580590217232,0.6207388619403902,5.197441577911377,0.017698287963867188,3,1,1.0,1.0,1.0,1.0,1.0,0.5833333333333333,0.3333333333333333,0.3333333333333333,0.6666666666666666,1.0,0.7,0.5,0.5,0.8,1.0
bert,129,EV00130,POS,NEG,0,20,-1.439154028892517,-1.0,1.439154028892517,6.059069526590407,0.4915187268379484,-0.1842743659268297,2.069371318407664,2.9781461395323277,-1.1165311951190233,2,0.1914823402822393,-0.3664188069638981,0.806170836075354,1.1602048128843307,-2.220157027244568,4,0.8090197588344087,0.17443101471555977,3.4061007110090737,4.901906967163086,1.056889645755291,6,0.8882469293283339,-0.27580347293276913,3.7396595874194456,5.3819499015808105,-1.6711124181747437,10,0.0773258789068118,-0.26930619852621124,0.32555413912678266,0.4685228765010834,-1.6317449808120728,2,1,0.2791666666666667,0.5,0.25,0.16666666666666666,0.2,0.625,0.5,0.5,0.5,1.0,0.35416666666666663,0.5,0.3333333333333333,0.25,0.33333333333333337
bert,130,EV00131,POS,POS,1,11,7.432354927062988,1.0,7.432354927062988,6.059069526590407,0.6564463878884296,-0.03463715129979131,0.5351539059387973,3.9774543046951294,-0.2098689079284668,2,0.34077116064649765,-0.05777710286799431,0.2778064149882497,2.064756155014038,-0.35007548332214355,3,0.6911986154604971,0.01637203445324505,0.5634849176838521,4.188020467758179,0.09919929504394531,4,0.9357017161500275,-0.06591176959527661,0.7628108516249924,5.6694817543029785,-0.39936399459838867,6,0.6581140592966959,-0.031231767189139337,0.536513439458095,3.9875588417053223,-0.18923544883728027,2,1,0.625,1.0,0.6666666666666666,0.5,0.3333333333333333,1.0,1.0,1.0,1.0,1.0,0.7416666666666667,1.0,0.8,0.6666666666666666,0.5
bert,131,EV00132,NEG,NEG,1,25,-4.9925806522369385,-1.0,4.9925806522369385,6.059069526590407,1.0568733517215032,0.24803879161088843,1.282636832992415,6.403669118881226,1.5028842836618423,3,0.6290379654116123,0.5840013001644527,0.763409601040021,3.81138476729393,3.538504481315613,5,1.2688660381138022,0.42431923956565265,1.5399142328330566,7.68814754486084,2.5709797739982605,8,1.325624551689903,0.04550346784676521,1.6087971883735903,8.03205132484436,0.2757086753845215,13,1.003964851670696,-0.061668841133316894,1.2184263097229922,6.083092838525772,-0.3736557960510254,3,1,0.2842948717948718,0.3333333333333333,0.4,0.25,0.15384615384615385,0.5833333333333333,0.3333333333333333,0.6666666666666666,0.6666666666666666,0.6666666666666666,0.3617424242424242,0.3333333333333333,0.5,0.36363636363636365,0.25
bert,132,EV00133,POS,POS,1,25,5.178897380828857,1.0,5.178897380828857,6.059069526590407,0.8541887229375072,1.0401830118035142,0.9993609606758683,5.175588861107826,6.302541188895702,3,0.7874431815802901,1.6541973126827871,0.9212717907531001,4.771172985434532,10.022896528244019,5,0.847089142587826,1.2173729771957185,0.991054782839367,5.1325720101594925,7.376147508621216,8,0.5892551645297069,1.0852090835508696,0.689401055638506,3.570338010787964,6.575357288122177,13,1.192967403052206,0.20395267378468152,1.3957162134725003,7.228272438049316,1.235763430595398,4,1,0.4181089743589744,0.6666666666666666,0.4,0.375,0.23076923076923078,0.625,0.5,0.5,0.75,0.75,0.46720354808590103,0.5714285714285715,0.4444444444444445,0.5,0.3529411764705882
bert,133,EV00134,POS,NEG,0,4,-5.800151109695435,-1.0,5.800151109695435,6.059069526590407,2.0455230005806917,-0.21787465983473175,2.136834663015251,12.39396607875824,-1.320117712020874,1,1.8073958808768638,-0.1838831082611282,1.8880776050683734,10.95113730430603,-1.1141605377197266,1,1.8073958808768638,-0.1838831082611282,1.8880776050683734,10.95113730430603,-1.1141605377197266,2,2.2836501202845194,-0.2518662114083353,2.385591720962128,13.83679485321045,-1.5260748863220215,2,2.2836501202845194,-0.2518662114083353,2.385591720962128,13.83679485321045,-1.5260748863220215,3,1,1.0,1.0,1.0,1.0,1.0,0.5,0.3333333333333333,0.3333333333333333,0.6666666666666666,0.6666666666666666,0.65,0.5,0.5,0.8,0.8
bert,134,EV00135,NEG,NEG,1,2,-6.9998040199279785,-1.0,6.9998040199279785,6.059069526590407,1.9409905991297174,0.009998512782644976,1.6801320832657038,11.760596990585327,0.06058168411254883,1,1.9409905991297174,0.009998512782644976,1.6801320832657038,11.760596990585327,0.06058168411254883,1,1.9409905991297174,0.009998512782644976,1.6801320832657038,11.760596990585327,0.06058168411254883,1,1.9409905991297174,0.009998512782644976,1.6801320832657038,11.760596990585327,0.06058168411254883,1,1.9409905991297174,0.009998512782644976,1.6801320832657038,11.760596990585327,0.06058168411254883,1,1,1.0,1.0,1.0,1.0,1.0,1.0,1.0,1.0,1.0,1.0,1.0,1.0,1.0,1.0,1.0
bert,135,EV00136,POS,POS,1,20,7.9762067794799805,1.0,7.9762067794799805,6.059069526590407,1.091764001017939,0.20258098586763135,0.8293507606226741,6.615073988796212,1.227452278137207,2,0.47324687085319256,0.025855625676988767,0.35949862052462617,2.8674356937408447,0.1566610336303711,4,1.2647135940027512,0.041073828182223604,0.9607306892131012,7.662987597286701,0.2488691806793213,6,1.3084223735793223,0.152411941502651,0.9939337528366676,7.927822131663561,0.9234745502471924,10,1.3206731656364898,0.590982548108662,1.0032399799163012,8.00205053249374,3.5808043479919434,0,0,NA,NA,NA,NA,NA,NA,NA,NA,NA,NA,NA,NA,NA,NA,NA
bert,136,EV00137,NEG,NEG,1,23,-4.342632293701172,-1.0,4.342632293701172,6.059069526590407,1.1803076383446784,0.2797037228876615,1.6468270654741242,7.151566043496132,1.6947443038225174,3,1.2373462752888995,0.5190802213905469,1.7264103605794845,7.497167110443115,3.145143151283264,5,1.463709507131424,-0.03798756479927217,2.0422442031438433,8.868717670440674,-0.23016929626464844,7,1.0504861169098916,0.26343170140168987,1.4656932760836983,6.364968419075012,1.5961509943008423,12,0.9696886540484988,0.37429053355768144,1.3529604220894706,5.875410974025726,2.2678523659706116,8,1,0.8392857142857143,1.0,1.0,0.8571428571428571,0.5,0.625,0.375,0.625,0.75,0.75,0.6786713286713286,0.5454545454545454,0.7692307692307693,0.7999999999999999,0.6
bert,137,EV00138,NEG,NEG,1,11,-4.989250421524048,-1.0,4.989250421524048,6.059069526590407,1.3651954672050084,-0.12246966208257583,1.6579269221622948,8.271814253181219,-0.7420521974563599,2,1.7017404774520042,-0.2818761908545521,2.066635452487419,10.310963869094849,-1.7079074382781982,3,1.6308155612537063,-0.14226067574035947,1.980502491426536,9.881224870681763,-0.8619673252105713,4,1.2474679505718778,-0.1528916850183261,1.514955733058525,7.558495044708252,-0.9263813495635986,6,0.880757879542445,0.08714990328293434,1.0696140116766997,5.336573228240013,0.5280473232269287,2,1,0.3125,0.5,0.3333333333333333,0.25,0.16666666666666666,0.5,0.5,0.5,0.5,0.5,0.37083333333333335,0.5,0.4,0.3333333333333333,0.25
bert,138,EV00139,POS,POS,1,8,8.166358470916748,1.0,8.166358470916748,6.059069526590407,0.3423255068148408,0.06950935409981925,0.25399004953226406,2.0741740465164185,0.4211620092391968,1,0.2596210418366665,0.10348770406995257,0.1926270755844659,1.5730619430541992,0.6270391941070557,2,0.16183013461918902,0.06293438501054312,0.12007064355263765,0.9805400371551514,0.38132381439208984,3,0.4141066778337464,0.09939725314434791,0.3072484332040278,2.509101152420044,0.6022548675537109,4,0.5337441729697612,0.0122180741744334,0.39601404578792493,3.2339930534362793,0.07403016090393066,2,1,0.5833333333333333,1.0,0.5,0.3333333333333333,0.5,0.625,0.5,0.5,0.5,1.0,0.5583333333333332,0.6666666666666666,0.5,0.4,0.6666666666666666
bert,139,EV00140,POS,POS,1,26,6.690104722976685,1.0,6.690104722976685,6.059069526590407,0.6987145922874431,-0.1298338549000258,0.6328091765983653,4.233560293912888,-0.7866723537445068,3,0.013222104320920068,-0.22039000797252817,0.011974945193039564,0.08011364936828613,-1.3353583812713623,6,0.2884915910841134,-0.18477377381864998,0.2612799678504309,1.747990608215332,-1.1195571422576904,8,0.714437057679925,-0.05345350887067255,0.6470486393045052,4.328823804855347,-0.32387852668762207,13,1.7787076160648143,-0.060718128938252444,1.6109331540454856,10.777313113212585,-0.36789536476135254,4,1,0.37900641025641024,0.3333333333333333,0.5,0.375,0.3076923076923077,0.6875,0.25,0.75,0.75,1.0,0.46407563025210086,0.28571428571428575,0.6,0.5,0.47058823529411764
bert,140,EV00141,POS,POS,1,10,8.41785478591919,1.0,8.41785478591919,6.059069526590407,0.15865159773359175,0.08728954319445435,0.11419547752058788,0.9612810611724854,0.5288934111595154,1,0.003655683364524116,0.2400976213365558,0.0026313161256459904,0.022150039672851562,1.454768180847168,2,0.0601814867083659,0.057388570430840787,0.04331789727135936,0.36464381217956543,0.3477213382720947,3,0.19834447129945895,0.022895475972493588,0.14276592191428336,1.2017829418182373,0.13872528076171875,5,0.372424749562018,0.02877650503792721,0.26806677477106283,2.256547451019287,0.17435884475708008,4,1,0.95,1.0,1.0,1.0,0.8,0.625,0.25,0.5,0.75,1.0,0.7031746031746031,0.4,0.6666666666666666,0.8571428571428571,0.888888888888889
bert,141,EV00142,POS,POS,1,24,7.391728401184082,1.0,7.391728401184082,6.059069526590407,0.7603104483264631,0.5037765011212527,0.6232335652689347,4.606773868203163,3.0524168461561203,3,0.32708969561347206,0.9113013262427511,0.2681184739847005,1.9818592071533203,5.521638095378876,5,0.41440458942800296,0.9377252012673237,0.33969130675700865,2.510906219482422,5.681742191314697,8,0.9470092043146089,0.19900738460396833,0.7762722767346035,5.737994611263275,1.2057995796203613,12,1.3527383039497687,-0.032927907629032256,1.108852203599426,8.196335434913635,-0.19951248168945312,3,1,0.20625,0.3333333333333333,0.2,0.125,0.16666666666666666,0.41666666666666663,0.3333333333333333,0.3333333333333333,0.3333333333333333,0.6666666666666666,0.25795454545454544,0.3333333333333333,0.25,0.18181818181818182,0.26666666666666666
bert,142,EV00143,NEG,NEG,1,13,-1.319033145904541,-1.0,1.319033145904541,6.059069526590407,0.8311574337477932,1.1168923809928282,3.81797597450885,5.036040678620338,6.767328590154648,2,1.0478807578393436,1.4122009033418923,4.8135087230594875,6.349182367324829,8.556623458862305,3,0.7822070070685682,1.181946208677337,3.5931189914454604,4.739446640014648,7.161494255065918,4,0.9461982304036686,1.0665810750864286,4.3464233899882245,5.733080863952637,6.462488889694214,7,0.5483437396795922,0.806841336865655,2.518852793542228,3.3224528431892395,4.888707756996155,2,1,0.488095238095238,0.5,0.6666666666666666,0.5,0.2857142857142857,0.875,0.5,1.0,1.0,1.0,0.6027777777777779,0.5,0.8,0.6666666666666666,0.4444444444444445
bert,143,EV00144,POS,POS,1,24,7.807663679122925,1.0,7.807663679122925,6.059069526590407,0.8213811692709612,0.1569025525072138,0.6374256345501698,4.976805612444878,0.9506834745407104,3,1.0780977034073267,0.3371193728370959,0.8366482437276288,6.532268941402435,2.0426297187805176,5,0.47864339516891263,0.09452910775976996,0.3714469984253365,2.9001336097717285,0.5727584362030029,8,1.2115120948396045,0.10928342441311065,0.9401833091739495,7.3406360149383545,0.6621558666229248,12,0.517271483668001,0.08667830501887874,0.40142398687376407,3.134183883666992,0.5251898765563965,3,1,0.47291666666666665,0.6666666666666666,0.6,0.375,0.25,0.9166666666666666,0.6666666666666666,1.0,1.0,1.0,0.590530303030303,0.6666666666666666,0.7499999999999999,0.5454545454545454,0.4
bert,144,EV00145,NEG,NEG,1,9,-6.301983594894409,-1.0,6.301983594894409,6.059069526590407,0.7987874016141209,0.8802722754788807,0.7679974983222798,4.839908403344452,5.333630919456482,1,0.010223746696992431,0.19441554818978657,0.009829664152069241,0.06194639205932617,1.1779773235321045,2,1.065120230233796,1.6570812236191048,1.024064313707305,6.453637529164553,10.040370345115662,3,1.9827773532483748,1.6613413082632196,1.9063496043474704,12.01378583908081,10.066182494163513,5,0.1370282762773199,0.008251021843411832,0.13174641108227453,0.8302638530731201,0.04999351501464844,1,1,0.5083333333333333,1.0,0.5,0.3333333333333333,0.2,1.0,1.0,1.0,1.0,1.0,0.625,1.0,0.6666666666666666,0.5,0.33333333333333337
bert,145,EV00146,NEG,NEG,1,23,-5.554566383361816,-1.0,5.554566383361816,6.059069526590407,1.2788113224026116,0.3392320991215166,1.39496133164899,7.7484067138284445,2.0554308742284775,3,1.7358566080914402,1.2200769941509184,1.8935184598033934,10.517675876617432,7.392531335353851,5,0.8812732474670374,0.27279927197615794,0.961316248376327,5.339695878326893,1.652909755706787,7,0.9756660317017031,-0.10035315941290884,1.0642824027161693,5.911628320813179,-0.6080467700958252,12,1.5224494023502662,-0.03559471022810111,1.6607282157000696,9.224626779556274,-0.21567082405090332,4,1,0.6261904761904763,1.0,0.6,0.5714285714285714,0.3333333333333333,0.875,0.75,0.75,1.0,1.0,0.6877705627705628,0.8571428571428571,0.6666666666666665,0.7272727272727273,0.5
bert,146,EV00147,NEG,NEG,1,11,-6.066672325134277,-1.0,6.066672325134277,6.059069526590407,1.6875543511226851,0.10013381309891677,1.6854392177324284,10.225009143352509,0.6067177355289459,2,2.1990939877793703,0.2752739135303778,2.196337704926157,13.324463367462158,1.6679037809371948,3,1.4391701068972935,-0.08803010199537988,1.4373662913666518,8.72003173828125,-0.5333805084228516,4,1.2402661315747552,0.15561365497377425,1.2387116167196024,7.514858722686768,0.9428739547729492,6,1.8716871782393212,0.057677785886894914,1.8693412579173032,11.340682744979858,0.3494737148284912,4,1,0.625,1.0,0.6666666666666666,0.5,0.3333333333333333,0.5,0.5,0.5,0.5,0.5,0.5345238095238095,0.6666666666666666,0.5714285714285715,0.5,0.4
bert,147,EV00148,NEG,NEG,1,18,-6.454883575439453,-1.0,6.454883575439453,6.059069526590407,2.147788356183878,1.2145255477396313,2.0160854661964986,13.01359897851944,7.358894735574722,2,2.189397833032687,1.6205761929871827,2.055143440083634,13.265713691711426,9.819183826446533,4,2.289899967917245,1.5006118253622642,2.149482760286714,13.87466311454773,9.092311382293701,6,2.159538599764993,1.5927687171232034,2.0271151820621,13.084794521331787,9.650696396827698,9,1.952317024020588,0.14414545548587465,1.8326004823535476,11.829224586486816,0.873387336730957,2,1,0.38888888888888884,0.5,0.5,0.3333333333333333,0.2222222222222222,0.875,0.5,1.0,1.0,1.0,0.5075757575757576,0.5,0.6666666666666666,0.5,0.3636363636363636
bert,148,EV00149,POS,POS,1,17,8.162641525268555,1.0,8.162641525268555,6.059069526590407,0.3144525934946141,0.002285835015170623,0.23341584798090276,1.905290126800537,0.013850033283233643,2,0.08471549612379142,-0.0016807943136533156,0.0628836898595856,0.5132970809936523,-0.010184049606323242,4,0.19850064764572817,-0.012259036526780658,0.14734557117201713,1.2027292251586914,-0.07427835464477539,6,0.42631656740751867,0.02454947358879005,0.31645165328057007,2.5830817222595215,0.14874696731567383,9,0.5482776628014181,-0.0014663026876735841,0.4069824776114383,3.322052478790283,-0.008884429931640625,4,1,0.6458333333333334,1.0,0.75,0.5,0.3333333333333333,0.6875,0.5,0.75,0.75,0.75,0.6195512820512821,0.6666666666666666,0.75,0.6,0.46153846153846156
bert,149,EV00150,POS,POS,1,18,6.925485849380493,1.0,6.925485849380493,6.059069526590407,0.6626846878070912,0.5284434769429605,0.579779109390584,4.015252597630024,3.201875767670572,2,0.20805191922109273,0.36421110930816414,0.18202345497399025,1.2606010437011719,2.206780433654785,4,0.8292974709509773,1.0887947840300083,0.7255476970788042,5.02477103471756,6.597083296626806,6,0.40287138532331407,0.6637789244018801,0.3524699110743545,2.441025733947754,4.021882653236389,9,1.210517975732981,-0.003010909968210802,1.059075374435187,7.33461257815361,-0.01824331283569336,2,1,0.38888888888888884,0.5,0.5,0.3333333333333333,0.2222222222222222,0.875,0.5,1.0,1.0,1.0,0.5075757575757576,0.5,0.6666666666666666,0.5,0.3636363636363636
bert,150,EV00151,POS,POS,1,12,6.196030378341675,1.0,6.196030378341675,6.059069526590407,-0.003997882305146522,0.6485371149309763,-0.003909510034226384,-0.0242234468460083,3.929531469941139,2,-0.05799659182226233,1.1318480319363502,-0.056714590469104965,-0.35140538215637207,6.857945919036865,3,0.011554846077590919,0.8258374900450498,0.011299428856655008,0.07001161575317383,5.00380676984787,4,0.028199215248026523,0.6659517391322002,0.02757587806613252,0.17086100578308105,4.035047888755798,6,0.002251001276058798,-0.029488801389694792,0.0022012434094119066,0.013638973236083984,-0.17867469787597656,4,1,0.9166666666666666,1.0,1.0,1.0,0.6666666666666666,0.8125,0.5,0.75,1.0,1.0,0.8309523809523809,0.6666666666666666,0.8571428571428571,1.0,0.8
bert,151,EV00152,POS,POS,1,9,6.747328281402588,1.0,6.747328281402588,6.059069526590407,0.5289379482208341,0.03319291358721736,0.4749837557736479,3.20487180352211,0.20111817121505737,1,0.41023138746782933,0.0796621348002139,0.3683858301547917,2.4856204986572266,0.4826784133911133,2,0.5356262376314032,-0.0032267001125646537,0.4809898077777044,3.245396614074707,-0.019550800323486328,3,0.7156741325255247,0.07684340555137295,0.6426719590085023,4.336319327354431,0.46559953689575195,5,0.45422003525857885,-0.020507185890152768,0.4078874261535932,2.752150774002075,-0.12425446510314941,1,1,0.5083333333333333,1.0,0.5,0.3333333333333333,0.2,1.0,1.0,1.0,1.0,1.0,0.625,1.0,0.6666666666666666,0.5,0.33333333333333337
bert,152,EV00153,NEG,NEG,1,8,-2.839507818222046,-1.0,2.839507818222046,6.059069526590407,0.039242395899911894,-0.16456213120231006,0.08373716032212687,0.2377724051475525,-0.9970933943986893,1,0.02562275804856315,-0.45113510974304316,0.05467497458819573,0.15525007247924805,-2.733458995819092,2,-0.0405847195946382,0.21483436596967626,-0.086601470001795,-0.24590563774108887,1.3016963601112366,3,-0.010353755930571048,-0.291313743699577,-0.02209330241980323,-0.06273412704467773,-1.7650902271270752,4,0.18228530107629368,-0.13063403733629636,0.38896843912191,1.1044793128967285,-0.7915207147598267,2,1,0.2708333333333333,0.0,0.5,0.3333333333333333,0.25,0.375,0.0,0.5,0.5,0.5,0.30833333333333335,0.0,0.5,0.4,0.3333333333333333
bert,153,EV00154,NEG,NEG,1,14,-4.28048038482666,-1.0,4.28048038482666,6.059069526590407,0.6685625809383547,-0.20201390715403625,0.9463578501104168,4.050867160782218,-1.2240163087844849,2,0.8717226337584628,-0.09295424106621157,1.2339331890492315,5.281828045845032,-0.5632162094116211,3,0.6790872743318547,-0.3040967914138778,0.961255671940296,4.11463700979948,-1.842543601989746,5,0.5920262765195333,-0.24745144568153363,0.838019850691525,3.58712837100029,-1.4993255138397217,7,0.5314141391435684,-0.16355315045452207,0.7522226887606147,3.21987521648407,-0.9909799098968506,3,1,0.463095238095238,0.5,0.6666666666666666,0.4,0.2857142857142857,0.5833333333333333,0.3333333333333333,0.6666666666666666,0.6666666666666666,0.6666666666666666,0.4916666666666667,0.4,0.6666666666666666,0.5,0.4
bert,154,EV00155,NEG,NEG,1,17,-6.097985506057739,-1.0,6.097985506057739,6.059069526590407,1.1074662516664544,0.16083455713870964,1.1003984693199287,6.710215017199516,0.9745077639818192,2,1.608390306328811,-0.08549881749571923,1.598125657093416,9.745348691940308,-0.5180432796478271,4,1.494963467180048,0.041920226067900364,1.4854227011421333,9.058087587356567,0.2539975643157959,6,0.5346855987909986,0.03252489474455521,0.5312732677783017,3.239697217941284,0.19707059860229492,9,0.79182563436596,0.6543919252381022,0.7867722512658637,4.797726571559906,3.965006172657013,2,1,0.2569444444444444,0.5,0.25,0.16666666666666666,0.1111111111111111,0.5,0.5,0.5,0.5,0.5,0.3162878787878788,0.5,0.3333333333333333,0.25,0.1818181818181818
bert,155,EV00156,NEG,NEG,1,8,-5.870891332626343,-1.0,5.870891332626343,6.059069526590407,2.0324984776351065,0.8506129064457656,2.097645279618189,12.315049588680267,5.153922740370035,1,1.989470389137092,0.2349780749249398,2.0532380302539126,12.054339408874512,1.42374849319458,2,2.0150269620976164,0.8855830213431407,2.079613757086554,12.209188461303711,5.3658090978860855,3,2.019272959784824,1.872766404404382,2.0839958499165587,12.234915256500244,11.347221851348877,4,2.1062235995208933,0.4091241251106001,2.1737334812157307,12.761755228042603,2.478911519050598,3,1,0.6666666666666666,1.0,0.5,0.6666666666666666,0.5,0.5,0.3333333333333333,0.3333333333333333,0.6666666666666666,0.6666666666666666,0.5345238095238095,0.5,0.4,0.6666666666666666,0.5714285714285715
bert,156,EV00157,POS,POS,1,31,7.786957025527954,1.0,7.786957025527954,6.059069526590407,0.37855174456811314,0.09696870899240936,0.29455293482139705,2.29367133975029,0.5875401496887207,4,0.2476200563249611,0.19933956921349333,0.19267435788565826,1.5003471374511719,1.2078123092651367,7,0.21392169446061732,0.20210749884957704,0.16645350029288625,1.2961664199829102,1.224583387374878,10,0.35565953948470586,-0.017412974000790053,0.2767403998414198,2.154965877532959,-0.10550642013549805,16,0.6970056880021683,0.003840741907357115,0.5423434812656238,4.223205924034119,0.02327132225036621,3,1,0.13883928571428572,0.25,0.14285714285714285,0.1,0.0625,0.3333333333333333,0.3333333333333333,0.3333333333333333,0.3333333333333333,0.3333333333333333,0.18620589936379411,0.28571428571428575,0.2,0.15384615384615383,0.10526315789473684
bert,157,EV00158,NEG,NEG,1,32,-4.478382110595703,-1.0,4.478382110595703,6.059069526590407,0.36699318984334767,0.2549546365292618,0.4965268040121412,2.2236372530460358,1.5447878688573837,4,0.38447650517469945,0.6887175501752295,0.5201810159301281,2.3295698761940002,4.172987520694733,7,0.5106060904810361,0.14843072351663902,0.6908291958330427,3.09379780292511,0.8993520736694336,10,0.11019586966518016,0.09495218865548342,0.14909051310610352,0.6676844358444214,0.5753219127655029,16,0.4626942940524749,0.08771808376969537,0.6260064911792903,2.8034968972206116,0.5314899682998657,2,1,0.27767857142857144,0.5,0.2857142857142857,0.2,0.125,1.0,1.0,1.0,1.0,1.0,0.41666666666666674,0.6666666666666666,0.4444444444444445,0.33333333333333337,0.2222222222222222
bert,158,EV00159,POS,POS,1,8,7.199366092681885,1.0,7.199366092681885,6.059069526590407,1.083214678605003,0.22318816935433813,0.9116458385019044,6.563273049890995,1.3523126356303692,1,1.650931106132416,-0.10041674746419911,1.3894424644404109,10.003106355667114,-0.6084320545196533,2,0.5176200965024107,1.0637552310389962,0.43563498189397365,3.1362961530685425,6.445366904139519,3,0.8063671022158094,-0.0155500329733851,0.6786477579740648,4.885834336280823,-0.09421873092651367,4,1.3579404095693757,-0.05503577318405927,1.1428581496991683,8.2278553545475,-0.333465576171875,3,1,0.8541666666666666,1.0,1.0,0.6666666666666666,0.75,0.6666666666666666,0.3333333333333333,0.6666666666666666,0.6666666666666666,1.0,0.705952380952381,0.5,0.8,0.6666666666666666,0.8571428571428571
bert,159,EV00160,NEG,NEG,1,20,-6.9203855991363525,-1.0,6.9203855991363525,6.059069526590407,1.4383202985563985,0.09241897605278242,1.2593057577949598,8.71488269045949,0.5599730014801025,2,1.2815529807125272,0.08696944857797322,1.122049830729895,7.765018612146378,0.526953935623169,4,1.7331694423633226,0.15759476117322416,1.517457731906458,10.501394152641296,0.9548776149749756,6,1.65863226446795,0.03731992960976601,1.4521975131723976,10.049768209457397,0.22612404823303223,10,1.0799265066817938,0.08779176485016629,0.945517955371089,6.543349787592888,0.5319364070892334,0,0,NA,NA,NA,NA,NA,NA,NA,NA,NA,NA,NA,NA,NA,NA,NA
bert,160,EV00161,NEG,NEG,1,10,-4.970047950744629,-1.0,4.970047950744629,6.059069526590407,1.9491032599054625,0.22187369432900378,2.376184275710571,11.80975216627121,1.3443481400609016,1,2.1279438376667246,0.19307571332194398,2.594211805332535,12.893359661102295,1.1698591709136963,2,2.1038573055528293,-0.019750897309831646,2.56484751250989,12.747417688369751,-0.11967206001281738,3,1.6921875925659324,0.687687033205089,2.062974102871658,10.253082275390625,4.1667435467243195,5,1.8724243038363637,0.026482928098813915,2.282703682128201,11.345149040222168,0.1604619026184082,3,1,0.30833333333333335,0.0,0.5,0.3333333333333333,0.4,0.3333333333333333,0.0,0.3333333333333333,0.3333333333333333,0.6666666666666666,0.30833333333333335,0.0,0.4,0.3333333333333333,0.5
bert,161,EV00162,POS,POS,1,8,7.681058883666992,1.0,7.681058883666992,6.059069526590407,0.14339688915497537,0.7211004145539851,0.11311612387429763,0.8688517212867737,4.3691975474357605,1,-0.04820151358489624,2.0242045751735676,-0.03802291956072455,-0.2920563220977783,12.264796257019043,2,0.096107948706534,0.35814588737881364,0.07581307164511626,0.582324743270874,2.1700308322906494,3,0.2548546924228113,0.29256681393060335,0.2010376593796875,1.544182300567627,1.7726826667785645,4,0.27082642907545246,0.2094843817329559,0.2136366840331113,1.640956163406372,1.2692804336547852,3,1,0.9375,1.0,1.0,1.0,0.75,0.75,0.3333333333333333,0.6666666666666666,1.0,1.0,0.7892857142857143,0.5,0.8,1.0,0.8571428571428571
bert,162,EV00163,NEG,NEG,1,27,-5.140619993209839,-1.0,5.140619993209839,6.059069526590407,0.8373081008914074,0.003753982189171083,0.9869056686302415,5.073307998478413,0.022745639085769653,3,0.6479683073188642,-0.15952782219283163,0.7637374998580908,3.926085025072098,-0.966590166091919,6,0.5136157511171748,-0.004373685327329502,0.6053808576982334,3.1120335459709167,-0.026500463485717773,9,1.1110691310764127,-0.009155144773174497,1.3095781857741742,6.732045114040375,-0.05547165870666504,14,1.076579214053178,0.18807258105001995,1.2689261311904678,6.523068308830261,1.1395448446273804,5,1,0.4742063492063492,0.6666666666666666,0.5,0.4444444444444444,0.2857142857142857,0.65,0.4,0.6,0.8,0.8,0.509483937115516,0.5,0.5454545454545454,0.5714285714285714,0.4210526315789473
bert,163,EV00164,NEG,NEG,1,23,-6.41668701171875,-1.0,6.41668701171875,6.059069526590407,1.3515142661256614,0.283163824300029,1.2761909087178356,8.188918904634193,1.7157092988491058,3,1.228755499064077,0.6407672900584652,1.1602738026864603,7.445115000009537,3.8824535608291626,5,1.4363744165123329,0.2558977568186048,1.3563215852118038,8.703092455863953,1.5505023002624512,7,1.663102748437714,0.13621914193407622,1.570413765519598,10.076855182647705,0.8253612518310547,12,1.0778244004885216,0.09977110838896971,1.0177544814534796,6.530612980015576,0.6045200824737549,2,1,0.21071428571428572,0.3333333333333333,0.2,0.14285714285714285,0.16666666666666666,0.625,0.5,0.5,0.5,1.0,0.2984126984126984,0.4,0.28571428571428575,0.22222222222222224,0.2857142857142857
bert,164,EV00165,NEG,NEG,1,16,-3.515578269958496,-1.0,3.515578269958496,6.059069526590407,0.9266458416309655,0.12288861993651995,1.5970658460032925,5.614611580967903,0.7445906922221184,2,0.9434024022970621,0.17655228343098897,1.6259456289084886,5.7161407470703125,1.0697425603866577,4,1.1405998490327145,-0.03366487582990813,1.9658136701293405,6.910973787307739,-0.2039778232574463,5,0.8205603310471448,0.4799475552118783,1.4142284143788875,4.971832096576691,2.9080356061458588,8,0.8020207841469406,-0.13128048306687937,1.3822756705964534,4.85949969291687,-0.7954375743865967,1,1,0.0,0.0,0.0,0.0,0.0,0.0,0.0,0.0,0.0,0.0,0.0,0.0,0.0,0.0,0.0
bert,165,EV00166,POS,POS,1,23,7.487956285476685,1.0,7.487956285476685,6.059069526590407,0.2846072602758795,0.4641878680853201,0.23029714407274254,1.724455177783966,2.8125465661287308,3,0.05794779901062871,0.3455770558472011,0.04688992334388489,0.35110974311828613,2.0938754081726074,5,0.16041872384460326,0.16410458792406526,0.12980685707523779,0.9719882011413574,0.9943211078643799,7,0.3751371577003476,0.8912344364540293,0.303551694254786,2.272982120513916,5.400051414966583,12,0.5449253605479385,0.4558353921159848,0.44094010161706143,3.3017406463623047,2.7619383335113525,2,1,0.21071428571428572,0.3333333333333333,0.2,0.14285714285714285,0.16666666666666666,0.625,0.5,0.5,0.5,1.0,0.2984126984126984,0.4,0.28571428571428575,0.22222222222222224,0.2857142857142857
bert,166,EV00167,POS,POS,1,19,7.189863681793213,1.0,7.189863681793213,6.059069526590407,0.909259040276325,0.7087433005409167,0.7662541628448372,5.50926374271512,4.2943249344825745,2,0.13068025278570256,1.2984963189827134,0.11012734904261086,0.7918007373809814,7.867679476737976,4,1.0915814419654262,0.4389684254169916,0.919901575832544,6.613967850804329,2.6597402095794678,6,0.45609977832676407,0.668392284741839,0.3843661028756783,2.763540267944336,4.0498353242874146,10,1.9586746880274073,0.42911617302212257,1.6506216236285158,11.867746114730835,2.6000447273254395,2,1,0.3833333333333333,0.5,0.5,0.3333333333333333,0.2,0.875,0.5,1.0,1.0,1.0,0.5,0.5,0.6666666666666666,0.5,0.33333333333333337
bert,167,EV00168,POS,POS,1,19,5.502423524856567,1.0,5.502423524856567,6.059069526590407,0.9012518109538529,0.890271092909184,0.9924256768750961,5.460747383534908,5.394214449450374,2,0.8881681230351893,0.9709958968429454,0.978018396156337,5.381472408771515,5.883331649005413,4,1.0654845894479785,1.4700753557389041,1.1732728323328019,6.455845206975937,8.907288789749146,6,1.1842282465099894,1.319571941128398,1.3040290236681271,7.175321280956268,7.995378136634827,10,0.4671262848222545,-0.1995588220735115,0.5143824553431184,2.830350637435913,-1.2091407775878906,5,1,0.6375,1.0,0.75,0.5,0.3,0.55,0.4,0.6,0.6,0.6,0.5458874458874459,0.5714285714285715,0.6666666666666665,0.5454545454545454,0.4
bert,168,EV00169,POS,POS,1,22,4.705217361450195,1.0,4.705217361450195,6.059069526590407,0.7109427637948587,0.8013779782027093,0.915505148613704,4.30765163525939,4.855604887008667,3,0.24775276096789203,-0.27441966551089386,0.31903964679048863,1.501151204109192,-1.6627278327941895,5,0.7885284773350238,0.9075499164971772,1.01541490762967,4.777748867869377,5.498908042907715,7,0.6727540768213327,1.2575977907809963,0.8663282790772018,4.076263725757599,7.619872450828552,11,1.134735740055186,1.3147838710435575,1.4612377609574556,6.875442743301392,7.96636688709259,5,1,0.6004329004329004,0.6666666666666666,0.8,0.5714285714285714,0.36363636363636365,0.7,0.4,0.8,0.8,0.8,0.6166666666666667,0.5,0.8000000000000002,0.6666666666666666,0.5000000000000001
bert,169,EV00170,POS,POS,1,27,7.352432012557983,1.0,7.352432012557983,6.059069526590407,0.5762284995206676,0.048104006659712276,0.47486437970060424,3.4914085417985916,0.29146552085876465,3,0.1865550655846519,0.11990113371500292,0.1537382402511382,1.130350112915039,0.7264893054962158,6,0.20914039241093887,0.1334752545624346,0.17235059146705634,1.2671961784362793,0.8087358474731445,9,0.9503283353259859,0.013027956149468226,0.7831564663009108,5.758105456829071,0.07893729209899902,14,0.9588902047610935,-0.07398831778805662,0.7902122207833114,5.809982419013977,-0.4483003616333008,5,1,0.49206349206349204,0.6666666666666666,0.5,0.4444444444444444,0.35714285714285715,0.7,0.4,0.6,0.8,1.0,0.5357997265892003,0.5,0.5454545454545454,0.5714285714285714,0.5263157894736842
bert,170,EV00171,NEG,NEG,1,16,-6.152405023574829,-1.0,6.152405023574829,6.059069526590407,1.184221810482366,-0.0597691874500618,1.1662562999130959,7.175282284617424,-0.36214566230773926,2,0.023957506606357638,-0.014440783489553027,0.023594053717430893,0.14516019821166992,-0.08749771118164062,4,0.8464288828843122,-0.09234417352462475,0.8335879379642052,5.128571450710297,-0.5595197677612305,5,2.0341565380399524,-0.11998687527673652,2.003296896323996,12.325095891952515,-0.7270088195800781,8,1.8323443143988418,-0.012304917509332918,1.8045463116467515,11.102301597595215,-0.07455635070800781,4,1,0.475,0.5,0.5,0.4,0.5,0.5625,0.25,0.5,0.5,1.0,0.48611111111111105,0.3333333333333333,0.5,0.4444444444444445,0.6666666666666666
bert,171,EV00172,POS,POS,1,14,5.899166107177734,1.0,5.899166107177734,6.059069526590407,-0.08111503913920907,0.7320401662499196,-0.08331373783234007,-0.4914816617965698,4.4354822635650635,2,-0.2552504650836266,1.8156304154718284,-0.26216926670113294,-1.5465803146362305,11.001030921936035,3,-0.13435978166946053,0.5218274337562071,-0.13800172870543517,-0.8140952587127686,3.1617887020111084,5,0.1008915723496692,0.4840587676755783,0.10362633239697,0.6113090515136719,2.932945728302002,7,-0.03574148215341837,0.10664404809606488,-0.036710288319762197,-0.21656012535095215,0.6461637020111084,3,1,0.7571428571428571,1.0,1.0,0.6,0.42857142857142855,0.9166666666666666,0.6666666666666666,1.0,1.0,1.0,0.7875,0.8,1.0,0.7499999999999999,0.6
bert,172,EV00173,POS,POS,1,11,3.318559408187866,1.0,3.318559408187866,6.059069526590407,-0.05591652647206042,0.8849708424795384,-0.10209310059377627,-0.33880212157964706,5.36209986358881,2,-0.3659668635461417,1.109007152759132,-0.6681869238189161,-2.217418670654297,6.71955144405365,3,-0.19441680735911904,0.9285067438861505,-0.3549686635265701,-1.1779849529266357,5.625886917114258,4,-0.05565959321569927,0.8494468363309766,-0.10162398860770411,-0.3372453451156616,5.146857440471649,6,0.39237715823271835,0.6529226369418942,0.7164071735780851,2.377440482378006,3.956103652715683,1,1,0.3125,0.5,0.3333333333333333,0.25,0.16666666666666666,1.0,1.0,1.0,1.0,1.0,0.463095238095238,0.6666666666666666,0.5,0.4,0.2857142857142857
bert,173,EV00174,POS,POS,1,17,7.927755355834961,1.0,7.927755355834961,6.059069526590407,0.27981724241347783,1.5947342853698356,0.21386027148452888,1.6954321265220642,9.662605911493301,2,0.010441150152053524,2.38109487398269,0.007980020054766088,0.0632636547088623,14.42721939086914,4,0.08826560600959538,2.0466922770275455,0.06746012612069582,0.5348074436187744,12.401050806045532,6,0.18903212710493258,1.4473528778279807,0.14447452084536608,1.1453588008880615,8.769611716270447,9,0.8315300863873298,0.5037971126411268,0.6355264189172876,5.038298606872559,3.052541732788086,4,1,0.41666666666666663,0.5,0.5,0.3333333333333333,0.3333333333333333,0.5,0.25,0.5,0.5,0.75,0.42371794871794877,0.3333333333333333,0.5,0.4,0.46153846153846156
bert,174,EV00175,NEG,NEG,1,13,-1.8299461007118225,-1.0,1.8299461007118225,6.059069526590407,0.7984800909786641,-0.16437378947381523,2.6438176190754534,4.838046386837959,-0.9959522187709808,2,0.9555351185629178,-0.5946700550106125,3.1638366574746546,5.789653718471527,-3.6031472086906433,3,0.6381464963263339,0.17469913047769198,2.11294303965797,3.866573989391327,1.0585141777992249,4,1.1595633425075482,-0.1295191117532077,3.8393868926625467,7.0258749127388,-0.7847653031349182,7,0.44067540651785636,-0.10800512160913264,1.4591038865066428,2.670082926750183,-0.6544105410575867,2,1,0.306547619047619,0.5,0.3333333333333333,0.25,0.14285714285714285,0.5,0.5,0.5,0.5,0.5,0.36388888888888893,0.5,0.4,0.3333333333333333,0.22222222222222224
bert,175,EV00176,NEG,NEG,1,26,-5.475127458572388,-1.0,5.475127458572388,6.059069526590407,1.3147230890707993,-0.125324002214101,1.454942777172899,7.965998604893684,-0.7593468427658081,3,1.6401212554601954,-0.14925063949729206,1.8150457645085558,9.93760871887207,-0.9043200016021729,6,0.6707250631636861,-0.07026294727078804,0.742260171918446,4.063969790935516,-0.42572808265686035,8,1.5031543046642715,-0.11813766706486394,1.663470822660711,9.10771644115448,-0.7158043384552002,13,1.4448917329950435,-0.16364475502346001,1.5989943496038839,8.754699468612671,-0.991534948348999,2,1,0.2676282051282051,0.3333333333333333,0.3333333333333333,0.25,0.15384615384615385,0.875,0.5,1.0,1.0,1.0,0.3916666666666667,0.4,0.5,0.4,0.2666666666666667
bert,176,EV00177,POS,POS,1,34,6.539146423339844,1.0,6.539146423339844,6.059069526590407,0.5880526455206125,-0.22190485754032513,0.5448801860296644,3.563051864504814,-1.3445369601249695,4,0.16904360093263687,-0.2547837067516927,0.15663309981669135,1.0242469310760498,-1.5437521934509277,7,0.708469834538779,-0.19681855481370075,0.6564568294699801,4.292667984962463,-1.1925373077392578,11,0.8095146812428964,-0.19616457374164367,0.750083370033768,4.904905736446381,-1.1885747909545898,17,0.6651824653681379,-0.2398525948542634,0.6163474447982178,4.030386805534363,-1.4532835483551025,8,1,0.5469346829640948,0.75,0.5714285714285714,0.45454545454545453,0.4117647058823529,0.59375,0.375,0.5,0.625,0.875,0.5299122807017543,0.5,0.5333333333333333,0.5263157894736842,0.56
bert,177,EV00178,POS,POS,1,23,6.303643465042114,1.0,6.303643465042114,6.059069526590407,0.20885381579998974,1.3039736096657149,0.2007505020062056,1.2654597908258438,7.900866761803627,3,-0.08559970843848425,1.8447913999956203,-0.0822785275662241,-0.5186545848846436,11.177719354629517,5,-0.15568715898355778,1.6098492900947394,-0.1496466569315642,-0.9433193206787109,9.754188776016235,7,0.2279747324938496,1.2801144240178401,0.21912954674813748,1.381314754486084,7.756302297115326,12,0.8487273981281513,0.48113932455465974,0.8157976457744732,5.142498314380646,2.91525661945343,4,1,0.21964285714285714,0.0,0.2,0.42857142857142855,0.25,0.4375,0.0,0.25,0.75,0.75,0.28566919191919193,0.0,0.22222222222222224,0.5454545454545454,0.375
bert,178,EV00179,POS,POS,1,11,7.188141822814941,1.0,7.188141822814941,6.059069526590407,0.8230203092424803,-0.05036433365863976,0.6937448793683365,4.986737275496125,-0.3051609992980957,2,0.6906728925896657,-0.11809461921330976,0.5821858551626932,4.184835076332092,-0.7155435085296631,3,0.47569996880711446,-0.008256806152532915,0.400979676649004,2.8822991847991943,-0.05002856254577637,4,0.9806352524776787,-0.07730064141522995,0.8266025483145527,5.941737174987793,-0.4683699607849121,6,1.1450731230954623,0.0021947321465135743,0.9652114373470959,6.938077665865421,0.01329803466796875,1,1,0.3125,0.5,0.3333333333333333,0.25,0.16666666666666666,1.0,1.0,1.0,1.0,1.0,0.463095238095238,0.6666666666666666,0.5,0.4,0.2857142857142857
bert,179,EV00180,NEG,NEG,1,8,-6.64002537727356,-1.0,6.64002537727356,6.059069526590407,1.030057503831656,0.025317438997217848,0.9399345239747139,6.241190032102168,0.15340012311935425,1,1.2507646673854105,-0.006162217316993183,1.141331321669041,7.578470081090927,-0.037337303161621094,2,1.0649520991568138,0.06399944552061344,0.971776081095784,6.452618811279535,0.38777709007263184,3,0.9202772361312553,0.002987379241310072,0.8397592781472183,5.576023757457733,0.018100738525390625,4,0.8842360126531441,0.04044514854394106,0.8068714149868124,5.357647478580475,0.24505996704101562,2,1,0.6666666666666666,1.0,0.5,0.6666666666666666,0.5,0.75,0.5,0.5,1.0,1.0,0.6583333333333333,0.6666666666666666,0.5,0.8,0.6666666666666666
bert,180,EV00181,NEG,NEG,1,21,-5.861353397369385,-1.0,5.861353397369385,6.059069526590407,0.8943843706403815,-0.11897420801560987,0.924553732433927,5.419137085205875,-0.7208729982376099,3,0.8454775607791024,-0.09971861676742193,0.873997198707486,5.122807323932648,-0.6042020320892334,5,0.9259193122236029,-0.1324696504542823,0.957152410250689,5.610209488775581,-0.802642822265625,7,1.0976524678784187,-0.16902624800527363,1.1346784664468992,6.650752618908882,-1.024141788482666,11,0.708488141680402,-0.07468231683546159,0.7323868543306336,4.29277890920639,-0.45250535011291504,2,1,0.2502164502164502,0.3333333333333333,0.2,0.2857142857142857,0.18181818181818182,0.75,0.5,0.5,1.0,1.0,0.35946275946275946,0.4,0.28571428571428575,0.4444444444444445,0.3076923076923077
bert,181,EV00182,POS,POS,1,16,8.218230485916138,1.0,8.218230485916138,6.059069526590407,0.39796688634289096,0.23827705430836696,0.2934097241924398,2.4113090336322784,1.4437372386455536,2,0.0885877566135022,0.7877336783395126,0.06531324621918252,0.5367593765258789,4.772933125495911,4,0.17494579978247282,0.09821080084081812,0.1289825878090123,1.0600087642669678,0.5950660705566406,5,0.5042100414840971,0.02633473960799761,0.37173979615842045,3.0550436973571777,0.15956401824951172,8,0.8241239474914916,0.040828998445139424,0.6076032665831439,4.993424296379089,0.24738574028015137,5,1,0.90625,1.0,1.0,1.0,0.625,0.8,0.4,0.8,1.0,1.0,0.8073870573870574,0.5714285714285715,0.888888888888889,1.0,0.7692307692307693
bert,182,EV00183,POS,POS,1,20,1.2847718596458435,1.0,1.2847718596458435,6.059069526590407,0.030379656314479465,0.8668225664638544,0.1432723678908452,0.18407244980335236,5.252138197422028,2,0.42607081296795596,1.35558679091135,2.009376723396365,2.5815926790237427,8.213594615459442,4,0.02029438627296356,1.132706618187675,0.09570960073149766,0.12296509742736816,6.8631481528282166,6,0.2727559486813123,0.4287808011402247,1.2863341908598225,1.6526472568511963,2.598012685775757,10,-0.597602522664314,0.5502160556161678,-2.8183310434243047,-3.6209152340888977,3.333797335624695,1,1,0.25416666666666665,0.5,0.25,0.16666666666666666,0.1,1.0,1.0,1.0,1.0,1.0,0.3835497835497836,0.6666666666666666,0.4,0.2857142857142857,0.18181818181818182
bert,183,EV00184,NEG,NEG,1,12,-7.339419841766357,-1.0,7.339419841766357,6.059069526590407,2.1035311413466755,0.3594457534576103,1.7365731862979217,12.745441436767578,2.177906811237335,2,2.4369855050963785,0.5329204794811108,2.0118569201869527,14.765864610671997,3.2290022373199463,3,2.3975358873059296,0.41402455638384367,1.9792892309723609,14.526836633682251,2.508603572845459,4,2.222400228397544,0.4172821061450541,1.8347057336107697,13.465677499771118,2.528341293334961,6,1.3572029445868492,0.07355587182043283,1.1204408604216034,8.223387002944946,0.4456801414489746,1,1,0.3125,0.5,0.3333333333333333,0.25,0.16666666666666666,1.0,1.0,1.0,1.0,1.0,0.463095238095238,0.6666666666666666,0.5,0.4,0.2857142857142857
bert,184,EV00185,POS,POS,1,20,7.219135284423828,1.0,7.219135284423828,6.059069526590407,0.7308825473024928,0.28748938083080255,0.6134346264430925,4.428468169877306,1.74191814661026,2,0.3780441075005455,0.7891874877064655,0.31729495624093756,2.290595531463623,4.7817418575286865,4,0.33339825201632445,0.354952633951643,0.2798233901428343,2.02008318901062,2.1506826877593994,6,1.0435350349247297,0.08673307888484164,0.87584595731822,6.322851330041885,0.5255217552185059,10,1.1685527947683716,-0.08091567721973993,0.980774202070378,7.080342628993094,-0.49027371406555176,4,1,0.5125,0.5,0.75,0.5,0.3,0.625,0.25,0.75,0.75,0.75,0.5279761904761904,0.3333333333333333,0.75,0.6,0.4285714285714285
bert,185,EV00186,POS,POS,1,16,3.882636785507202,1.0,3.882636785507202,6.059069526590407,0.9389119413107205,-0.49109679628687414,1.46522365619137,5.688932731747627,-2.975589632987976,2,0.8308041162435923,-0.5945609106063635,1.2965154571172106,5.033899903297424,-3.6024858951568604,4,0.7852431299352098,-0.31403293596552334,1.2254150354469309,4.757842719554901,-1.902747392654419,5,1.092662328168181,-0.4859978490985567,1.7051595799561026,6.620517015457153,-2.944694757461548,8,1.0469381908958988,-0.569795489477053,1.6338045522452362,6.34347128868103,-3.452430486679077,1,1,0.26875,0.5,0.25,0.2,0.125,1.0,1.0,1.0,1.0,1.0,0.40555555555555556,0.6666666666666666,0.4,0.33333333333333337,0.2222222222222222
bert,186,EV00187,POS,POS,1,10,7.482551574707031,1.0,7.482551574707031,6.059069526590407,0.1802645015310894,-0.04694462649683082,0.14597092864339792,1.0922351479530334,-0.2844407558441162,1,0.09911527791195555,-0.06835310218574818,0.08025955768702135,0.6005463600158691,-0.4141561985015869,2,0.10245294232194506,-0.08181405518942315,0.08296226381766883,0.6207695007324219,-0.49571704864501953,3,0.36294525063860483,-0.08269570981640936,0.2938984371989115,2.199110507965088,-0.5010590553283691,5,0.1565445352518521,0.04508436120425739,0.12676345586999,0.9485142230987549,0.27316927909851074,3,1,0.8166666666666667,1.0,1.0,0.6666666666666666,0.6,0.6666666666666666,0.3333333333333333,0.6666666666666666,0.6666666666666666,1.0,0.6791666666666667,0.5,0.8,0.6666666666666666,0.7499999999999999
bert,187,EV00188,POS,POS,1,31,7.945077419281006,1.0,7.945077419281006,6.059069526590407,0.12414919722689667,0.012508735707767794,0.09467856425968735,0.7522286176681519,0.07579129934310913,4,0.046473697166483106,-0.005037031471296904,0.0354417347984982,0.2815873622894287,-0.030519723892211914,7,0.15365659103876636,0.009309983252027964,0.11718146998566777,0.9310159683227539,0.05640983581542969,10,0.15515976377845664,0.017257742031520185,0.11832781841165134,0.9401237964630127,0.10456585884094238,16,0.14130673692388054,0.028504249018819934,0.10776323384293207,0.8561873435974121,0.17270922660827637,5,1,0.2714285714285714,0.25,0.2857142857142857,0.3,0.25,0.5,0.2,0.4,0.6,0.8,0.33412698412698416,0.22222222222222224,0.3333333333333333,0.4,0.38095238095238093
bert,188,EV00189,NEG,NEG,1,33,-5.958073616027832,-1.0,5.958073616027832,6.059069526590407,0.297895475905385,0.45823090766609675,0.3029450815053427,1.8049694001674652,2.7764529287815094,4,0.1304327079647452,0.5626669580699852,0.13264366377249845,0.7903008460998535,3.4092382192611694,7,0.15361633696916863,0.6581034744044948,0.15622027686804402,0.930772066116333,3.987494707107544,10,0.4701576366175973,0.518374083163796,0.4781272461845487,2.8487178087234497,3.140864610671997,17,0.437375222070029,0.09377911502611123,0.44478913919627977,2.6500868797302246,0.5682141780853271,4,1,0.290546218487395,0.5,0.2857142857142857,0.2,0.17647058823529413,0.5625,0.5,0.5,0.5,0.75,0.35876623376623373,0.5,0.36363636363636365,0.28571428571428575,0.2857142857142857
bert,189,EV00190,POS,POS,1,13,7.7503345012664795,1.0,7.7503345012664795,6.059069526590407,0.22887941614745563,0.19392164885638147,0.17893371137497688,1.3867962956428528,1.1749847531318665,2,0.038200679208794504,0.2874622595038522,0.02986458731383172,0.2314605712890625,1.7417538166046143,3,0.1487823465527342,0.5299731969132319,0.11631529782742621,0.9014825820922852,3.21114444732666,4,0.4029686561542482,-0.0015874190378415557,0.31503347232856044,2.441615104675293,-0.009618282318115234,7,0.3255659826740457,-0.040161441953716535,0.25452148803008906,1.9726269245147705,-0.24334096908569336,1,1,0.306547619047619,0.5,0.3333333333333333,0.25,0.14285714285714285,1.0,1.0,1.0,1.0,1.0,0.4541666666666666,0.6666666666666666,0.5,0.4,0.25
bert,190,EV00191,POS,POS,1,17,7.598891019821167,1.0,7.598891019821167,6.059069526590407,0.2469881795770453,0.08056858916069375,0.19693904695576045,1.4965185523033142,0.48817068338394165,2,0.2456579557126233,0.2614038682152924,0.1958783766817996,1.4884586334228516,1.5838642120361328,4,0.31439687525165183,0.030841385347028728,0.25068819521630215,1.9049525260925293,0.18687009811401367,6,0.10612782801878949,0.010869307074138548,0.08462232217467518,0.643035888671875,0.0658578872680664,9,0.32177005932511654,0.019159796006315316,0.2565672937502649,1.949627161026001,0.11609053611755371,2,1,0.5138888888888888,1.0,0.5,0.3333333333333333,0.2222222222222222,1.0,1.0,1.0,1.0,1.0,0.6325757575757576,1.0,0.6666666666666666,0.5,0.3636363636363636
bert,191,EV00192,POS,POS,1,15,7.1098668575286865,1.0,7.1098668575286865,6.059069526590407,0.294968320372305,0.6172171985106181,0.2513736678502225,1.7872335612773895,3.739761918783188,2,0.049884157303506635,0.6523684499580664,0.042511560472570965,0.30225157737731934,3.952745795249939,3,0.2335759898732227,0.6037262861303644,0.1990547772115641,1.4152531623840332,3.658019542694092,5,0.26605154091956135,0.6442149350398385,0.22673062515235792,1.6120247840881348,3.903343081474304,8,0.6303615933929293,0.568559122914203,0.5371977085643972,3.819404721260071,3.4449392557144165,2,1,0.3208333333333333,0.5,0.3333333333333333,0.2,0.25,0.625,0.5,0.5,0.5,1.0,0.39642857142857146,0.5,0.4,0.28571428571428575,0.4
bert,192,EV00193,POS,POS,1,14,7.614619255065918,1.0,7.614619255065918,6.059069526590407,0.3949624246988789,0.041875968233315755,0.31427762796826675,2.3931047916412354,0.2537294030189514,2,0.11478430238726006,0.001677410296072274,0.091335620875235,0.6954860687255859,0.010163545608520508,3,0.1360663102563464,-0.04459722006875398,0.10827003927363772,0.8244352340698242,-0.2702176570892334,5,0.6893175738739377,0.05180490207308077,0.5485005116603351,4.176623106002808,0.3138895034790039,7,0.6396815122779714,0.15861878063286397,0.5090043400638593,3.8758747577667236,0.9610822200775146,2,1,0.463095238095238,0.5,0.6666666666666666,0.4,0.2857142857142857,0.875,0.5,1.0,1.0,1.0,0.578968253968254,0.5,0.8,0.5714285714285715,0.4444444444444445
bert,193,EV00194,NEG,NEG,1,22,-6.6108057498931885,-1.0,6.6108057498931885,6.059069526590407,0.3529606477421796,0.02518549182333846,0.3235025898850855,2.1386131048202515,0.15260064601898193,3,0.22668010967485142,0.06417336828466232,0.20776141199971618,1.3734705448150635,0.38883090019226074,5,0.3794966380236451,-0.00380560321317258,0.3478238892597684,2.299396514892578,-0.023058414459228516,7,0.31358911812486556,-0.0038188244911636256,0.28741700391278746,1.9000582695007324,-0.02313852310180664,11,0.49207672514535633,0.04419302671302773,0.45100805436807007,2.981527090072632,0.26776862144470215,1,1,0.1917748917748918,0.3333333333333333,0.2,0.14285714285714285,0.09090909090909091,1.0,1.0,1.0,1.0,1.0,0.31250000000000006,0.5,0.33333333333333337,0.25,0.16666666666666669
bert,194,EV00195,POS,POS,1,11,7.792539834976196,1.0,7.792539834976196,6.059069526590407,0.22795400538616573,-0.0749963025132281,0.17724503428973837,1.3811891674995422,-0.45440781116485596,2,0.10251204458248836,-0.0856672313939385,0.07970796927368681,0.6211276054382324,-0.5190637111663818,3,0.13645681014558192,-0.07567233872312441,0.10610163200400524,0.8268013000488281,-0.45850396156311035,4,0.15179762426456705,-0.07247101874241757,0.11802984146865472,0.9197523593902588,-0.43910694122314453,6,0.5210495425520255,-0.06617462119343193,0.40514069441260664,3.1570754051208496,-0.4009566307067871,3,1,0.6666666666666666,1.0,0.6666666666666666,0.5,0.5,0.75,0.6666666666666666,0.6666666666666666,0.6666666666666666,1.0,0.6761904761904762,0.8,0.6666666666666666,0.5714285714285715,0.6666666666666666
bert,195,EV00196,NEG,NEG,1,21,-6.4768288135528564,-1.0,6.4768288135528564,6.059069526590407,0.366140963380878,-0.006452573895254866,0.3425246019303062,2.2184735536575317,-0.03909659385681152,3,0.05356514210180528,-0.09210886625561746,0.05011015103676146,0.3245549201965332,-0.5580940246582031,5,0.2886661827818701,-0.05996837229884357,0.2700470016659844,1.7490484714508057,-0.36335253715515137,7,0.506644015803782,-0.044437384261612235,0.4739651041258646,3.069791316986084,-0.26924920082092285,11,0.6156885128360544,0.1707043272350538,0.5759761508926144,3.730499505996704,1.0343093872070312,3,1,0.3002164502164502,0.3333333333333333,0.4,0.2857142857142857,0.18181818181818182,0.5833333333333333,0.3333333333333333,0.6666666666666666,0.6666666666666666,0.6666666666666666,0.3797619047619048,0.3333333333333333,0.5,0.4,0.28571428571428575
bert,196,EV00197,NEG,POS,0,10,5.447560787200928,1.0,5.447560787200928,6.059069526590407,0.04254041615044908,0.8781739091353435,0.04731572567956141,0.2577553391456604,5.320916771888733,1,-0.10545004077654022,1.8704810120659299,-0.11728717426354256,-0.6389291286468506,11.333374500274658,2,0.2820677026402141,1.6748995517723495,0.3137307823691231,1.7090678215026855,10.148332834243774,3,-0.21250764730024166,0.06535505935415366,-0.23636236911521324,-1.2875986099243164,0.39599084854125977,5,0.20605165003836412,-0.09803998665105881,0.22918166372787835,1.248481273651123,-0.5940310955047607,0,0,NA,NA,NA,NA,NA,NA,NA,NA,NA,NA,NA,NA,NA,NA,NA
bert,197,EV00198,POS,POS,1,15,7.96360969543457,1.0,7.96360969543457,6.059069526590407,0.5019952019773055,0.02875074125291341,0.3819402965716304,3.041623830795288,0.17420274019241333,2,0.2708915517393667,0.010872376299386468,0.2061063516195925,1.6413507461547852,0.06587648391723633,3,0.5297094796361604,0.032140533305815525,0.4030265527481788,3.2095465660095215,0.19474172592163086,5,0.5941870947107833,0.013231193949538913,0.4520839925938812,3.6002209186553955,0.0801687240600586,8,0.6131926818229114,0.05875886145691273,0.46654428932486935,3.71537709236145,0.35602402687072754,4,1,0.5354166666666667,0.5,0.6666666666666666,0.6,0.375,0.5625,0.25,0.5,0.75,0.75,0.5178571428571428,0.3333333333333333,0.5714285714285715,0.6666666666666665,0.5
bert,198,EV00199,NEG,NEG,1,23,-2.2238141298294067,-1.0,2.2238141298294067,6.059069526590407,0.6577271524668251,-0.344130103050754,1.7920619807225326,3.9852145463228226,-2.08510822057724,3,0.5581849251564999,-0.4476044579583302,1.5208464160765653,3.3820812702178955,-2.7120665311813354,5,1.1809338168595018,-0.22192485669073866,3.2176056393691344,7.155360102653503,-1.3446581363677979,7,0.7442463570137777,-0.3777405886678552,2.027794649640698,4.5094404220581055,-2.288756489753723,12,0.14754351083752115,-0.3292505088860919,0.402001217803732,0.8939763903617859,-1.9949517250061035,3,1,0.4363095238095238,0.6666666666666666,0.4,0.42857142857142855,0.25,0.8333333333333333,0.6666666666666666,0.6666666666666666,1.0,1.0,0.5416666666666666,0.6666666666666666,0.5,0.6,0.4
bert,199,EV00200,POS,POS,1,8,7.589669704437256,1.0,7.589669704437256,6.059069526590407,0.6516706734026639,-0.01719201929472095,0.5202489109676727,3.948517918586731,-0.104167640209198,1,0.4153486909840719,-0.07845537839119787,0.3315857425776687,2.5166265964508057,-0.47536659240722656,2,0.7155927390328923,-5.811853450230474e-05,0.5712798785840134,4.33582615852356,-0.0003521442413330078,3,0.4098757114804452,0.01815761526478573,0.32721649328854074,2.4834654331207275,0.11001825332641602,4,1.0658655521132465,-0.008412195517969342,0.8509135294204675,6.458153486251831,-0.05097007751464844,1,1,0.5208333333333333,1.0,0.5,0.3333333333333333,0.25,1.0,1.0,1.0,1.0,1.0,0.6416666666666666,1.0,0.6666666666666666,0.5,0.4
bert,200,EV00201,POS,POS,1,5,8.064823150634766,1.0,8.064823150634766,6.059069526590407,0.48734926242190185,0.07656656536891461,0.3661435152946815,2.9528830647468567,0.4639221429824829,1,0.05215790232563337,0.1330903028880703,0.03918601951503804,0.316028356552124,0.806403398513794,1,0.05215790232563337,0.1330903028880703,0.03918601951503804,0.316028356552124,0.806403398513794,2,1.5361159147474686,-0.016414137927799867,1.1540776282920397,9.307433128356934,-0.09945440292358398,3,0.30896533028887213,0.05649979362731773,0.2321243938566101,1.8720424175262451,0.34233617782592773,2,1,0.29166666666666663,0.0,0.0,0.5,0.6666666666666666,0.375,0.0,0.0,0.5,1.0,0.325,0.0,0.0,0.5,0.8
bert,201,EV00202,POS,POS,1,22,1.2477071285247803,1.0,1.2477071285247803,6.059069526590407,-0.5167653812130573,0.08246306598565807,-2.509495051063719,-3.1311173737049103,0.49964945018291473,3,-0.773295905051645,0.4661964374565197,-3.7552481595799074,-4.685453653335571,2.824716627597809,5,-0.5377567521419603,-0.022698337273877104,-2.6114324938108875,-3.258305549621582,-0.13753080368041992,7,-0.510321026348875,-0.17208709190732563,-2.4782002367690743,-3.0920705795288086,-1.0426876544952393,11,-0.24568784130974888,0.05844125566731534,-1.1930993140950064,-1.4886397123336792,0.3540996313095093,1,1,0.05844155844155844,0.0,0.0,0.14285714285714285,0.09090909090909091,0.5,0.0,0.0,1.0,1.0,0.10416666666666667,0.0,0.0,0.25,0.16666666666666669
bert,202,EV00203,POS,POS,1,9,8.204779386520386,1.0,8.204779386520386,6.059069526590407,0.3786688227228828,0.007303870736615809,0.279639504818376,2.2943807244300842,0.04425466060638428,1,0.12270821564751844,-0.012829086093019582,0.09061761254617536,0.7434976100921631,-0.07773232460021973,2,0.17762830264915605,0.0029283163298084065,0.1311750205294548,1.0762622356414795,0.01774287223815918,3,0.4594767130803103,0.021249781003983167,0.3393145482573381,2.784001350402832,0.1287539005279541,5,0.7548620595145464,0.017866471705691247,0.5574508379405358,4.573761701583862,0.10825419425964355,1,1,0.5083333333333333,1.0,0.5,0.3333333333333333,0.2,1.0,1.0,1.0,1.0,1.0,0.625,1.0,0.6666666666666666,0.5,0.33333333333333337
bert,203,EV00204,NEG,POS,0,16,1.404072105884552,1.0,1.404072105884552,6.059069526590407,-0.13738044032431082,0.6246525466919287,-0.5928449423537683,-0.8323976395186037,3.7848132103681564,2,-0.7339126986062243,1.08404182866103,-3.167091548627909,-4.446828067302704,6.568284809589386,4,-0.10134004321450087,0.9167074123755897,-0.43731794668733204,-0.6140263676643372,5.554393947124481,5,0.22633168390209668,0.4825929863627064,0.9767008591544412,1.3713594088330865,2.9240644574165344,8,0.05939929662138524,0.01526795936838864,0.2563288667457266,0.3599044680595398,0.09250962734222412,2,1,0.3,0.5,0.25,0.2,0.25,0.625,0.5,0.5,0.5,1.0,0.37976190476190474,0.5,0.3333333333333333,0.28571428571428575,0.4
bert,204,EV00205,POS,NEG,0,14,-3.693026900291443,-1.0,3.693026900291443,6.059069526590407,1.5417755316742239,-0.013521248032042988,2.529557152837321,9.341725140810013,-0.08192618191242218,2,1.8855871681750946,-0.2726873042781713,3.093641331417506,11.424903750419617,-1.6522313356399536,3,1.63581436513105,0.23404589612848778,2.6838445954178116,9.911512970924377,1.418100357055664,5,1.5366783896231917,0.3631371067283811,2.5211943841532083,9.3108412027359,2.2002729773521423,7,1.1090222037675594,-0.37858069070686956,1.8195483003607587,6.719642639160156,-2.2938467264175415,4,1,0.7928571428571429,1.0,1.0,0.6,0.5714285714285714,0.75,0.5,0.75,0.75,1.0,0.7294372294372293,0.6666666666666666,0.8571428571428571,0.6666666666666665,0.7272727272727273
bert,205,EV00206,POS,POS,1,23,6.222390651702881,1.0,6.222390651702881,6.059069526590407,0.6013773721421297,0.972525007364193,0.5855927292089051,3.643787309527397,5.892596635967493,3,0.26968019149247874,1.1458425481074035,0.26260176499014876,1.6340110301971436,6.94273966550827,5,0.38702060762467433,0.9298830430190178,0.37686229043127095,2.344984769821167,5.634226009249687,7,0.4152749312055177,1.1210487514004404,0.40437500910693674,2.51617968082428,6.7925123274326324,12,1.3335337582458484,0.6933256869299106,1.298531852307264,8.079973757266998,4.200908541679382,2,1,0.21071428571428572,0.3333333333333333,0.2,0.14285714285714285,0.16666666666666666,0.625,0.5,0.5,0.5,1.0,0.2984126984126984,0.4,0.28571428571428575,0.22222222222222224,0.2857142857142857
bert,206,EV00207,POS,POS,1,26,0.7219940721988678,1.0,0.7219940721988678,6.059069526590407,-0.6281415647312715,-0.18823856990984097,-5.2714395981358475,-3.805953413248062,-1.1405505826696754,3,-0.30900528432202734,0.14182367204702198,-2.593209529933321,-1.8722845017910004,0.8593194894492626,6,-0.7942032067530841,0.14189520553057966,-6.665048880877304,-4.8121324479579926,0.8597529157996178,8,-0.666211988774977,-0.30288709858262935,-5.590931177884546,-4.036624759435654,-1.835213989019394,13,-0.7431457790749971,-0.7337860586343362,-6.236568803848219,-4.502771943807602,-4.446060746908188,3,1,0.31810897435897434,0.3333333333333333,0.3333333333333333,0.375,0.23076923076923078,0.75,0.3333333333333333,0.6666666666666666,1.0,1.0,0.4245580808080808,0.3333333333333333,0.4444444444444444,0.5454545454545454,0.375
bert,207,EV00208,POS,POS,1,20,5.628497838973999,1.0,5.628497838973999,6.059069526590407,0.375429079632672,0.6264508736941391,0.4041487723239654,2.2747508957982063,3.7957093987060944,2,-0.08637527804920897,0.8439117812548477,-0.09298284143807975,-0.5233538150787354,5.113320156931877,4,0.2743380359240116,0.8386343345170756,0.29532443392221547,1.6622332334518433,5.081343740224838,6,0.5277321509447079,-0.11444810417548776,0.5681027722436135,3.197565793991089,-0.6934490203857422,10,0.7860214097111775,0.9377054831801209,0.8461507245681124,4.7625583708286285,5.681622718053404,3,1,0.09166666666666667,0.0,0.0,0.16666666666666666,0.2,0.25,0.0,0.0,0.3333333333333333,0.6666666666666666,0.13247863247863245,0.0,0.0,0.2222222222222222,0.30769230769230765
bert,208,EV00209,NEG,NEG,1,13,-7.108283758163452,-1.0,7.108283758163452,6.059069526590407,0.5600240550950825,0.04017334503881264,0.4773619518389833,3.393224686384201,0.24341309070587158,2,0.15275270420325354,0.07204608844174704,0.13020570877936252,0.9255392551422119,0.43653225898742676,3,0.23628611576713723,0.05452695072661221,0.20140920803107668,1.4316740036010742,0.3303825855255127,4,0.42478974589380275,0.014190956424180562,0.36208884310625394,2.5738306045532227,0.0859839916229248,7,1.4262676545161361,0.019929384562710765,1.21574404743924,8.641854882240295,0.12075352668762207,4,1,0.44047619047619047,0.5,0.3333333333333333,0.5,0.42857142857142855,0.4375,0.25,0.25,0.5,0.75,0.4161255411255411,0.3333333333333333,0.28571428571428575,0.5,0.5454545454545454
bert,209,EV00210,POS,POS,1,25,8.003775358200073,1.0,8.003775358200073,6.059069526590407,0.5058175973939979,0.22154841424662905,0.38291724471326577,3.064783990383148,1.342377245426178,3,0.5661389010845712,0.3491896520111294,0.4285820605000416,3.4302749633789062,2.1157643795013428,5,0.13908717553209213,0.46391292403480583,0.10529265550287682,0.8427388668060303,2.810880661010742,8,0.4411892066290709,0.07344514361725782,0.3339918505603976,2.6731960773468018,0.4450092315673828,13,0.8768551063302575,-0.0003540626766768707,0.663802412289747,5.3129260540008545,-0.0021452903747558594,5,1,0.4373397435897436,0.6666666666666666,0.4,0.375,0.3076923076923077,0.55,0.4,0.4,0.6,0.8,0.4514957264957265,0.5,0.4000000000000001,0.4615384615384615,0.4444444444444444
bert,210,EV00211,NEG,NEG,1,18,-6.74017596244812,-1.0,6.74017596244812,6.059069526590407,1.3291307050072223,0.2018950730482834,1.1948195717163816,8.053295351564884,1.2232962846755981,2,1.3167644952172473,0.329359702476643,1.183702990458158,7.978367626667023,1.9956133365631104,4,0.907814361731519,0.19219622289224797,0.8160780296443003,5.500510334968567,1.1645302772521973,6,1.8415260984732067,0.21192150397597198,1.6554364563192752,11.157934665679932,1.2840471267700195,9,1.2504178646069162,0.07410286284827071,1.1240608104437928,7.5763687789440155,0.44899439811706543,3,1,0.41666666666666663,0.5,0.5,0.3333333333333333,0.3333333333333333,0.6666666666666666,0.3333333333333333,0.6666666666666666,0.6666666666666666,1.0,0.478968253968254,0.4,0.5714285714285715,0.4444444444444444,0.5
bert,211,EV00212,NEG,NEG,1,17,-1.554898202419281,-1.0,1.554898202419281,6.059069526590407,0.39322605977802305,-0.30261973905989115,1.5323077098214175,2.382584035862237,-1.8335940390825272,2,0.3195396772542915,-0.5724130762622907,1.2451695376623748,1.9361131209880114,-3.468290627002716,4,0.826166369335077,-0.4539846001051862,3.219372332652454,5.005799472332001,-2.7507242560386658,6,-0.15871700567805785,-0.06827235795230287,-0.6184821311627885,-0.9616773724555969,-0.4136669635772705,9,0.5859151982007815,-0.11580892191978487,2.28317110013363,3.5501009225845337,-0.7016943097114563,3,1,0.38888888888888884,0.5,0.5,0.3333333333333333,0.2222222222222222,0.5833333333333333,0.3333333333333333,0.6666666666666666,0.6666666666666666,0.6666666666666666,0.4373015873015873,0.4,0.5714285714285715,0.4444444444444444,0.3333333333333333
bert,212,EV00213,NEG,NEG,1,8,-1.479602873325348,-1.0,1.479602873325348,6.059069526590407,0.5523916549060127,0.4385306918066171,2.262078048945404,3.3469794429838657,2.657087951200083,1,0.16193544495119322,0.2952796463007882,0.6631356793987544,0.9811781197786331,1.7891199067234993,2,0.5371341420933508,0.25345652090995824,2.199597588734798,3.254533112049103,1.5357106821611524,3,0.6804126398192917,0.6983180474016857,2.786331913399552,4.122667491436005,4.231157600879669,4,0.8300843927602152,0.5070685526140362,3.399247014248512,5.029539048671722,3.0723636150360107,1,1,0.5208333333333333,1.0,0.5,0.3333333333333333,0.25,1.0,1.0,1.0,1.0,1.0,0.6416666666666666,1.0,0.6666666666666666,0.5,0.4
bert,213,EV00214,NEG,NEG,1,16,-7.218752145767212,-1.0,7.218752145767212,6.059069526590407,1.7272016142306612,0.06589010794785378,1.44972884592946,10.46523466706276,0.39923274517059326,2,1.4190285916511014,-0.00010356667759652409,1.1910634320658562,8.597992897033691,-0.0006275177001953125,4,1.8994898731947414,0.08063700730684532,1.5943392126505715,11.509141206741333,0.4885852336883545,5,2.0377017292955513,0.0727771542863769,1.71034750779569,12.346576452255249,0.4409618377685547,8,1.552586262781251,0.11024983687578946,1.3031652312057223,9.407228112220764,0.6680114269256592,1,1,0.26875,0.5,0.25,0.2,0.125,1.0,1.0,1.0,1.0,1.0,0.40555555555555556,0.6666666666666666,0.4,0.33333333333333337,0.2222222222222222
bert,214,EV00215,POS,POS,1,23,3.835397243499756,1.0,3.835397243499756,6.059069526590407,-0.014945754659549568,0.12243118609779721,-0.02361094229603153,-0.09055736660957336,0.7418190687894821,3,-0.3794127852159102,0.9410624033260739,-0.5993871558961773,-2.2988884449005127,5.701962530612946,5,0.0024998642899110844,-0.5044687614328802,0.003949225237635425,0.015146851539611816,-3.0566112995147705,7,0.23142763057228188,0.1361466413248545,0.3656037821856047,1.4022361040115356,0.8249219655990601,12,0.08570227171551895,-0.08301553882685941,0.1353903792888111,0.5192760229110718,-0.5029969215393066,5,1,0.4595238095238095,0.3333333333333333,0.6,0.5714285714285714,0.3333333333333333,0.6000000000000001,0.2,0.6,0.8,0.8,0.4968137254901961,0.25,0.6,0.6666666666666666,0.47058823529411764
bert,215,EV00216,POS,POS,1,19,3.7798619270324707,1.0,3.7798619270324707,6.059069526590407,-0.1499922951527533,0.09026823797930872,-0.2404356354522362,-0.9088137447834015,0.5469415299594402,2,-0.357171801853015,-0.39529578977965313,-0.5725416032649693,-2.1641287803649902,-2.395124673843384,4,-0.3065410751824723,0.7306740339256861,-0.491381228140081,-1.857353687286377,4.4272047728300095,6,0.044106832637315276,0.07810109929479199,0.07070266057425326,0.2672463655471802,0.47321999073028564,10,0.01963686378715888,-0.05240639152359007,0.031477629021852346,0.11898112297058105,-0.3175339698791504,3,1,0.15416666666666667,0.0,0.25,0.16666666666666666,0.2,0.3333333333333333,0.0,0.3333333333333333,0.3333333333333333,0.6666666666666666,0.2039072039072039,0.0,0.28571428571428575,0.2222222222222222,0.30769230769230765
bert,216,EV00217,NEG,NEG,1,10,-6.781644821166992,-1.0,6.781644821166992,6.059069526590407,1.2274770905095498,0.16584539936348,1.096690866762847,7.437369033694267,1.0048688054084778,1,0.1799436396082963,0.254515975872374,0.1607708588749001,1.0902910232543945,1.5421299934387207,2,1.9056426860907825,0.2748702907357553,1.7025987249029808,11.546421527862549,1.6654582023620605,3,1.447202977653853,0.07162824096857169,1.2930052220250619,8.76870346069336,0.43400049209594727,5,1.3771190586852669,0.06236708987721899,1.230388661248445,8.344060122966766,0.3778865337371826,2,1,0.18333333333333335,0.0,0.0,0.3333333333333333,0.4,0.375,0.0,0.0,0.5,1.0,0.24285714285714288,0.0,0.0,0.4,0.5714285714285715
bert,217,EV00218,NEG,NEG,1,13,-3.5936938524246216,-1.0,3.5936938524246216,6.059069526590407,0.4420807722959202,-0.026868524113735054,0.7453604843222973,2.6785981357097626,-0.16279825568199158,2,0.22547890148070662,0.19640088441121278,0.3801637025272407,1.36619234085083,1.1900066137313843,3,0.10926081838868845,-0.22540333164623697,0.18421678031527217,0.662018895149231,-1.3657344579696655,4,0.2945774712603249,-0.14925286271814472,0.4966658140518718,1.784865379333496,-0.9043334722518921,7,1.1390058980539608,0.07078121349822869,1.9203956403948044,6.901315927505493,0.42886829376220703,0,0,NA,NA,NA,NA,NA,NA,NA,NA,NA,NA,NA,NA,NA,NA,NA
bert,218,EV00219,POS,POS,1,11,7.8206610679626465,1.0,7.8206610679626465,6.059069526590407,0.34147313771209514,0.5452333371198129,0.26455681947136744,2.069009482860565,3.3036066978238523,2,0.10999162846454766,1.2910042869698486,0.08521617714946353,0.6664469242095947,7.822284733876586,3,0.2195095731658328,0.3741845567512844,0.17006536710138764,1.3300237655639648,2.2672102451324463,4,0.46418506200678816,0.33341898896126876,0.35962806466543795,2.8125295639038086,2.0202088356018066,6,0.572206287211212,0.18232551579684977,0.4433176689691807,3.4670376777648926,1.1047229766845703,4,1,0.6041666666666666,0.5,0.6666666666666666,0.75,0.5,0.5625,0.25,0.5,0.75,0.75,0.5636904761904762,0.3333333333333333,0.5714285714285715,0.75,0.6
bert,219,EV00220,NEG,NEG,1,28,-2.2917213439941406,-1.0,2.2917213439941406,6.059069526590407,1.0753835048876024,-0.2952742542524259,2.8431993260170945,6.515823423862457,-1.7890872359275818,3,1.2345456072501713,-0.28266464727641394,3.2640069542799233,7.4801976680755615,-1.7126847505569458,6,1.2851161692360464,-0.4661755332781484,3.3977101281718953,7.7866082191467285,-2.824589967727661,9,1.1574250663985277,-0.26940415796537404,3.060108467112422,7.012918949127197,-1.632338523864746,14,0.6244471766656642,-0.1628526784897673,1.6509717545041378,3.783568859100342,-0.9867357015609741,3,1,0.35912698412698413,0.6666666666666666,0.3333333333333333,0.2222222222222222,0.21428571428571427,0.75,0.6666666666666666,0.6666666666666666,0.6666666666666666,1.0,0.4493464052287582,0.6666666666666666,0.4444444444444444,0.3333333333333333,0.35294117647058826
bert,220,EV00221,NEG,NEG,1,6,-6.3680338859558105,-1.0,6.3680338859558105,6.059069526590407,1.4721264343716505,-0.022392201729917773,1.4007015629674355,8.91971641778946,-0.13567590713500977,1,0.1257265625845992,0.000491076039667409,0.119626540633338,0.7617859840393066,0.0029754638671875,2,1.72360189995924,-0.01663303664644328,1.639975900736425,10.443423748016357,-0.10078072547912598,2,1.72360189995924,-0.01663303664644328,1.639975900736425,10.443423748016357,-0.10078072547912598,3,2.3155753749835224,-0.056793809666451936,2.2032279097635543,14.030232191085815,-0.3441176414489746,3,1,0.6666666666666666,1.0,0.5,0.5,0.6666666666666666,0.41666666666666663,0.3333333333333333,0.3333333333333333,0.3333333333333333,0.6666666666666666,0.4916666666666667,0.5,0.4,0.4,0.6666666666666666
bert,221,EV00222,NEG,NEG,1,21,-6.993665933609009,-1.0,6.993665933609009,6.059069526590407,1.243620066813463,0.03476858693612937,1.0774291256671737,7.535180449485779,0.2106652855873108,3,1.0890477891453219,0.04795680189493697,0.9435130861752273,6.598616272211075,0.2905735969543457,5,0.993233876152443,0.046504546815128875,0.8605032479959656,6.018073111772537,0.28177428245544434,7,1.506825107898046,0.05076758263736665,1.3054608090201019,9.129958093166351,0.3076043128967285,11,1.3853734940580409,-0.00615458360291502,1.2002393594774003,8.394074320793152,-0.03729104995727539,2,1,0.1917748917748918,0.3333333333333333,0.2,0.14285714285714285,0.09090909090909091,0.5,0.5,0.5,0.5,0.5,0.26544566544566545,0.4,0.28571428571428575,0.22222222222222224,0.15384615384615385
bert,222,EV00223,POS,POS,1,13,7.270514726638794,1.0,7.270514726638794,6.059069526590407,0.3964485248731276,0.5907495181654396,0.33039047933274973,2.4021091759204865,3.5793924033641815,2,0.05670031634351526,0.6928573939853528,0.04725265329476912,0.3435511589050293,4.198071122169495,3,0.42076886407381764,0.7927965031076045,0.350658453664657,2.5494678020477295,4.803609132766724,4,0.6946555664902183,0.7286494199827578,0.5789089154949273,4.208966374397278,4.414937496185303,7,0.41366935258495924,0.14869475558604353,0.3447418948766455,2.506451368331909,0.9009518623352051,2,1,0.13392857142857142,0.0,0.0,0.25,0.2857142857142857,0.375,0.0,0.0,0.5,1.0,0.19444444444444445,0.0,0.0,0.3333333333333333,0.4444444444444445
bert,223,EV00224,POS,POS,1,30,7.249395847320557,1.0,7.249395847320557,6.059069526590407,0.32288909688305656,0.845230734078155,0.2698717601748526,1.9564074873924255,5.121311783790588,3,0.28222529555198234,1.865599291261986,0.23588482241029848,1.7100226879119873,11.30379581451416,6,0.3318283433020127,1.434845725919139,0.2773432114843224,2.010571002960205,8.693830013275146,9,0.2642672979754364,-0.040836592810175945,0.22087546947152945,1.6012139320373535,-0.24743175506591797,15,0.41323545070279477,0.12131451194167069,0.34538353733325994,2.5038223266601562,0.7350530624389648,4,1,0.31666666666666665,0.3333333333333333,0.3333333333333333,0.3333333333333333,0.26666666666666666,0.625,0.25,0.5,0.75,1.0,0.39207634470792363,0.28571428571428575,0.4,0.46153846153846156,0.4210526315789474
bert,224,EV00225,POS,POS,1,14,4.490351676940918,1.0,4.490351676940918,6.059069526590407,1.3240781835397524,0.1740482038749922,1.7866484772804965,8.022681772708893,1.0545701682567596,2,1.2056798389112837,-0.21340988147600562,1.6268873508057213,7.3052979707717896,-1.2930653095245361,3,0.9512474797523947,0.4154675841133872,1.2835683589869382,5.76367461681366,2.517346978187561,5,1.5965465989365406,0.36447354774138224,2.1543044703535723,9.67358684539795,2.208370566368103,7,1.5428388165587903,0.12966156512120497,2.0818337289757545,9.348167657852173,0.7856284379959106,1,1,0.0,0.0,0.0,0.0,0.0,0.0,0.0,0.0,0.0,0.0,0.0,0.0,0.0,0.0,0.0
bert,225,EV00226,POS,POS,1,7,8.079614877700806,1.0,8.079614877700806,6.059069526590407,0.2548207046880947,0.3596704217294842,0.19109526862300458,1.543976366519928,2.179268091917038,1,0.05277316394071666,0.16937192933608117,0.03957567714790276,0.31975626945495605,1.0262362957000732,2,0.032260862675150694,0.928077544214462,0.024193082059260972,0.19547080993652344,5.6232863664627075,3,0.17221773072557048,0.2551134123715944,0.129149605621449,1.0434792041778564,1.5457499027252197,4,0.7620310614109411,0.08611880099579934,0.5714627096634055,4.617199182510376,0.5217998027801514,3,1,0.7291666666666666,1.0,0.5,0.6666666666666666,0.75,0.5833333333333333,0.3333333333333333,0.3333333333333333,0.6666666666666666,1.0,0.6059523809523809,0.5,0.4,0.6666666666666666,0.8571428571428571
bert,226,EV00227,POS,POS,1,20,4.282546520233154,1.0,4.282546520233154,6.059069526590407,-0.18361450186563302,1.31368024847268,-0.2597829977689459,-1.1125330328941345,7.959679961204529,2,-0.3814763670066376,1.5069490278674307,-0.5397235686291922,-2.311391830444336,9.130708932876587,4,-0.1597224032037415,1.144390381562939,-0.22597977988412093,-0.9677691459655762,6.933940887451172,6,-0.17236414850951298,1.5528396115858503,-0.2438656791959742,-1.0443663597106934,9.40876317024231,10,-0.020895088742640056,1.0505419728744998,-0.02956296336649637,-0.12660479545593262,6.365306854248047,4,1,0.475,0.5,0.5,0.5,0.4,0.625,0.25,0.5,0.75,1.0,0.5011904761904762,0.3333333333333333,0.5,0.6,0.5714285714285715
bert,227,EV00228,NEG,NEG,1,15,-7.339694976806641,-1.0,7.339694976806641,6.059069526590407,0.3299354416683715,0.010214627556592358,0.272368472300776,1.9991017803549767,0.061891138553619385,2,0.021710046744046443,0.017775142580044766,0.01792208874364531,0.13154268264770508,0.10770082473754883,3,0.05856144731500477,-0.01613967836236075,0.04834367553923585,0.354827880859375,-0.09779143333435059,5,0.1603563556136038,0.015031176510319839,0.13237745960646863,0.9716103076934814,0.09107494354248047,8,1.079113917000831,0.02419186949836558,0.8908306653137542,6.538426250219345,0.14658021926879883,5,1,0.85625,1.0,1.0,0.8,0.625,0.7,0.4,0.6,0.8,1.0,0.7226648351648352,0.5714285714285715,0.7499999999999999,0.8000000000000002,0.7692307692307693
bert,228,EV00229,POS,POS,1,13,2.1246118545532227,1.0,2.1246118545532227,6.059069526590407,0.007276753713466857,-0.3819117444778636,0.020752183901778243,0.044090356677770615,-2.314029812812805,2,0.1238976092919108,-0.8795400094884808,0.35333695137408183,0.7507042288780212,-5.329194068908691,3,0.3572395486061436,-0.4148669013182315,1.0187923216286716,2.164539262652397,-2.513707399368286,4,-0.03740079189033624,-0.008250864447245272,-0.10666131381415359,-0.22661399841308594,-0.04999256134033203,7,-0.41462935115385074,-0.2249892026574966,-1.1824592235814868,-2.51226806640625,-1.3632252216339111,1,1,0.306547619047619,0.5,0.3333333333333333,0.25,0.14285714285714285,1.0,1.0,1.0,1.0,1.0,0.4541666666666666,0.6666666666666666,0.5,0.4,0.25
bert,229,EV00230,POS,POS,1,15,8.326818943023682,1.0,8.326818943023682,6.059069526590407,0.5245343699184336,0.0681134960339417,0.38168115056754776,3.178190216422081,0.4127044081687927,2,0.06910037983553373,0.10526451004520752,0.05028138095961636,0.4186840057373047,0.6378049850463867,3,0.13949372983031677,0.019348592708104115,0.10150360081623107,0.8452022075653076,0.11723446846008301,5,0.2446973669081072,0.07832493631816122,0.17805577269771494,1.4826383590698242,0.4745762348175049,8,1.6448460030997767,0.06951594506429395,1.1968838477966286,9.966236293315887,0.4212019443511963,4,1,0.6916666666666667,1.0,0.6666666666666666,0.6,0.5,0.6875,0.5,0.5,0.75,1.0,0.6428571428571428,0.6666666666666666,0.5714285714285715,0.6666666666666665,0.6666666666666666
bert,230,EV00231,POS,POS,1,21,6.5802226066589355,1.0,6.5802226066589355,6.059069526590407,0.8468418779750831,0.2150029471013225,0.7797719535681078,5.131073816679418,1.3027178049087524,3,0.7241857827462392,-0.08276579045957023,0.6668302279860793,4.387892007827759,-0.501483678817749,5,1.1527564544706472,-0.21045756223079679,1.0614580783843455,6.984631504863501,-1.275177001953125,7,0.9060893145019112,0.4910173702463238,0.8343269897867895,5.490058153867722,2.9751083850860596,11,0.6043359601815349,0.6622177708493333,0.5564725181152167,3.6617136001586914,4.012423515319824,4,1,0.6837662337662338,1.0,0.8,0.5714285714285714,0.36363636363636365,0.9375,0.75,1.0,1.0,1.0,0.7516594516594517,0.8571428571428571,0.888888888888889,0.7272727272727273,0.5333333333333333
bert,231,EV00232,POS,NEG,0,27,-3.5046833753585815,-1.0,3.5046833753585815,6.059069526590407,0.8519493849633221,0.02338776691382163,1.472891708287013,5.162020556628704,0.141708105802536,3,0.831136389388461,-0.06967009493491871,1.4369091849729703,5.035913169384003,-0.42213594913482666,6,0.50002019979794,0.04885506181749528,0.8644593437791,3.029657155275345,0.29601621627807617,9,1.1252594480786666,0.13040504558847227,1.945403494619627,6.818025231361389,0.7901332378387451,14,0.9513815025882206,-0.016038944815762308,1.6447948097763543,5.76448667049408,-0.09718108177185059,6,1,0.4781746031746032,0.3333333333333333,0.6666666666666666,0.5555555555555556,0.35714285714285715,0.625,0.16666666666666666,0.6666666666666666,0.8333333333333334,0.8333333333333334,0.5138888888888888,0.2222222222222222,0.6666666666666666,0.6666666666666667,0.5
bert,232,EV00233,NEG,NEG,1,14,-5.723469972610474,-1.0,5.723469972610474,6.059069526590407,0.70383146557725,0.33740134315085807,0.7451009720050198,4.26456378493458,2.044338196516037,2,0.48379270913052935,0.3658269383540698,0.512160134140145,2.9313336610794067,2.2165708541870117,3,0.5804967761433888,0.42148383616041674,0.6145344919972843,3.51727032661438,2.553799867630005,5,0.8306807274862696,0.3670094754279564,0.8793881031849432,5.033152282238007,2.2237359285354614,7,0.9203556495488122,0.1952851226609893,0.9743211586977069,5.576498869806528,1.18324613571167,1,1,0.16904761904761906,0.0,0.3333333333333333,0.2,0.14285714285714285,0.75,0.0,1.0,1.0,1.0,0.27083333333333337,0.0,0.5,0.33333333333333337,0.25
bert,233,EV00234,NEG,NEG,1,26,-4.025701999664307,-1.0,4.025701999664307,6.059069526590407,0.33713052819433387,-0.16471520635223505,0.5074138131988255,2.0426973098656163,-0.9980208873748779,3,0.6610608102682447,-0.09133919900113872,0.9949599886165188,4.005413410719484,-0.5534305572509766,6,0.2034585285197662,-0.2374259394563236,0.30622461969545145,1.2327693700790405,-1.4385802745819092,8,0.05596734207036584,-0.2578062246871873,0.08423622330089738,0.33911001682281494,-1.562065839767456,13,0.4280354319189587,-0.07228946226429053,0.6442344211824347,2.5934964418411255,-0.4380068778991699,3,1,0.2139423076923077,0.3333333333333333,0.16666666666666666,0.125,0.23076923076923078,0.5,0.3333333333333333,0.3333333333333333,0.3333333333333333,1.0,0.27809343434343436,0.3333333333333333,0.2222222222222222,0.18181818181818182,0.375
bert,234,EV00235,NEG,NEG,1,22,-7.047048330307007,-1.0,7.047048330307007,6.059069526590407,1.6579824298011558,0.1828408111716466,1.42553717806781,10.045830816030502,1.1078451871871948,3,2.281648552583417,0.1243598523213165,1.9617667717880178,13.82466721534729,0.7535049915313721,5,1.5357516901807882,0.39974703206805506,1.3204429017355466,9.305226266384125,2.4220950603485107,7,1.4258349724542625,0.12367761863736189,1.2259362502813818,8.639233231544495,0.7493712902069092,11,1.3886945039861562,0.08357874165985298,1.1940027884662945,8.4141965508461,0.5064094066619873,6,1,0.7292207792207792,1.0,0.8,0.5714285714285714,0.5454545454545454,0.7083333333333333,0.5,0.6666666666666666,0.6666666666666666,1.0,0.6788015905662963,0.6666666666666666,0.7272727272727272,0.6153846153846153,0.7058823529411764
bert,235,EV00236,NEG,NEG,1,24,-3.3806248903274536,-1.0,3.3806248903274536,6.059069526590407,0.5675253307511746,0.032862905471558054,1.0171712424498727,3.4386754371225834,0.19911862909793854,3,0.2644175621281992,0.24363652658275275,0.4739135429241811,1.6021243929862976,1.4762106537818909,5,0.4934819704169801,0.008083867114525042,0.8844639028028304,2.990041568875313,0.048980712890625,8,0.7164256303600262,-0.12986736060898227,1.2840440929600443,4.340872704982758,-0.7868753671646118,12,0.7957761600994928,0.009598588797936666,1.4262634311124354,4.821663081645966,0.0581585168838501,0,0,NA,NA,NA,NA,NA,NA,NA,NA,NA,NA,NA,NA,NA,NA,NA
bert,236,EV00237,NEG,NEG,1,21,-6.201049089431763,-1.0,6.201049089431763,6.059069526590407,1.294173374244579,0.3482034937074926,1.264541705182157,7.84148645401001,2.109789177775383,3,1.2094033501863348,0.2889452855342228,1.1817125936394202,7.327858984470367,1.750739574432373,5,1.6154674478874969,0.24980857132289555,1.578479361322311,9.788229584693909,1.5136075019836426,7,1.0927860710668786,0.7834462952977601,1.0677654085665558,6.621266782283783,4.746955573558807,11,1.259036627837605,0.07061382267509206,1.230209457200342,7.62859046459198,0.427854061126709,4,1,0.46471861471861475,0.6666666666666666,0.4,0.42857142857142855,0.36363636363636365,0.6875,0.5,0.5,0.75,1.0,0.5236652236652237,0.5714285714285715,0.4444444444444445,0.5454545454545454,0.5333333333333333
bert,237,EV00238,NEG,NEG,1,33,-6.478277206420898,-1.0,6.478277206420898,6.059069526590407,1.0217197319536113,0.21550253483055967,0.9556043589576636,6.190670892596245,1.3057448416948318,4,2.2385229866719993,0.0169167432366678,2.0936684070889737,13.563366413116455,0.10249972343444824,7,0.7296118483549705,0.9619528488818005,0.6823987448123623,4.420768916606903,5.828539192676544,10,0.5000136235893559,-0.049559567059018136,0.46765779625943343,3.0296173095703125,-0.30028486251831055,17,0.6187304691981192,-0.06729988573721149,0.5786924876698847,3.7489309310913086,-0.4077746868133545,5,1,0.16953781512605043,0.0,0.14285714285714285,0.3,0.23529411764705882,0.4,0.0,0.2,0.6,0.8,0.23257575757575755,0.0,0.16666666666666666,0.4,0.3636363636363636
bert,238,EV00239,NEG,NEG,1,17,-4.528428316116333,-1.0,4.528428316116333,6.059069526590407,1.4361032548884463,-0.024290532301647714,1.9215160183165692,8.70144946873188,-0.1471780240535736,2,0.48840987649026685,0.16463164866231247,0.6534957691833688,2.95930939912796,0.9975146055221558,4,1.6471111798680864,0.0871283400081156,2.203846071159193,9.979961156845093,0.527916669845581,6,1.94999094477308,-0.11854764472971127,2.6091012768053288,11.815130710601807,-0.7182884216308594,9,1.6589010184223516,-0.23037447314730766,2.2196209561183853,10.051396608352661,-1.3958549499511719,1,1,0.06944444444444445,0.0,0.0,0.16666666666666666,0.1111111111111111,0.5,0.0,0.0,1.0,1.0,0.12142857142857141,0.0,0.0,0.2857142857142857,0.19999999999999998
bert,239,EV00240,POS,POS,1,22,7.986785888671875,1.0,7.986785888671875,6.059069526590407,0.720695219334769,0.41504136513160295,0.5467458318719249,4.366742441430688,2.5147644877433777,3,0.2826205566752563,0.7572464933908065,0.21440632214287375,1.7124176025390625,4.58820915222168,5,0.2489317172789894,0.49927091042840055,0.18884873271205538,1.5082945823669434,3.0251171588897705,7,1.0034966423428517,0.2838702428887016,0.7612893658499071,6.080255925655365,1.719989538192749,11,1.3477319610419785,0.11977781381850311,1.0224389067828636,8.16600165516138,0.7257421016693115,3,1,0.18961038961038962,0.0,0.2,0.2857142857142857,0.2727272727272727,0.5,0.0,0.3333333333333333,0.6666666666666666,1.0,0.26964285714285713,0.0,0.25,0.4,0.42857142857142855
bert,240,EV00241,NEG,NEG,1,5,-4.805007457733154,-1.0,4.805007457733154,6.059069526590407,1.0882068054418432,0.32068716386192286,1.3722183324920878,6.5935206934809685,1.9430658221244812,1,0.8766529875185585,0.4009243652311848,1.1054509994710862,5.311701402068138,2.4292286038398743,1,0.8766529875185585,0.4009243652311848,1.1054509994710862,5.311701402068138,2.4292286038398743,2,1.3108941789284,0.27753693593865764,1.6530249721718437,7.942798972129822,1.6816155910491943,3,1.288627067801856,0.20336298904666422,1.6249463588543356,7.807880997657776,1.232190489768982,0,0,NA,NA,NA,NA,NA,NA,NA,NA,NA,NA,NA,NA,NA,NA,NA
bert,241,EV00242,POS,POS,1,31,7.708153247833252,1.0,7.708153247833252,6.059069526590407,0.5283595123900956,0.14029291870328592,0.4153221274090218,3.2013670206069946,0.8500445485115051,4,0.15602721340141082,0.10570671457515804,0.12264670680468688,0.9453797340393066,0.6404843330383301,7,0.4221221563139011,0.12113999894199722,0.3318132216333302,2.5576674938201904,0.7339956760406494,10,0.6067884482253114,0.21039554814117212,0.4769719543122198,3.676573395729065,1.274801254272461,16,0.928500231619759,0.12392941315481636,0.7298566268858504,5.6258474588394165,0.7508969306945801,4,1,0.4303571428571429,0.5,0.5714285714285714,0.4,0.25,0.875,0.5,1.0,1.0,1.0,0.5496753246753247,0.5,0.7272727272727273,0.5714285714285715,0.4
bert,242,EV00243,POS,POS,1,10,8.247716426849365,1.0,8.247716426849365,6.059069526590407,0.06798983183332755,0.13220616927146076,0.04994777304545562,0.4119551181793213,0.8010463714599609,1,0.010957921115911864,0.24733328050948863,0.008050082522476283,0.06639480590820312,1.4986095428466797,2,0.07069015981587369,0.15964114743275487,0.05193153099254315,0.428316593170166,0.9672768115997314,3,0.10643616710908067,0.03864807781224149,0.07819183214962165,0.6449041366577148,0.23417139053344727,5,0.08387507929244395,0.08320217133135802,0.061617646517181414,0.5082049369812012,0.5041277408599854,3,1,0.8166666666666667,1.0,1.0,0.6666666666666666,0.6,0.6666666666666666,0.3333333333333333,0.6666666666666666,0.6666666666666666,1.0,0.6791666666666667,0.5,0.8,0.6666666666666666,0.7499999999999999
bert,243,EV00244,POS,POS,1,24,7.684948444366455,1.0,7.684948444366455,6.059069526590407,0.31598324170262954,0.3462302013669521,0.24913168844814562,1.9145644307136536,2.09783286228776,3,-0.038364804061475015,1.1837988033661055,-0.03024808645330765,-0.23245501518249512,7.17271925508976,5,0.0591403504156127,0.2277244725890191,0.046628217607573116,0.3583354949951172,1.379798412322998,8,0.5075170923396907,0.023058617099133098,0.4001433413037499,3.0750813484191895,0.13971376419067383,12,0.7356403281166897,-0.04966108758644938,0.5800032813345671,4.457295894622803,-0.3008999824523926,4,1,0.42291666666666666,0.6666666666666666,0.4,0.375,0.25,0.625,0.5,0.5,0.75,0.75,0.472718253968254,0.5714285714285715,0.4444444444444445,0.5,0.375
bert,244,EV00245,POS,POS,1,32,7.165823698043823,1.0,7.165823698043823,6.059069526590407,0.24111792231176063,0.4224155944139862,0.20387747634864725,1.460950255393982,2.5594454556703568,4,0.09662491641560053,0.12769913004201325,0.08170128509045615,0.5854570865631104,0.773737907409668,7,0.23890349596990623,0.28133647939941764,0.20200506616109803,1.4475328922271729,1.7046372890472412,10,0.5084465167032279,0.3660478832228785,0.4299174100782235,3.0807127952575684,2.217909574508667,16,0.12049676015830786,0.9145788849916354,0.10188614406481133,0.7300982475280762,5.541497051715851,1,1,0.07633928571428572,0.0,0.14285714285714285,0.1,0.0625,0.75,0.0,1.0,1.0,1.0,0.1373663101604278,0.0,0.25,0.18181818181818182,0.11764705882352941
bert,245,EV00246,POS,POS,1,15,6.722386598587036,1.0,6.722386598587036,6.059069526590407,0.9070151224425902,0.02577084816677535,0.8175172299948439,5.495667688548565,0.15614736080169678,2,0.990725905959954,-0.21730976499294766,0.8929680203604091,6.0028771460056305,-1.316694974899292,3,0.42863312418694977,0.12028108806107893,0.38633861299432826,2.5971179008483887,0.7287914752960205,5,0.9241500376702886,0.09895308116231541,0.8329613919349677,5.599489331245422,0.5995635986328125,8,1.2845514219531684,0.10115898843665475,1.1578008946896707,7.783186376094818,0.6129293441772461,2,1,0.37083333333333335,0.5,0.3333333333333333,0.4,0.25,0.75,0.5,0.5,1.0,1.0,0.46785714285714286,0.5,0.4,0.5714285714285715,0.4
bert,246,EV00247,NEG,NEG,1,4,-6.9733827114105225,-1.0,6.9733827114105225,6.059069526590407,0.0780669836756901,-0.017162655072397087,0.06783124253555912,0.4730132818222046,-0.10398972034454346,1,0.059888965932814016,0.009646102765716986,0.052036632928826106,0.3628714084625244,0.058446407318115234,1,0.059888965932814016,0.009646102765716986,0.052036632928826106,0.3628714084625244,0.058446407318115234,2,0.09624500141856616,-0.04397141291051116,0.08362585214229214,0.5831551551818848,-0.26642584800720215,2,0.09624500141856616,-0.04397141291051116,0.08362585214229214,0.5831551551818848,-0.26642584800720215,3,1,0.25,0.0,0.0,0.5,0.5,0.16666666666666666,0.0,0.0,0.3333333333333333,0.3333333333333333,0.2,0.0,0.0,0.4,0.4
bert,247,EV00248,POS,POS,1,26,6.9492506980896,1.0,6.9492506980896,6.059069526590407,0.22130371239393018,0.7615851224110074,0.19295524729029628,1.3408945798873901,4.61449720710516,3,-0.04752266391852267,1.2545232583310837,-0.04143512672742532,-0.28794312477111816,7.601243644952774,6,0.284434114655403,0.6343948308119894,0.24799879919517828,1.7234060764312744,3.843842387199402,8,0.3253612889594343,0.9066543421467108,0.283683302420638,1.9713866710662842,5.493481695652008,13,0.3229421098794061,0.2507680583542457,0.28157401427279416,1.9567286968231201,1.519421100616455,5,1,0.49358974358974356,0.6666666666666666,0.5,0.5,0.3076923076923077,0.65,0.4,0.6,0.8,0.8,0.5263209013209014,0.5,0.5454545454545454,0.6153846153846154,0.4444444444444444
bert,248,EV00249,POS,POS,1,14,8.035638332366943,1.0,8.035638332366943,6.059069526590407,0.46022323817967453,0.3674549557656234,0.3470196312384579,2.7885245978832245,2.226435124874115,2,0.20276277844000823,0.6621887706056445,0.15288811769141197,1.2285537719726562,4.012247800827026,3,0.2775365424482412,0.3243696931101059,0.20926937326442632,1.6816132068634033,1.9653785228729248,5,0.4082697983930329,0.33001120455907673,0.3078454609213754,2.4737350940704346,1.999560832977295,7,0.9523238334374157,0.15325015478766663,0.718075573076618,5.770196318626404,0.9285533428192139,3,1,0.3297619047619047,0.5,0.3333333333333333,0.2,0.2857142857142857,0.41666666666666663,0.3333333333333333,0.3333333333333333,0.3333333333333333,0.6666666666666666,0.3458333333333333,0.4,0.3333333333333333,0.25,0.4
bert,249,EV00250,NEG,NEG,1,11,-5.003278493881226,-1.0,5.003278493881226,6.059069526590407,0.42706757583831473,0.18449740090606112,0.5171872044568612,2.5876321345567703,1.1178825795650482,2,0.3193987286797226,0.18987754126456835,0.38679812034121913,1.9352591037750244,1.1504812240600586,3,0.8086621940930259,0.15997207287294743,0.9793057660534338,4.89974045753479,0.9692819118499756,4,0.5856115318091851,0.1915297484994702,0.709187042447722,3.548260986804962,1.1604920625686646,6,-0.00540215122867462,0.1966102409872585,-0.00654211101493031,-0.03273200988769531,1.1912751197814941,5,1,0.625,1.0,0.6666666666666666,0.5,0.3333333333333333,0.4,0.4,0.4,0.4,0.4,0.4698773448773449,0.5714285714285715,0.5,0.4444444444444445,0.3636363636363636
bert,250,EV00251,NEG,NEG,1,16,-6.96268105506897,-1.0,6.96268105506897,6.059069526590407,2.2032014670027444,0.21823397560846755,1.9172713566515678,13.34935086965561,1.32229483127594,2,2.2792205199690194,0.33686258099135313,1.9834247044025093,13.809955596923828,2.041073799133301,4,2.3798485717868254,0.16129534179425956,2.070993310503882,14.419667959213257,0.977299690246582,5,2.069602076051196,0.2574797456887001,1.8010104112165766,12.539862871170044,1.5600876808166504,8,2.0841347002039368,0.11729823395955745,1.813657000483303,12.627917051315308,0.7107181549072266,3,1,0.56875,1.0,0.5,0.4,0.375,0.75,0.6666666666666666,0.6666666666666666,0.6666666666666666,1.0,0.6042207792207792,0.8,0.5714285714285715,0.5,0.5454545454545454
bert,251,EV00252,NEG,NEG,1,18,-6.5805768966674805,-1.0,6.5805768966674805,6.059069526590407,1.3302710777385054,0.11173106268750502,1.2248475856978738,8.060204949229956,0.6769862771034241,2,1.1619064648087165,0.3006002355737459,1.0698258062162136,7.040072053670883,1.8213577270507812,4,0.6304230172469294,-0.09377427509398951,0.5804622257562592,3.8197768926620483,-0.5681848526000977,6,1.1882063485437664,0.03828468941269594,1.0940414338699203,7.1994248777627945,0.23196959495544434,9,2.340548480354609,0.20181360085756775,2.155060876949102,14.181545972824097,1.2228026390075684,1,1,0.13194444444444442,0.0,0.25,0.16666666666666666,0.1111111111111111,0.75,0.0,1.0,1.0,1.0,0.22142857142857142,0.0,0.4,0.2857142857142857,0.19999999999999998
bert,252,EV00253,NEG,NEG,1,15,-5.184577703475952,-1.0,5.184577703475952,6.059069526590407,1.8927388171441262,0.250984266582167,2.2119899696119907,11.468236088752747,1.520731121301651,2,2.0204236044604613,0.32003758004526905,2.3612115453822455,12.241887092590332,1.9391299486160278,3,1.9609504791996992,0.21838971911527874,2.2917069970807633,11.881535291671753,1.323238492012024,5,1.8600452133835392,0.27802244408893295,2.1737818856788866,11.270143270492554,1.684557318687439,8,1.7295359715328043,0.18748732307918717,2.0212594503060677,10.479378700256348,1.1359987258911133,3,1,0.37083333333333335,0.5,0.3333333333333333,0.4,0.25,0.5,0.3333333333333333,0.3333333333333333,0.6666666666666666,0.6666666666666666,0.3992424242424243,0.4,0.3333333333333333,0.5,0.36363636363636365
bert,253,EV00254,NEG,NEG,1,7,-7.028167486190796,-1.0,7.028167486190796,6.059069526590407,1.1691635827355762,0.013584705739632823,1.007950143721139,7.084043435752392,0.08231067657470703,1,0.09758770876644846,0.09423839704013352,0.08413155056233457,0.5912907123565674,0.5709969997406006,2,1.0062466534090986,-0.004293728074716988,0.8674974775980538,6.096918433904648,-0.0260159969329834,3,1.9504170948940416,0.013151866281592638,1.681478297942537,11.817712783813477,0.07968807220458984,4,1.6224028738727165,-0.048757712288477875,1.3986932487816301,9.830251812934875,-0.2954263687133789,2,1,0.5208333333333333,1.0,0.5,0.3333333333333333,0.25,0.5,0.5,0.5,0.5,0.5,0.4749999999999999,0.6666666666666666,0.5,0.4,0.3333333333333333
bert,254,EV00255,POS,POS,1,15,6.62346076965332,1.0,6.62346076965332,6.059069526590407,0.2512128377871085,0.48705754092375825,0.2298067238944504,1.5221160501241684,2.9511155039072037,2,-0.003000482472176197,0.8236000248393152,-0.0027448081599152968,-0.018180131912231445,4.990249812602997,3,-0.0065298160639942196,0.7614071233321762,-0.005973403471408388,-0.03956460952758789,4.613418698310852,5,0.1256387748727003,0.24705516148317702,0.11493296083887201,0.761254072189331,1.4969244003295898,8,0.8887428748119043,0.11616785404036468,0.8130121463702532,5.384954869747162,0.703869104385376,1,1,0.08125,0.0,0.0,0.2,0.125,0.5,0.0,0.0,1.0,1.0,0.1388888888888889,0.0,0.0,0.33333333333333337,0.2222222222222222
bert,255,EV00256,POS,POS,1,17,7.8185951709747314,1.0,7.8185951709747314,6.059069526590407,0.30361885795411814,0.497559077406253,0.2352913144123458,1.8396477699279785,3.014745043590665,2,0.18468614350291765,1.2474964306704222,0.14312367074747182,1.1190261840820312,7.558667607605457,4,0.4454693199353804,0.5940667653414482,0.34521920846500503,2.699129581451416,3.599491834640503,6,0.02537611825556352,0.11005482302542154,0.01966538000724892,0.15375566482543945,0.6668298244476318,9,0.5589438501226109,0.03861829058772,0.43315699842965744,3.3866796493530273,0.23399090766906738,6,1,0.5763888888888888,0.5,0.75,0.5,0.5555555555555556,0.5,0.16666666666666666,0.5,0.5,0.8333333333333334,0.5041666666666667,0.25,0.6,0.5,0.6666666666666667
bert,256,EV00257,POS,POS,1,19,7.2624266147613525,1.0,7.2624266147613525,6.059069526590407,0.06669082159618649,0.6981973097860436,0.055640392754538914,0.40408432483673096,4.230426043272018,2,0.03843641931725984,1.8408927756480107,0.03206764312846274,0.23288893699645996,11.154097318649292,4,-0.12109647890194335,0.8294677440914141,-0.1010312286763183,-0.7337319850921631,5.025802731513977,6,-0.12491286375252529,0.06721567878810185,-0.10421525230815483,-0.7568557262420654,0.40726447105407715,10,0.4743362097219548,0.055213040616647543,0.39574040887416606,2.8740360736846924,0.33453965187072754,5,1,0.375,0.0,0.5,0.5,0.5,0.5,0.0,0.4,0.6,1.0,0.41414141414141414,0.0,0.4444444444444445,0.5454545454545454,0.6666666666666666
bert,257,EV00258,POS,NEG,0,11,-2.0756924152374268,-1.0,2.0756924152374268,6.059069526590407,1.6322116062275316,0.691254183685238,4.764520391904405,9.889683604240417,4.188357159495354,2,1.5306778378437764,1.46002624008871,4.468137430231074,9.274483442306519,8.846400499343872,3,1.6418712647380935,0.7993350940078845,4.79271749562356,9.948212146759033,4.843226909637451,4,1.6667441874491646,0.09059871889829647,4.865323000333247,10.098918914794922,0.5489439368247986,6,1.6895531348790918,0.4150566817460613,4.931903641429739,10.237119913101196,2.514857292175293,3,1,0.3125,0.5,0.3333333333333333,0.25,0.16666666666666666,0.3333333333333333,0.3333333333333333,0.3333333333333333,0.3333333333333333,0.3333333333333333,0.3103174603174603,0.4,0.3333333333333333,0.28571428571428575,0.2222222222222222
bert,258,EV00259,POS,POS,1,15,7.660462141036987,1.0,7.660462141036987,6.059069526590407,0.4180565838198733,0.0032107735879608568,0.3306632850752923,2.5330339074134827,0.01945430040359497,2,0.28468716834219,-0.004077741185154936,0.22517428966833639,1.7249393463134766,-0.024707317352294922,3,0.22765411650256676,-0.015111842045681874,0.18006380221507606,1.3793721199035645,-0.09156370162963867,5,0.5164933563695696,0.019540340588015917,0.4085221870595185,3.129469156265259,0.11839628219604492,8,0.6433916940651669,0.012492336994664318,0.5088928613582384,3.898355007171631,0.07569193840026855,4,1,0.775,1.0,1.0,0.6,0.5,0.75,0.5,0.75,0.75,1.0,0.7142857142857142,0.6666666666666666,0.8571428571428571,0.6666666666666665,0.6666666666666666
bert,259,EV00260,NEG,NEG,1,9,-6.974895238876343,-1.0,6.974895238876343,6.059069526590407,0.8867627023836573,0.04191782577636032,0.7703278562600324,5.372956867329776,0.2539830207824707,1,0.24117216496566138,0.05668654417894125,0.20950547009724202,1.4612789154052734,0.34346771240234375,2,0.9316821131738957,0.04164604194575273,0.8093492013453575,5.645126700401306,0.2523362636566162,3,1.1353672669655286,0.029649660271919183,0.986289827569868,6.879269208759069,0.17964935302734375,5,1.2388292644295436,0.039689056708828135,1.076166926027662,7.506152644753456,0.2404787540435791,2,1,0.7666666666666666,1.0,1.0,0.6666666666666666,0.4,0.875,0.5,1.0,1.0,1.0,0.7595238095238096,0.6666666666666666,1.0,0.8,0.5714285714285715
bert,260,EV00261,NEG,NEG,1,15,-6.479618310928345,-1.0,6.479618310928345,6.059069526590407,0.6453666925555598,0.3107068352551458,0.6034801541110283,3.9103216603398323,1.8825943171977997,2,0.580371154327953,0.16816820280327144,0.5427030519169161,3.516509175300598,1.0189428329467773,3,0.3796671767701129,0.4388725908260774,0.35502545915538025,2.3004298210144043,2.659159541130066,5,0.6348572017257804,0.5927489265878824,0.5936527657150309,3.8466439247131348,3.5915069580078125,8,0.9865712373983928,0.04303762080335192,0.9225393396567857,5.977703720331192,0.26076793670654297,4,1,0.825,1.0,1.0,0.8,0.5,0.8125,0.5,0.75,1.0,1.0,0.7698412698412698,0.6666666666666666,0.8571428571428571,0.888888888888889,0.6666666666666666
bert,261,EV00262,POS,POS,1,21,8.057943344116211,1.0,8.057943344116211,6.059069526590407,0.38778564644813013,0.3072310261972186,0.2915905214657736,2.3496201932430267,1.8615341484546661,3,-0.002729131481026642,1.0240023231321618,-0.002052135964778834,-0.01653599739074707,6.204501271247864,5,0.11177229064588334,0.03884773484952294,0.08404576294501033,0.6772360801696777,0.2353811264038086,7,0.9191658126128727,0.05151466354194401,0.6911551293045324,5.569289565086365,0.3121309280395508,11,0.5229336140147912,0.11455938326524573,0.3932133295783305,3.1684911251068115,0.6941232681274414,5,1,0.7422077922077922,1.0,0.8,0.7142857142857143,0.45454545454545453,0.85,0.6,0.8,1.0,1.0,0.7520833333333333,0.7499999999999999,0.8000000000000002,0.8333333333333333,0.625
bert,262,EV00263,NEG,NEG,1,5,-6.852537393569946,-1.0,6.852537393569946,6.059069526590407,2.107381675017113,0.244206895859955,1.8633638156588463,12.768772087991238,1.4796665608882904,1,2.328530063217457,0.2275812027284078,2.0589049980412217,14.108725547790527,1.3789303302764893,1,2.328530063217457,0.2275812027284078,2.0589049980412217,14.108725547790527,1.3789303302764893,2,2.4671409579495385,0.5297322824057908,2.181465865283156,14.948578596115112,3.209684729576111,3,1.3053256156839996,-0.008067104422786395,1.1541794012697861,7.909058660268784,-0.048879146575927734,3,1,0.7916666666666666,1.0,1.0,0.5,0.6666666666666666,0.41666666666666663,0.3333333333333333,0.3333333333333333,0.3333333333333333,0.6666666666666666,0.5166666666666666,0.5,0.5,0.4,0.6666666666666666
bert,263,EV00264,POS,POS,1,25,7.509599924087524,1.0,7.509599924087524,6.059069526590407,0.5959185804273295,-0.09744919030261519,0.48081278186363496,3.6107121109962463,-0.5904514193534851,3,0.4832542371702065,-0.08780050033741038,0.38991033633248295,2.9280710220336914,-0.531989336013794,5,0.45460101267973746,-0.08008269735726241,0.36679168048062755,2.7544591426849365,-0.4852266311645508,8,0.4696975479482214,-0.11273874245760379,0.3789722154687078,2.8459300994873047,-0.6830918788909912,13,0.9761215239111524,-0.1091748210581842,0.7875768951727214,5.914388179779053,-0.6614978313446045,2,1,0.2842948717948718,0.3333333333333333,0.4,0.25,0.15384615384615385,0.875,0.5,1.0,1.0,1.0,0.4095238095238095,0.4,0.5714285714285715,0.4,0.2666666666666667
bert,264,EV00265,POS,POS,1,42,4.904097080230713,1.0,4.904097080230713,6.059069526590407,0.4998441792381087,0.5639031549400932,0.6175632266968727,3.0285906344652176,3.4167284220457077,5,0.4311404254457308,0.5626501658664653,0.5326789494749572,2.6123098134994507,3.409136474132538,9,0.2457373227296112,0.9533795092010549,0.3036112857732349,1.4889395236968994,5.77659273147583,13,0.23960058391707995,0.32989044235028353,0.29602927445875,1.4517565965652466,1.9988291263580322,21,1.0828983848600127,0.4096925023425693,1.3379333970805485,6.561356604099274,2.4823553562164307,2,1,0.12081807081807082,0.2,0.1111111111111111,0.07692307692307693,0.09523809523809523,0.625,0.5,0.5,0.5,1.0,0.19369471108601546,0.28571428571428575,0.1818181818181818,0.13333333333333336,0.17391304347826084
bert,265,EV00266,NEG,NEG,1,21,-3.089303970336914,-1.0,3.089303970336914,6.059069526590407,0.031867143849860384,-0.3703255765631272,0.06250119106211272,0.19308524020016193,-2.2438284158706665,3,-0.02598494630233868,-0.41417282357274326,-0.05096440714087795,-0.15744459629058838,-2.5095019340515137,5,-0.18834926383631173,-0.456976002786004,-0.36941036764715185,-1.141221284866333,-2.7688493728637695,7,-0.10334382429919585,-0.4071375297198414,-0.20268876740397762,-0.6261674165725708,-2.466874599456787,11,0.4451466098372878,-0.2030159501739201,0.8730683064404583,2.69717425853014,-1.2300877571105957,2,1,0.3835497835497836,0.6666666666666666,0.4,0.2857142857142857,0.18181818181818182,1.0,1.0,1.0,1.0,1.0,0.5308913308913309,0.8,0.5714285714285715,0.4444444444444445,0.3076923076923077
bert,266,EV00267,NEG,NEG,1,12,-6.425588607788086,-1.0,6.425588607788086,6.059069526590407,0.7318489102330283,-0.06304402127781261,0.6901037415596466,4.43432343006134,-0.3819881081581116,2,0.5976039687415943,-0.15367957087908413,0.5635162245007006,3.6209239959716797,-0.9311552047729492,3,0.7210787627438227,-0.13161077892240566,0.6799479307419691,4.36906635761261,-0.7974388599395752,4,0.3485918416960134,-0.0348102083849241,0.3287079216323334,2.1121422052383423,-0.21091747283935547,6,1.260121067750683,0.06792447307516347,1.1882428893635832,7.6351611614227295,0.4115591049194336,4,1,0.6458333333333333,0.5,0.6666666666666666,0.75,0.6666666666666666,0.625,0.25,0.5,0.75,1.0,0.6136904761904762,0.3333333333333333,0.5714285714285715,0.75,0.8
bert,267,EV00268,NEG,NEG,1,6,-6.50732946395874,-1.0,6.50732946395874,6.059069526590407,0.7135231208532459,-0.016527768122795827,0.6643716992742844,4.323286198079586,-0.10014289617538452,1,0.22502650554897136,-0.07128039544047395,0.20952543443097904,1.3634512424468994,-0.43189287185668945,2,0.8094442366211004,0.03731587665847708,0.7536852377098273,4.904478907585144,0.22609949111938477,2,0.8094442366211004,0.03731587665847708,0.7536852377098273,4.904478907585144,0.22609949111938477,3,1.0101775046218113,-0.06946243036766353,0.9405908872465041,6.120735734701157,-0.42087769508361816,1,1,0.5833333333333334,1.0,0.5,0.5,0.3333333333333333,1.0,1.0,1.0,1.0,1.0,0.7083333333333333,1.0,0.6666666666666666,0.6666666666666666,0.5
bert,268,EV00269,POS,POS,1,18,7.415573835372925,1.0,7.415573835372925,6.059069526590407,2.26477717879176,0.8464020345413382,1.8504893677395478,13.722442388534546,5.128408774733543,2,2.280015370610148,1.4516595812491786,1.8629400901362414,13.81477165222168,8.795706331729889,4,2.268247842962493,0.21699627117820167,1.8533251553865966,13.743471384048462,1.3147954940795898,6,2.204928742371835,0.2085799440108601,1.8015887976048777,13.359816551208496,1.2638003826141357,9,2.305916759222564,1.5083723417271124,1.884103427830476,13.971709966659546,9.139332890510559,4,1,0.38888888888888884,0.5,0.5,0.3333333333333333,0.2222222222222222,0.4375,0.25,0.5,0.5,0.5,0.3852564102564103,0.3333333333333333,0.5,0.4,0.30769230769230765
bert,269,EV00270,NEG,POS,0,19,1.7226383090019226,1.0,1.7226383090019226,6.059069526590407,0.19324653120067595,0.13024928117748272,0.6797094215826996,1.170894168317318,0.789189450442791,2,0.5313651299122057,-0.0977327788457148,1.868979913159642,3.219578266143799,-0.5921697020530701,4,0.10281005454934902,-0.08139129892330321,0.3616156123291872,0.6229332685470581,-0.4931555390357971,6,0.39499534509084094,0.35333493828557455,1.3893240715443962,2.393304258584976,2.1408809572458267,10,-0.25618440474969195,0.3467862641933743,-0.9010819107024273,-1.5522391200065613,2.1012020856142044,2,1,0.3833333333333333,0.5,0.5,0.3333333333333333,0.2,0.875,0.5,1.0,1.0,1.0,0.5,0.5,0.6666666666666666,0.5,0.33333333333333337
bert,270,EV00271,NEG,NEG,1,16,-6.891055345535278,-1.0,6.891055345535278,6.059069526590407,1.1051774218203176,0.30584598419916187,0.971744606669166,6.696346838027239,1.8531420826911926,2,0.5580731542037214,0.19569069323317295,0.4906945862421764,3.3814040422439575,1.1857035160064697,4,0.881195344972193,0.4486089012697541,0.7748048476128953,5.339223861694336,2.7181525230407715,5,1.2564701185677314,0.3069333851276233,1.1047710865718972,7.613039806485176,1.8597307205200195,8,1.724971069537625,0.27215095716609705,1.5167079062496949,10.451719641685486,1.6489815711975098,4,1,0.4125,0.5,0.5,0.4,0.25,0.4375,0.25,0.5,0.5,0.5,0.40277777777777773,0.3333333333333333,0.5,0.4444444444444445,0.3333333333333333
bert,271,EV00272,NEG,NEG,1,15,-7.16413426399231,-1.0,7.16413426399231,6.059069526590407,1.2413126144185413,0.1984753019442818,1.0498405121966337,7.521199434995651,1.2025756537914276,2,0.189512382158149,0.6936293434842467,0.16028015347746352,1.148268699645996,4.202748417854309,3,1.5899461316682817,0.12103847841456597,1.3446974129217006,9.633594155311584,0.7333805561065674,5,1.875143283264647,0.023704728362862172,1.58590298856084,11.361623525619507,0.14362859725952148,8,1.3106486605830874,-0.04447134248454757,1.10848149382653,7.941311359405518,-0.2694549560546875,4,1,0.775,1.0,1.0,0.6,0.5,0.75,0.5,0.75,0.75,1.0,0.7142857142857142,0.6666666666666666,0.8571428571428571,0.6666666666666665,0.6666666666666666
bert,272,EV00273,NEG,NEG,1,24,-4.746739864349365,-1.0,4.746739864349365,6.059069526590407,1.497280692893187,-0.045350547633691694,1.9112330077249315,9.07212781906128,-0.27478212118148804,3,1.3933959373185658,-0.17338360348032253,1.778627294717306,8.4426828622818,-1.0505433082580566,5,1.6758182731965605,-0.09756417803954773,2.1391307681213454,10.153899431228638,-0.5911481380462646,8,1.7674586891114537,-0.012470576974637389,2.256106956066273,10.709155082702637,-0.07556009292602539,12,1.152449871946168,0.10201616795974086,1.4710670119948017,6.9827739000320435,0.6181230545043945,1,1,0.18541666666666667,0.3333333333333333,0.2,0.125,0.08333333333333333,1.0,1.0,1.0,1.0,1.0,0.3023504273504274,0.5,0.33333333333333337,0.2222222222222222,0.15384615384615385
bert,273,EV00274,POS,POS,1,8,8.11411190032959,1.0,8.11411190032959,6.059069526590407,0.7117024861938916,0.36695907914287595,0.5314511763720811,4.312254846096039,2.223430573940277,1,0.7429352666208533,0.0011615443601716545,0.5547736997877961,4.501496434211731,0.0070378780364990234,2,0.45004372472411563,0.8089479074843741,0.33606214895017894,2.726846218109131,4.9014716148376465,3,0.8800996905822476,0.5397006341480187,0.6571987943810761,5.3325852155685425,3.2700836658477783,4,0.7737312628483503,0.1180262305789394,0.5777700623692732,4.688091516494751,0.7151291370391846,2,1,0.7916666666666666,1.0,1.0,0.6666666666666666,0.5,0.875,0.5,1.0,1.0,1.0,0.7833333333333333,0.6666666666666666,1.0,0.8,0.6666666666666666
bert,274,EV00275,NEG,NEG,1,9,-6.768599987030029,-1.0,6.768599987030029,6.059069526590407,1.0633778761889834,0.18630528278695127,0.9519072696430628,6.443080484867096,1.1288366615772247,1,0.2251738677099132,0.4483709379404361,0.2015695891425697,1.3643441200256348,2.716710686683655,2,0.523245828985684,0.09422371984760179,0.4683955906689979,3.170382857322693,0.5709080696105957,3,1.3252570906645476,0.12406803982851414,1.1863344978275634,8.02982485294342,0.7517368793487549,5,2.179834717395789,0.07855843353125308,1.9513294009331206,13.207770109176636,0.47599101066589355,1,1,0.0,0.0,0.0,0.0,0.0,0.0,0.0,0.0,0.0,0.0,0.0,0.0,0.0,0.0,0.0
bert,275,EV00276,POS,POS,1,24,7.038172245025635,1.0,7.038172245025635,6.059069526590407,1.0275561736362366,0.9875183709825688,0.8846094123840348,6.226034298539162,5.983442468568683,3,0.8370030167046544,1.1814502435192458,0.7205647396877826,5.071459472179413,7.158489167690277,5,0.8488411070212306,1.14317989560257,0.730755993837556,5.1431872844696045,6.926606468856335,8,1.661416681352481,0.9521326069323056,1.4302914740080566,10.066639184951782,5.769037663936615,12,0.7629638894665801,0.6733107378761537,0.6568254420027436,4.622851252555847,4.079636573791504,2,1,0.2375,0.3333333333333333,0.2,0.25,0.16666666666666666,0.75,0.5,0.5,1.0,1.0,0.34285714285714286,0.4,0.28571428571428575,0.4,0.2857142857142857
bert,276,EV00277,POS,POS,1,9,7.8621861934661865,1.0,7.8621861934661865,6.059069526590407,0.50932063598874,-0.03865725597620403,0.3925128044963907,3.08600914478302,-0.2342270016670227,1,0.30524826241938957,-0.009293181211247677,0.23524248397532757,1.8495204448699951,-0.05630803108215332,2,0.38240897864254764,-0.05360464853961186,0.2947071256600432,2.317042589187622,-0.32479429244995117,3,0.6077128162369978,-0.05966345657517508,0.4683396763740341,3.6821742057800293,-0.36150503158569336,5,0.7419124866560252,-0.032067737578781494,0.5717619319761579,4.495299339294434,-0.19430065155029297,2,1,0.5083333333333333,1.0,0.5,0.3333333333333333,0.2,0.5,0.5,0.5,0.5,0.5,0.46309523809523806,0.6666666666666666,0.5,0.4,0.28571428571428575
bert,277,EV00278,NEG,NEG,1,11,-7.173048257827759,-1.0,7.173048257827759,6.059069526590407,0.17810894135552846,-0.016479162219109996,0.15044849410491443,1.0791744589805603,-0.09984838962554932,2,0.04455303109499224,-0.024958979065137703,0.03763391318278111,0.26994991302490234,-0.1512281894683838,3,0.09082868453490114,-0.025845827765620402,0.07672292421596635,0.5503373146057129,-0.1566016674041748,4,0.1370566075873007,-0.0007791897225556117,0.11577161742530082,0.8304355144500732,-0.004721164703369141,6,0.4399974422049197,-0.014332652323126261,0.3716655215956094,2.6659750938415527,-0.08684253692626953,5,1,0.7708333333333333,1.0,0.6666666666666666,0.75,0.6666666666666666,0.55,0.4,0.4,0.6,0.8,0.6163419913419913,0.5714285714285715,0.5,0.6666666666666665,0.7272727272727272
bert,278,EV00279,NEG,NEG,1,9,-6.930083274841309,-1.0,6.930083274841309,6.059069526590407,1.619114354571249,0.4098602811226634,1.4156143066633047,9.81032644584775,2.483371939510107,1,1.8278770177014507,0.21815124424841942,1.5981384204109732,11.075233936309814,1.321793556213379,2,1.2905964479868972,1.078959710565959,1.1283865100330681,7.81981360912323,6.537491902709007,3,1.0439338645142173,0.27079585487009816,0.9127259662940671,6.325267866253853,1.6407709121704102,5,2.3140500880824306,0.07153431480617697,2.02320632991511,14.020990371704102,0.43343138694763184,3,1,0.3916666666666666,0.0,0.5,0.6666666666666666,0.4,0.41666666666666663,0.0,0.3333333333333333,0.6666666666666666,0.6666666666666666,0.39166666666666666,0.0,0.4,0.6666666666666666,0.5
bert,279,EV00280,POS,POS,1,19,7.947450876235962,1.0,7.947450876235962,6.059069526590407,1.2510683866522816,1.1562510360955807,0.9538038676159455,7.580310337245464,7.005805417895317,2,0.09971161263801001,1.6442260195996967,0.07601928303443754,0.6041595935821533,9.962479770183563,4,1.8977263671955606,1.9802438258533408,1.4468103966333907,11.498456001281738,11.998435020446777,6,1.398932608164717,0.9673377553929764,1.066534288962433,8.476229935884476,5.861166715621948,10,1.6079029586108389,0.03319654353630865,1.2258515018335212,9.74239581823349,0.2011401653289795,6,1,0.9,1.0,1.0,1.0,0.6,0.75,0.3333333333333333,0.6666666666666666,1.0,1.0,0.7625,0.5,0.8,1.0,0.7499999999999999
bert,280,EV00281,POS,POS,1,22,7.371100187301636,1.0,7.371100187301636,6.059069526590407,0.5864964081389555,-0.04430562399568064,0.4821019849966762,3.5536225140094757,-0.26845085620880127,3,0.11870295539706441,0.04925386435451685,0.09757422147475146,0.7192294597625732,0.2984325885772705,5,0.16635027707950265,-0.07577216724176514,0.13674047730190783,1.0079278945922852,-0.459108829498291,7,0.42860813754550836,-0.07213548946435315,0.352317304980769,2.596966505050659,-0.4370739459991455,11,1.632324262533747,-0.07856870363112113,1.3417759362292767,9.890366196632385,-0.47605323791503906,3,1,0.3835497835497836,0.6666666666666666,0.4,0.2857142857142857,0.18181818181818182,0.6666666666666666,0.6666666666666666,0.6666666666666666,0.6666666666666666,0.6666666666666666,0.46309523809523806,0.6666666666666666,0.5,0.4,0.28571428571428575
bert,281,EV00282,POS,POS,1,8,8.338999271392822,1.0,8.338999271392822,6.059069526590407,0.27198421560214747,0.02786274159296274,0.19762216318927095,1.647971272468567,0.1688222885131836,1,0.06021371357346907,0.06683843952589902,0.043750937177378504,0.3648390769958496,0.40497875213623047,2,0.14041272669781937,0.021934414979477818,0.1020230778021218,0.8507704734802246,0.1329021453857422,3,0.33793968230816535,-0.0029605431949115803,0.24554502509412288,2.047600030899048,-0.01793813705444336,4,0.5493707398291361,0.025638655061385716,0.39916961268346063,3.3286755084991455,0.15534639358520508,2,1,0.7916666666666666,1.0,1.0,0.6666666666666666,0.5,0.875,0.5,1.0,1.0,1.0,0.7833333333333333,0.6666666666666666,1.0,0.8,0.6666666666666666
bert,282,EV00283,POS,POS,1,10,7.5903825759887695,1.0,7.5903825759887695,6.059069526590407,0.7042255854246092,0.6422922258923263,0.5621523262657645,4.266951784491539,3.891693253070116,1,0.18357669727387738,0.04695560487944839,0.1465412071878551,1.1123039722442627,0.28450727462768555,2,0.6557986829885141,1.031958030418065,0.5234952589541843,3.973529815673828,6.252705454826355,3,1.1391766433828971,1.325139173883328,0.909354634877687,6.90235048532486,8.029110386967659,5,0.8383503180531482,0.16511609438846353,0.6692182040433317,5.079622864723206,1.0004498958587646,2,1,0.7666666666666666,1.0,1.0,0.6666666666666666,0.4,0.875,0.5,1.0,1.0,1.0,0.7595238095238096,0.6666666666666666,1.0,0.8,0.5714285714285715
bert,283,EV00284,POS,POS,1,12,3.702667236328125,1.0,3.702667236328125,6.059069526590407,-0.09095861507039649,0.8732784628938127,-0.14884524823116407,-0.5511245727539062,5.291254922747612,2,-0.22001709710490575,0.25551249035190743,-0.36003735774048956,-1.3330988883972168,1.5481679439544678,3,-0.3843031628090148,1.4214197148644403,-0.6288761061286894,-2.328519582748413,8.612480878829956,4,0.18704071145657297,1.4128686565785233,0.30607459342405957,1.1332926750183105,8.560669422149658,6,0.053445088175761594,0.40331298978037955,0.0874578775204631,0.32382750511169434,2.443701446056366,4,1,0.6666666666666666,1.0,0.6666666666666666,0.5,0.5,0.5625,0.5,0.5,0.5,0.75,0.5845238095238096,0.6666666666666666,0.5714285714285715,0.5,0.6
bert,284,EV00285,POS,POS,1,10,7.90242075920105,1.0,7.90242075920105,6.059069526590407,0.2392680845152218,0.3230426958670984,0.18345540186890885,1.4497419595718384,1.9573381543159485,1,-0.011267519375535516,0.7185545020480948,-0.008639210278682533,-0.06827068328857422,4.353771686553955,2,0.03167161077659144,0.3544318100364957,0.024283757253406715,0.19190049171447754,2.147526979446411,3,0.07059902743543542,0.10754903670474363,0.05413080050339082,0.4277644157409668,0.6516470909118652,5,0.8660692192243958,0.11163543467905936,0.6640462599975204,5.247573614120483,0.6764068603515625,1,1,0.13333333333333333,0.0,0.0,0.3333333333333333,0.2,0.5,0.0,0.0,1.0,1.0,0.20833333333333334,0.0,0.0,0.5,0.33333333333333337
bert,285,EV00286,POS,POS,1,21,8.199924945831299,1.0,8.199924945831299,6.059069526590407,0.44017653936794426,0.06322256755425418,0.3252541881015671,2.6670602560043335,0.3830699324607849,3,0.12269637158598479,0.059299123798630164,0.0906625073215202,0.7434258460998535,0.359297513961792,5,0.35538751955984843,0.10673569201404448,0.26260208983842587,2.15331768989563,0.6467189788818359,7,0.6208234447229517,0.053222805439537134,0.4587373642351075,3.7616124153137207,0.3224806785583496,11,0.661798821602992,0.03363264896480496,0.48901479101121476,4.00988507270813,0.2037825584411621,5,1,0.46471861471861475,0.6666666666666666,0.4,0.42857142857142855,0.36363636363636365,0.55,0.4,0.4,0.6,0.8,0.4750000000000001,0.5,0.4000000000000001,0.5,0.5000000000000001
bert,286,EV00287,POS,POS,1,34,8.050804376602173,1.0,8.050804376602173,6.059069526590407,1.1905751829843314,0.3717049965668596,0.89603182202123,7.213777810335159,2.252186417579651,4,0.32614846653744284,0.8957778637097334,0.24546068899944568,1.976156234741211,5.4275803565979,7,0.8392826148967251,0.19604554289068263,0.631647577880474,5.085271716117859,1.1878535747528076,11,1.7235675088968465,0.26246841718782143,1.2971640577139083,10.443215370178223,1.5903143882751465,17,1.8733021416063107,0.13252816247920102,1.4098549634910922,11.350467920303345,0.802997350692749,4,1,0.17308059587471353,0.25,0.14285714285714285,0.18181818181818182,0.11764705882352941,0.375,0.25,0.25,0.5,0.5,0.22224025974025974,0.25,0.18181818181818182,0.26666666666666666,0.19047619047619047
bert,287,EV00288,NEG,NEG,1,22,-4.507205009460449,-1.0,4.507205009460449,6.059069526590407,1.0005943389574183,-0.21120120009423066,1.3451061821737142,6.062670667655766,-1.2796827554702759,3,1.2664243710564766,-0.29965168757597166,1.7024634104351233,7.673353314399719,-1.815610408782959,5,0.6309446306022245,-0.1741965940296469,0.8481834147859192,3.82293738424778,-1.055469274520874,7,0.6927454957630178,-0.1703809174618145,0.9312627632840169,4.197393123060465,-1.0323498249053955,11,1.4122628584079546,-0.20057560130948954,1.8985151401897968,8.5569988489151,-1.215301513671875,6,1,0.7064935064935065,1.0,0.8,0.5714285714285714,0.45454545454545453,0.6666666666666666,0.5,0.6666666666666666,0.6666666666666666,0.8333333333333334,0.649389825860414,0.6666666666666666,0.7272727272727272,0.6153846153846153,0.5882352941176471
bert,288,EV00289,NEG,NEG,1,28,-6.682278394699097,-1.0,6.682278394699097,6.059069526590407,1.1574548179629802,0.11760111337032107,1.0495070322094098,7.01309921592474,0.7125533223152161,3,0.37331384115787414,0.14807921852766875,0.3384974475339102,2.261934518814087,0.8972222805023193,6,1.5709645474715541,0.1739499542366473,1.4244515762824377,9.518583416938782,1.0539748668670654,9,1.7498369684447634,0.03755629930289759,1.5866418067487031,10.602383852005005,0.2275562286376953,14,0.9357039147777292,0.11081898141407065,0.848437298272588,5.669495075941086,0.6714599132537842,3,1,0.35912698412698413,0.6666666666666666,0.3333333333333333,0.2222222222222222,0.21428571428571427,0.75,0.6666666666666666,0.6666666666666666,0.6666666666666666,1.0,0.4493464052287582,0.6666666666666666,0.4444444444444444,0.3333333333333333,0.35294117647058826
bert,289,EV00290,NEG,NEG,1,9,-5.394361734390259,-1.0,5.394361734390259,6.059069526590407,0.34095907691347976,0.1694612123115624,0.38297290235421555,2.06589475274086,1.0267772674560547,1,0.2056821231883227,0.24815575417784827,0.23102678595002693,1.2462422847747803,1.5035929679870605,2,0.4298329945136788,0.06568051527755824,0.48279808511529665,2.6043879985809326,0.3979628086090088,3,0.45980291663550604,0.14436584946810038,0.5164609755777744,2.785977840423584,0.8747227191925049,5,0.26851827331641154,0.21964273032274262,0.30160576277376433,1.626970887184143,1.3308305740356445,1,1,0.2583333333333333,0.0,0.5,0.3333333333333333,0.2,0.75,0.0,1.0,1.0,1.0,0.375,0.0,0.6666666666666666,0.5,0.33333333333333337
bert,290,EV00291,POS,POS,1,18,8.165493965148926,1.0,8.165493965148926,6.059069526590407,0.4394751279448203,0.6430288270404231,0.3261051983731541,2.662810355424881,3.896156370639801,2,0.08903436823611638,1.9624277602699904,0.06606646990796873,0.5394654273986816,11.890486240386963,4,0.415455799075416,0.2731322435665158,0.30828205547454024,2.51727557182312,1.6549272537231445,6,0.7694540023475596,0.16730504222585602,0.5709605256797916,4.662175297737122,1.0137128829956055,9,0.48395634212018934,0.16925026209933025,0.35911174243031574,2.9323251247406006,1.0254991054534912,2,1,0.2847222222222222,0.5,0.25,0.16666666666666666,0.2222222222222222,0.625,0.5,0.5,0.5,1.0,0.3617424242424242,0.5,0.3333333333333333,0.25,0.3636363636363636
bert,291,EV00292,NEG,NEG,1,7,-6.728870153427124,-1.0,6.728870153427124,6.059069526590407,1.16952339160199,-0.01714396427761808,1.0531073312469577,7.086223542690277,-0.10387647151947021,1,0.09714814062228784,-0.013726677081870003,0.08747787332941073,0.5886273384094238,-0.08317089080810547,2,0.17229686164830854,-0.020665408386587276,0.155146181303936,1.0439586639404297,-0.1252131462097168,3,2.2363953052924406,-0.023361250578386464,2.013781262077785,13.550474643707275,-0.14154744148254395,4,2.1722532588449237,-0.010822521063628568,1.956024008276699,13.16183352470398,-0.06557440757751465,3,1,0.6666666666666666,1.0,0.5,0.6666666666666666,0.5,0.5,0.3333333333333333,0.3333333333333333,0.6666666666666666,0.6666666666666666,0.5345238095238095,0.5,0.4,0.6666666666666666,0.5714285714285715
bert,292,EV00293,POS,POS,1,15,8.21988582611084,1.0,8.21988582611084,6.059069526590407,0.37191938244228995,0.8310662005354357,0.27415041644443383,2.253485396504402,5.03548789024353,2,-0.017581820738467365,1.5153669289964378,-0.012959968490080326,-0.10652947425842285,9.181713581085205,3,0.02464406868489265,1.768765549482402,0.018165715506631052,0.14932012557983398,10.717073440551758,5,0.4625726169784636,0.03764074234625706,0.3409730214856843,2.8027596473693848,0.22806787490844727,8,1.0180426648442709,0.0024915813166458607,0.7504228972755004,6.168391287326813,0.015096664428710938,2,1,0.24583333333333335,0.0,0.3333333333333333,0.4,0.25,0.625,0.0,0.5,1.0,1.0,0.34285714285714286,0.0,0.4,0.5714285714285715,0.4
bert,293,EV00294,POS,POS,1,18,8.133257627487183,1.0,8.133257627487183,6.059069526590407,0.3589727583025765,0.4508839257505629,0.2674255179045298,2.175040900707245,2.7319370545446873,2,0.14315504010779542,1.3161129857568683,0.10664684117673937,0.8673863410949707,7.9744200855493546,4,0.35953132778591695,0.29810220101427104,0.2678416378743969,2.1784253120422363,1.8062219619750977,6,0.4408318779819379,0.13441026648988466,0.3284084670814423,2.6710309982299805,0.8144011497497559,9,0.4923727873346558,0.054910249741227615,0.3668051254855407,2.983320951461792,0.332705020904541,1,1,0.2569444444444444,0.5,0.25,0.16666666666666666,0.1111111111111111,1.0,1.0,1.0,1.0,1.0,0.3880952380952381,0.6666666666666666,0.4,0.2857142857142857,0.19999999999999998
bert,294,EV00295,NEG,NEG,1,15,-5.038766622543335,-1.0,5.038766622543335,6.059069526590407,1.229182787847931,-0.183123986549809,1.4780804614084555,7.447703972458839,-1.1095609664916992,2,1.2733668798691913,-0.19159555977161313,1.531211406429285,7.715418457984924,-1.160890817642212,3,0.971118814641426,-0.2328549973832527,1.1677610196126598,5.884076416492462,-1.4108846187591553,5,1.217997171043254,-0.17121008046725292,1.4646298649542524,7.379929542541504,-1.0373737812042236,8,1.4542482858378525,-0.13683530857711726,1.7487195546376253,8.811391472816467,-0.829094648361206,3,1,0.4541666666666666,0.5,0.6666666666666666,0.4,0.25,0.5833333333333333,0.3333333333333333,0.6666666666666666,0.6666666666666666,0.6666666666666666,0.48257575757575755,0.4,0.6666666666666666,0.5,0.36363636363636365
bert,295,EV00296,NEG,NEG,1,10,-5.750501394271851,-1.0,5.750501394271851,6.059069526590407,0.8674668209446811,-0.10705131067703905,0.9140143625276611,5.256041780114174,-0.6486313343048096,1,0.4303759129157069,-0.18005578437697034,0.45346952320611633,2.6076775789260864,-1.090970516204834,2,1.2156537487056431,-0.163219549279498,1.2808847086134343,7.365730583667755,-0.9889585971832275,3,0.6928193828111285,-0.005515594515722788,0.7299954894382108,4.1978408098220825,-0.03341937065124512,5,1.1310182393462456,-0.07941431453596509,1.1917077288528828,6.8529181480407715,-0.48117685317993164,4,1,0.95,1.0,1.0,1.0,0.8,0.625,0.25,0.5,0.75,1.0,0.7031746031746031,0.4,0.6666666666666666,0.8571428571428571,0.888888888888889
bert,296,EV00297,NEG,POS,0,21,2.3799957036972046,1.0,2.3799957036972046,6.059069526590407,-0.054641919403852705,0.5879638802309605,-0.13910909549579548,-0.331079188734293,3.562514029443264,3,0.6977147675697818,0.747225964819364,1.7762639250159307,4.227502286434174,4.5274940729141235,5,-0.7744733267501185,0.6277680882211754,-1.9716782489568325,-4.692587733268738,3.803690493106842,7,-0.6336272490567176,0.4937210920837114,-1.6131079299449773,-3.8391915559768677,2.991490423679352,11,0.4918181306216434,0.4831403757995909,1.2520858719026973,2.97996024787426,2.9273811280727386,4,1,0.3835497835497836,0.6666666666666666,0.4,0.2857142857142857,0.18181818181818182,0.5,0.5,0.5,0.5,0.5,0.41154401154401155,0.5714285714285715,0.4444444444444445,0.36363636363636365,0.26666666666666666
bert,297,EV00298,NEG,NEG,1,1,-6.939222574234009,-1.0,6.939222574234009,6.059069526590407,1.6179242249768122,-7.86980832800335e-08,1.4127106963795337,9.803115367889404,-4.76837158203125e-07,1,1.6179242249768122,-7.86980832800335e-08,1.4127106963795337,9.803115367889404,-4.76837158203125e-07,1,1.6179242249768122,-7.86980832800335e-08,1.4127106963795337,9.803115367889404,-4.76837158203125e-07,1,1.6179242249768122,-7.86980832800335e-08,1.4127106963795337,9.803115367889404,-4.76837158203125e-07,1,1.6179242249768122,-7.86980832800335e-08,1.4127106963795337,9.803115367889404,-4.76837158203125e-07,1,1,1.0,1.0,1.0,1.0,1.0,1.0,1.0,1.0,1.0,1.0,1.0,1.0,1.0,1.0,1.0
bert,298,EV00299,POS,POS,1,11,8.173789739608765,1.0,8.173789739608765,6.059069526590407,0.3593063840707516,0.40448078080091154,0.2663467210975705,2.17706236243248,2.4507771730422974,2,0.08489520319696138,0.8704514826428028,0.06293113624157083,0.5143859386444092,5.274126052856445,3,0.09759034515223834,0.10929920337880829,0.07234179406330996,0.5913066864013672,0.6622514724731445,4,0.4302512354772705,0.44575684338264404,0.3189367372748501,2.606922149658203,2.700871706008911,6,0.8244887524565362,0.19241559379939108,0.611177216810551,4.99563467502594,1.1658594608306885,3,1,0.7291666666666666,1.0,0.6666666666666666,0.75,0.5,0.8333333333333333,0.6666666666666666,0.6666666666666666,1.0,1.0,0.7476190476190476,0.8,0.6666666666666666,0.8571428571428571,0.6666666666666666
bert,299,EV00300,NEG,NEG,1,22,-5.14254355430603,-1.0,5.14254355430603,6.059069526590407,1.5368169277615458,0.4183932197897339,1.8107146212571519,9.311680614948273,2.535073608160019,3,1.6456531404791572,1.451126175477967,1.938948061512835,9.971126794815063,8.792474389076233,5,1.5722914168301763,0.22418541978391598,1.8525115164356534,9.526623010635376,1.3583550453186035,7,1.4851470027385507,0.01973523639125892,1.7498358743951739,8.998608946800232,0.11957716941833496,11,1.444176150998299,-0.02147395249420634,1.7015630326849454,8.75036370754242,-0.1301121711730957,3,1,0.3229437229437229,0.3333333333333333,0.4,0.2857142857142857,0.2727272727272727,0.6666666666666666,0.3333333333333333,0.6666666666666666,0.6666666666666666,1.0,0.4154761904761905,0.3333333333333333,0.5,0.4,0.42857142857142855
bert,300,EV00301,NEG,NEG,1,30,-4.655754327774048,-1.0,4.655754327774048,6.059069526590407,0.7390908129921777,0.14021732427566524,0.9618638238287526,4.478202622383833,0.8495865166187286,3,0.6771621778042066,0.16285555096980703,0.8812689729669978,4.102972716093063,0.9867531061172485,6,1.0933833698444533,0.17161531657258264,1.422945449384829,6.624885857105255,1.039829134941101,9,0.8486309265746256,0.10349435405798973,1.1044209638458133,5.141913786530495,0.6270794868469238,15,0.33718677774542527,0.12290407550228162,0.4388199091173699,2.0430381298065186,0.7446843385696411,3,1,0.3388888888888889,0.6666666666666666,0.3333333333333333,0.2222222222222222,0.13333333333333333,0.6666666666666666,0.6666666666666666,0.6666666666666666,0.6666666666666666,0.6666666666666666,0.41666666666666663,0.6666666666666666,0.4444444444444444,0.3333333333333333,0.2222222222222222
bert,301,EV00302,POS,POS,1,17,6.611678600311279,1.0,6.611678600311279,6.059069526590407,0.8595717726657808,0.4280853664676287,0.7877279978042684,5.208205133676529,2.5937989987432957,2,-0.032413694352880516,0.03425255376680178,-0.029704528889831185,-0.1963968276977539,0.20753860473632812,4,0.24001321764223796,1.0260736394688865,0.21995269899747236,1.4542567729949951,6.217051520943642,6,1.5771918087543781,0.15165927303416077,1.4453687116904068,9.556314826011658,0.9189140796661377,9,1.6534957586193872,0.5003559996006657,1.5152951094190252,10.018645763397217,3.031691789627075,3,1,0.5138888888888888,1.0,0.5,0.3333333333333333,0.2222222222222222,0.6666666666666666,0.6666666666666666,0.6666666666666666,0.6666666666666666,0.6666666666666666,0.5373015873015873,0.8,0.5714285714285715,0.4444444444444444,0.3333333333333333
bert,302,EV00303,POS,NEG,0,12,-0.3469659090042114,-1.0,0.3469659090042114,6.059069526590407,-0.18384176471494004,-0.8618251299657077,-3.2104215283693707,-1.1139100342988968,-5.221858382225037,2,-0.7588579743676109,-0.9285256511006584,-13.251907049859636,-4.5979732275009155,-5.626001477241516,3,0.4620426050620933,-0.9989190404444832,8.068631894473246,2.7995482683181763,-6.052519917488098,4,-0.1392179225602015,-0.976189774823877,-2.431157122622035,-0.84353107213974,-5.914801716804504,6,-0.29933376699404113,-0.5436660534938123,-5.2272538354690585,-1.813684105873108,-3.294110417366028,3,1,0.8125,1.0,1.0,0.75,0.5,0.9166666666666666,0.6666666666666666,1.0,1.0,1.0,0.8309523809523809,0.8,1.0,0.8571428571428571,0.6666666666666666
bert,303,EV00304,NEG,NEG,1,24,-5.954916477203369,-1.0,5.954916477203369,6.059069526590407,0.6807209069746161,-0.0943925665852791,0.6926267776761704,4.12453530356288,-0.5719311237335205,3,0.908758180466351,-0.1674692457766198,0.9246524438638106,5.506228998303413,-1.0147078037261963,5,0.27092255878417904,-0.09082415939511254,0.2756610190282669,1.6415386199951172,-0.5503098964691162,8,0.9042589052946821,-0.12707572317531046,0.9200744759593408,5.478967577219009,-0.7699606418609619,12,0.6389439833532522,0.0077988620059264,0.6501191718532633,3.8714060187339783,0.04725384712219238,2,1,0.37083333333333335,0.6666666666666666,0.4,0.25,0.16666666666666666,1.0,1.0,1.0,1.0,1.0,0.5142857142857142,0.8,0.5714285714285715,0.4,0.2857142857142857
bert,304,EV00305,POS,POS,1,13,7.524832248687744,1.0,7.524832248687744,6.059069526590407,1.1397477818108976,0.5274561075803429,0.9177360912248423,6.9058110527694225,3.1958932280540466,2,1.0336775540259526,0.04275769172112484,0.8323273035999017,6.263124167919159,0.25907182693481445,3,1.0898951855129302,0.2887774225225864,0.8775942917898708,6.603750705718994,1.7497224807739258,4,1.2860530477836591,1.709745685832291,1.0355425261767206,7.792284831404686,10.35946798324585,7,1.1493653399210488,0.06854363024536914,0.9254802433328763,6.964084506034851,0.4153106212615967,0,0,NA,NA,NA,NA,NA,NA,NA,NA,NA,NA,NA,NA,NA,NA,NA
bert,305,EV00306,NEG,NEG,1,28,-4.62611198425293,-1.0,4.62611198425293,6.059069526590407,0.9335092041886496,0.21047757121847074,1.2226673216033712,5.656197171891108,1.2752982378005981,3,0.6580367654823394,-0.01729449403641196,0.8618662204494418,3.987090513110161,-0.10478854179382324,6,1.2004028766585868,0.0709753223206389,1.5722323502153015,7.273324489593506,0.43004441261291504,9,0.7588119754916409,0.38060494313047777,0.9938569448613995,4.597694517113268,2.3061118125915527,14,1.116785199122031,0.4076245134591782,1.462713770887342,6.766679167747498,2.469825267791748,6,1,0.5198412698412698,0.6666666666666666,0.5,0.5555555555555556,0.35714285714285715,0.625,0.3333333333333333,0.5,0.8333333333333334,0.8333333333333334,0.5277777777777778,0.4444444444444444,0.5,0.6666666666666667,0.5
bert,306,EV00307,POS,POS,1,7,8.0407235622406,1.0,8.0407235622406,6.059069526590407,0.645188031920966,0.05103933695619302,0.4861799596383424,3.9092391431331635,0.3092508912086487,1,0.31565517890521627,0.15131540175926866,0.23786123509273488,1.912576675415039,0.9168305397033691,2,0.6884960052335358,0.03307680440259808,0.5188145834617782,4.171645164489746,0.20041465759277344,3,0.6536822554348641,0.061271494510836,0.4925807622583947,3.9607062339782715,0.3712482452392578,4,0.9229186881102476,-0.041506352847930666,0.6954632577404619,5.592028498649597,-0.25148987770080566,1,1,0.2708333333333333,0.0,0.5,0.3333333333333333,0.25,0.75,0.0,1.0,1.0,1.0,0.3916666666666666,0.0,0.6666666666666666,0.5,0.4
bert,307,EV00308,POS,POS,1,16,7.7543511390686035,1.0,7.7543511390686035,6.059069526590407,0.22028566415135925,0.04588415998737196,0.1721260694467955,1.3347261548042297,0.2780153155326843,2,0.12473244839660581,0.004633113558862132,0.09746301992775652,0.7557625770568848,0.028072357177734375,4,0.20147952749404402,0.0665622092535861,0.1574313938001824,1.220778465270996,0.4033050537109375,5,0.2495252582230874,0.10000641565797701,0.1949732048660494,1.5118908882141113,0.6059458255767822,8,0.30540542249169983,0.012334901479062611,0.23863665919319368,1.8504726886749268,0.0747380256652832,2,1,0.5375,1.0,0.5,0.4,0.25,1.0,1.0,1.0,1.0,1.0,0.6595238095238095,1.0,0.6666666666666666,0.5714285714285715,0.4
bert,308,EV00309,POS,POS,1,12,7.740502119064331,1.0,7.740502119064331,6.059069526590407,0.3093312075153014,0.10238946248051929,0.24213662396998506,1.8742592930793762,0.6203848719596863,2,0.1765085469712061,0.214738147725606,0.1381664139507852,1.0694775581359863,1.3011133670806885,3,0.39350344093295037,0.08783304199484666,0.3080245135090801,2.3842647075653076,0.5321865081787109,4,0.34664845155297547,0.1289734487555252,0.27134761616093456,2.1003670692443848,0.7814590930938721,6,0.3206643906040737,-0.02198678855390068,0.2510079522591403,1.9429278373718262,-0.13321948051452637,2,1,0.625,1.0,0.6666666666666666,0.5,0.3333333333333333,1.0,1.0,1.0,1.0,1.0,0.7416666666666667,1.0,0.8,0.6666666666666666,0.5
bert,309,EV00310,POS,POS,1,5,8.161523580551147,1.0,8.161523580551147,6.059069526590407,0.6148510902208443,-0.028818608512482028,0.4564619596963131,3.7254255041480064,-0.17461395263671875,1,0.14610106350634183,-0.022674452405601613,0.10846460032764438,0.8852365016937256,-0.13738608360290527,1,0.14610106350634183,-0.022674452405601613,0.10846460032764438,0.8852365016937256,-0.13738608360290527,2,0.9857860813773985,-0.03940472053393738,0.7318419918313123,5.972946405410767,-0.2387559413909912,3,1.181416152493295,-0.030520808704787513,0.8770766462986515,7.158282607793808,-0.18492770195007324,2,1,0.9166666666666666,1.0,1.0,1.0,0.6666666666666666,0.75,0.5,0.5,1.0,1.0,0.7833333333333332,0.6666666666666666,0.6666666666666666,1.0,0.8
bert,310,EV00311,NEG,NEG,1,18,-6.124058961868286,-1.0,6.124058961868286,6.059069526590407,2.008694284732239,0.1910786117370674,1.9873773941861328,12.170818328857422,1.1577585935592651,2,2.2114898015748916,0.31839717752285923,2.1880207817233783,13.39957046508789,1.9291906356811523,4,2.0808229668123883,0.157241603524505,2.058740624184886,12.607851028442383,0.9527378082275391,6,1.9801945608532074,0.18349957315226295,1.95918011827001,11.998136520385742,1.1118366718292236,9,1.762269809688468,0.10517609274864241,1.7435680525662567,10.677715301513672,0.6372692584991455,2,1,0.38888888888888884,0.5,0.5,0.3333333333333333,0.2222222222222222,0.875,0.5,1.0,1.0,1.0,0.5075757575757576,0.5,0.6666666666666666,0.5,0.3636363636363636
bert,311,EV00312,NEG,NEG,1,4,-4.945351600646973,-1.0,4.945351600646973,6.059069526590407,1.1551455911722122,-0.17065942997854253,1.41528987221885,6.999107450246811,-1.0340373516082764,1,0.4861229298646699,-0.2549049411489856,0.5956001256886172,2.945452630519867,-1.5444867610931396,1,0.4861229298646699,-0.2549049411489856,0.5956001256886172,2.945452630519867,-1.5444867610931396,2,1.8241682524797542,-0.08641391880809947,2.2349796187490827,11.052762269973755,-0.5235879421234131,2,1.8241682524797542,-0.08641391880809947,2.2349796187490827,11.052762269973755,-0.5235879421234131,0,0,NA,NA,NA,NA,NA,NA,NA,NA,NA,NA,NA,NA,NA,NA,NA
bert,312,EV00313,NEG,NEG,1,11,-2.8663926124572754,-1.0,2.8663926124572754,6.059069526590407,1.1057700399064234,1.096012712155881,2.3374101599640422,6.699937552213669,6.640817224979401,2,1.09054035239966,1.0813928413405636,2.3052171858132873,6.607659816741943,6.552234411239624,3,1.1393103415891295,0.8419473123220662,2.408308664257078,6.903160572052002,5.101417303085327,4,1.1021875900270217,1.4464657340096858,2.3298374690396395,6.678231239318848,8.764236450195312,6,1.0910418756098827,1.0142449609512076,2.3062773207461635,6.610698580741882,6.145380735397339,0,0,NA,NA,NA,NA,NA,NA,NA,NA,NA,NA,NA,NA,NA,NA,NA
bert,313,EV00314,POS,POS,1,18,7.531354904174805,1.0,7.531354904174805,6.059069526590407,0.17401655248962303,0.5425198524931507,0.1399984815121708,1.0543783903121948,3.287165505811572,2,-0.0017307282474944969,1.3088873077142789,-0.0013923924080377291,-0.010486602783203125,7.930639199912548,4,0.14574837804612237,0.4561245682229973,0.11725638347269125,0.8830995559692383,2.76369047164917,6,0.15132091062509825,0.33148199303749726,0.12173955526337621,0.9168639183044434,2.008472442626953,9,0.400727649534766,0.07358554099782941,0.3223903797206535,2.428036689758301,0.4458599090576172,5,1,0.22916666666666663,0.0,0.25,0.3333333333333333,0.3333333333333333,0.30000000000000004,0.0,0.2,0.4,0.6,0.2536075036075036,0.0,0.22222222222222224,0.3636363636363636,0.42857142857142855
bert,314,EV00315,NEG,NEG,1,9,-5.561425447463989,-1.0,5.561425447463989,6.059069526590407,1.3860158379584473,0.13189407726632318,1.510038190107714,8.397966327145696,0.7991553843021393,1,0.9881594298908342,0.07219242752760625,1.0765811155867617,5.987326689064503,0.43741893768310547,2,1.7418166106834452,-0.023451556628950303,1.8976764408191675,10.55378794670105,-0.14209461212158203,3,1.1899566406429012,0.31388783637447576,1.2964353817123786,7.210030019283295,1.901868224143982,5,1.6241306706166088,0.16494760179216097,1.769459822312548,9.840720653533936,0.9994289875030518,1,1,0.5083333333333333,1.0,0.5,0.3333333333333333,0.2,1.0,1.0,1.0,1.0,1.0,0.625,1.0,0.6666666666666666,0.5,0.33333333333333337
bert,315,EV00316,NEG,NEG,1,18,-7.09986424446106,-1.0,7.09986424446106,6.059069526590407,1.3099049489402004,0.11551505343955681,1.1178810985244272,7.936805158853531,0.699913740158081,2,0.13023848109521008,0.2190278621980757,0.11114633656026657,0.7891240119934082,1.3271050453186035,4,1.6709067848426162,0.10805128787223679,1.4259623293148231,10.12414038181305,0.6546902656555176,6,1.7618438956617564,0.055993292763327436,1.5035686300020488,10.675134658813477,0.3392672538757324,9,1.6766306341612187,0.07898777092458731,1.4308470982205705,10.15882158279419,0.4785923957824707,3,1,0.5208333333333334,0.5,0.75,0.5,0.3333333333333333,0.8333333333333333,0.3333333333333333,1.0,1.0,1.0,0.6059523809523809,0.4,0.8571428571428571,0.6666666666666666,0.5
bert,316,EV00317,NEG,NEG,1,10,-6.911592245101929,-1.0,6.911592245101929,6.059069526590407,1.971834810229799,0.24624184138562888,1.7286150655061236,11.947484210133553,1.4919964373111725,1,2.334731236085674,0.477007124295875,2.046749336033422,14.146298885345459,2.8902193307876587,2,1.9554981579429336,0.1348460964750895,1.7142934889133463,11.848499298095703,0.8170418739318848,3,2.2099660492864235,0.22053642575647067,1.9373735503778604,13.390337944030762,1.3362455368041992,5,1.387143797604165,0.15257771901508038,1.2160438866998655,8.404800713062286,0.9244790077209473,2,1,0.7666666666666666,1.0,1.0,0.6666666666666666,0.4,0.875,0.5,1.0,1.0,1.0,0.7595238095238096,0.6666666666666666,1.0,0.8,0.5714285714285715
bert,317,EV00318,POS,POS,1,24,8.257181167602539,1.0,8.257181167602539,6.059069526590407,0.32610502519547224,0.06992242066443533,0.2392938632724365,1.9758930206298828,0.42366480827331543,3,0.038916674370476245,0.10612113868171069,0.028556816474215974,0.23579883575439453,0.6429953575134277,5,0.07186181687974683,0.038493239333388024,0.0527317595692474,0.43541574478149414,0.23323321342468262,8,0.3035739606976069,0.11331087752304964,0.22276070661806457,1.8393757343292236,0.6865584850311279,12,0.8900676488340591,0.021764427119592946,0.6531261704282181,5.392981767654419,0.13187217712402344,7,1,0.8645833333333334,1.0,1.0,0.875,0.5833333333333334,0.7857142857142857,0.42857142857142855,0.7142857142857143,1.0,1.0,0.775877192982456,0.6,0.8333333333333333,0.9333333333333333,0.7368421052631579
bert,318,EV00319,POS,POS,1,7,6.86014199256897,1.0,6.86014199256897,6.059069526590407,0.17687459143106235,0.08933443419040274,0.1562205697649391,1.0716954469680786,0.5412835478782654,1,0.3487734965467446,-0.04352995601235181,0.3080464746723016,2.1132428646087646,-0.2637510299682617,2,-0.029541489756450774,0.24195088249971733,-0.02609186726097153,-0.17899394035339355,1.4659972190856934,3,0.36916141549168646,0.16341979655240405,0.32605365302466316,2.2367746829986572,0.9901719093322754,4,0.019104943442269134,-0.0045029862781585965,0.016874018623763015,0.11575818061828613,-0.027283906936645508,0,0,NA,NA,NA,NA,NA,NA,NA,NA,NA,NA,NA,NA,NA,NA,NA
bert,319,EV00320,NEG,NEG,1,42,-6.882880449295044,-1.0,6.882880449295044,6.059069526590407,1.3126252883697356,0.1184416875978351,1.1555171977293897,7.95328788459301,0.7176464200019836,5,0.4507237155126968,0.04648868915134795,0.3967766043470493,2.730966329574585,0.2816781997680664,9,1.6562726795114857,0.08567388138197567,1.4580334405120594,10.035471320152283,0.51910400390625,13,1.8369078982011262,0.15938289967247143,1.6170484340222981,11.129952669143677,0.9657120704650879,21,1.3065968602536335,0.18222128018554537,1.150210312036152,7.916761219501495,1.1040914058685303,6,1,0.5064713064713064,0.8,0.5555555555555556,0.38461538461538464,0.2857142857142857,0.8333333333333334,0.6666666666666666,0.8333333333333334,0.8333333333333334,1.0,0.5911749069643807,0.7272727272727272,0.6666666666666667,0.5263157894736842,0.4444444444444445
bert,320,EV00321,NEG,NEG,1,18,-5.483341455459595,-1.0,5.483341455459595,6.059069526590407,1.8646657598422276,-0.002384512574343375,2.0604475417156154,11.298139482736588,-0.014447927474975586,2,1.3147445613509592,-0.03355229822177604,1.4527870129651377,7.966128706932068,-0.20329570770263672,4,2.1357038621685525,0.014864926809390768,2.35994346408231,12.940378189086914,0.09006762504577637,6,1.9984864743971105,-0.01204966027621413,2.2083188483451557,12.108968496322632,-0.07300972938537598,9,2.0097281414522885,0.021198981391225905,2.2207408414698575,12.177082538604736,0.12844610214233398,3,1,0.5833333333333334,1.0,0.5,0.5,0.3333333333333333,0.8333333333333333,0.6666666666666666,0.6666666666666666,1.0,1.0,0.6345238095238095,0.8,0.5714285714285715,0.6666666666666666,0.5
bert,321,EV00322,POS,POS,1,7,3.6125025749206543,1.0,3.6125025749206543,6.059069526590407,0.6941218600677354,0.2414821806940237,1.1642154873629549,4.205732610076666,1.4631573222577572,1,1.5192296670180716,-0.7425182651520732,2.548127078192157,9.205118179321289,-4.498969793319702,2,0.9993917995052671,0.5443064173381468,1.6762293162961688,6.055384397506714,3.2979904264211655,3,-0.2679135769190086,1.0141941613384502,-0.44935789155736805,-1.6233069896697998,6.145072937011719,4,0.5257795506666111,0.14994640925157082,0.8818634465208612,3.1857348531484604,0.9085357189178467,3,1,0.9375,1.0,1.0,1.0,0.75,0.75,0.3333333333333333,0.6666666666666666,1.0,1.0,0.7892857142857143,0.5,0.8,1.0,0.8571428571428571
bert,322,EV00323,POS,POS,1,20,8.327861309051514,1.0,8.327861309051514,6.059069526590407,0.19610757665482811,0.01299415532269945,0.14268120647855578,1.1882294416427612,0.07873249053955078,2,0.02138282011376806,0.03670986206817919,0.015557413047412942,0.12955999374389648,0.2224276065826416,4,0.12259327709688794,0.01949701729317026,0.08919470109577346,0.7428011894226074,0.1181337833404541,6,0.14759180194887386,0.00772886006084881,0.1073827780018663,0.8942689895629883,0.0468297004699707,10,0.49286240745978255,-0.01195911813140045,0.3585899337691704,2.9862875938415527,-0.07246112823486328,5,1,0.6625,1.0,0.75,0.5,0.4,0.6000000000000001,0.4,0.6,0.6,0.8,0.5792207792207792,0.5714285714285715,0.6666666666666665,0.5454545454545454,0.5333333333333333
bert,323,EV00324,POS,POS,1,12,6.529558897018433,1.0,6.529558897018433,6.059069526590407,0.24329254709799614,-0.23252471136498679,0.22576199336821373,1.4741264581680298,-1.4088833928108215,2,0.09075120627191195,-0.3006263239883532,0.08421208735286216,0.5498678684234619,-1.8215157985687256,3,0.03364087291450772,-0.29766247547394387,0.03121686471047911,0.20383238792419434,-1.8035576343536377,4,0.26187633215826406,-0.27012798358634216,0.24300671545105915,1.5867269039154053,-1.6367242336273193,6,0.5869017770473008,-0.061682062411307935,0.5446123059584546,3.5560786724090576,-0.3737359046936035,2,1,0.35416666666666663,0.5,0.3333333333333333,0.25,0.3333333333333333,0.625,0.5,0.5,0.5,1.0,0.43333333333333335,0.5,0.4,0.3333333333333333,0.5
bert,324,EV00325,NEG,NEG,1,22,-6.050257444381714,-1.0,6.050257444381714,6.059069526590407,2.0129299729705368,0.047496398433227956,2.015861433111492,12.19648265838623,0.28778398036956787,3,2.0679073521768023,0.01963509308028508,2.070918876700504,12.529594421386719,0.11897039413452148,5,1.9928211567779475,0.08227923955969142,1.9957233321479761,12.074641942977905,0.4985356330871582,7,2.1072256228662565,0.11815950578297414,2.110294407177872,12.767826557159424,0.7159366607666016,11,1.8837657600611408,-0.030088244690038807,1.886509116419617,11.413867712020874,-0.18230676651000977,4,1,0.3229437229437229,0.3333333333333333,0.4,0.2857142857142857,0.2727272727272727,0.5,0.25,0.5,0.5,0.75,0.3734487734487735,0.28571428571428575,0.4444444444444445,0.36363636363636365,0.39999999999999997
bert,325,EV00326,NEG,NEG,1,35,-1.9457435011863708,-1.0,1.9457435011863708,6.059069526590407,-0.11866911153228134,-0.34743170898271064,-0.36953690322362276,-0.7190243974328041,-2.1051128804683685,4,0.48139316030364926,-0.5249426678710659,1.4990635338434448,2.916794627904892,-3.1806641221046448,7,0.018712554799034886,-0.4031719037915793,0.05827109904633122,0.11338067054748535,-2.4428465962409973,11,-0.15777213681567695,-0.35768014228470196,-0.49130414899903446,-0.9559523463249207,-2.1672088503837585,18,-0.8170100244161326,-0.10393212198349533,-2.5441780967852328,-4.950320541858673,-0.6297319531440735,6,1,0.30726911976911975,0.25,0.42857142857142855,0.2727272727272727,0.2777777777777778,0.5,0.16666666666666666,0.5,0.5,0.8333333333333334,0.3577865761689291,0.2,0.4615384615384615,0.3529411764705882,0.4166666666666667
bert,326,EV00327,POS,POS,1,13,8.22095537185669,1.0,8.22095537185669,6.059069526590407,0.2234131259809078,0.06148534671488908,0.1646615797774264,1.353675663471222,0.37254399061203003,2,0.034123606957347445,0.029781912400871278,0.025150030933191358,0.2067573070526123,0.1804506778717041,3,0.10188183033158185,-0.013126289404526629,0.07508969340703649,0.6173090934753418,-0.07953310012817383,4,0.15811479810753862,0.15749335869291783,0.11653492751719989,0.9580285549163818,0.9542632102966309,7,0.5995322685271632,0.07179240517029384,0.44187166725227783,3.6326076984405518,0.434995174407959,4,1,0.6220238095238095,0.5,0.6666666666666666,0.75,0.5714285714285714,0.625,0.25,0.5,0.75,1.0,0.595508658008658,0.3333333333333333,0.5714285714285715,0.75,0.7272727272727273
bert,327,EV00328,NEG,NEG,1,22,-5.440437316894531,-1.0,5.440437316894531,6.059069526590407,0.5986703280774531,-0.07222362148036637,0.6667450175960331,3.627385141327977,-0.43760794401168823,3,0.45975827514776546,-0.10690874909917727,0.5120373014606127,2.7857073545455933,-0.6477675437927246,5,0.8249404413351795,-0.042838632699778355,0.9187442625393387,4.998371489346027,-0.25956225395202637,7,0.6457669005911625,-0.11864554514531163,0.7191969324424016,3.912746548652649,-0.7188816070556641,11,0.46421569523570494,-0.02050155897719825,0.5170015739417796,2.812715172767639,-0.12422037124633789,5,1,0.5980519480519481,1.0,0.6,0.42857142857142855,0.36363636363636365,0.6499999999999999,0.6,0.6,0.6,0.8,0.5875,0.7499999999999999,0.6,0.5,0.5000000000000001
bert,328,EV00329,POS,POS,1,14,7.18100643157959,1.0,7.18100643157959,6.059069526590407,0.37612722385568226,0.331920267581914,0.3173622951792031,2.278981000185013,2.0111279785633087,2,0.8142965243418974,0.2818613956148955,0.6870734090248922,4.933879256248474,1.707817792892456,3,0.19991725249381043,0.6516631183866691,0.16868281281787742,1.2113125324249268,3.9484721422195435,5,0.07423342296843229,0.19500051104280705,0.06263542758423049,0.4497854709625244,1.1815216541290283,7,0.41606169561858897,0.1991560452832843,0.3510575312898122,2.520946741104126,1.206700325012207,2,1,0.37976190476190474,0.5,0.3333333333333333,0.4,0.2857142857142857,0.75,0.5,0.5,1.0,1.0,0.478968253968254,0.5,0.4,0.5714285714285715,0.4444444444444445
bert,329,EV00330,NEG,NEG,1,5,-4.242163419723511,-1.0,4.242163419723511,6.059069526590407,1.032280394982386,0.25631186244385173,1.4744027023219766,6.254658684134483,1.5530113950371742,1,0.5515662146888106,0.1888216097321585,0.7878002153286677,3.341978043317795,1.1440832614898682,1,0.5515662146888106,0.1888216097321585,0.7878002153286677,3.341978043317795,1.1440832614898682,2,1.7249443712128723,0.5526031111223272,2.463732387666568,10.451557874679565,3.348260670900345,3,1.30104477933905,0.09500111918876278,1.8582779909640024,7.883120775222778,0.5756183862686157,1,1,0.7083333333333334,1.0,1.0,0.5,0.3333333333333333,1.0,1.0,1.0,1.0,1.0,0.7916666666666666,1.0,1.0,0.6666666666666666,0.5
bert,330,EV00331,NEG,NEG,1,18,-6.951399564743042,-1.0,6.951399564743042,6.059069526590407,1.534778279736985,0.06017376445894405,1.3377632634195584,9.299328304827213,0.36459702253341675,2,2.474813312786592,0.2482549924608644,2.1571287379926414,14.995065927505493,1.5041942596435547,4,1.9194470775298915,0.0026528336892866493,1.6730532483412262,11.63006329536438,0.01607370376586914,6,1.0063016732065717,-0.0012363862373709663,0.8771256591955956,6.097251802682877,-0.007491350173950195,9,0.7385510554248851,-0.008976382077003901,0.6437454081487706,4.4749321937561035,-0.05438852310180664,4,1,0.7777777777777777,1.0,1.0,0.6666666666666666,0.4444444444444444,0.875,0.5,1.0,1.0,1.0,0.7705128205128206,0.6666666666666666,1.0,0.8,0.6153846153846153
bert,331,EV00332,NEG,NEG,1,29,-5.597416162490845,-1.0,5.597416162490845,6.059069526590407,1.714788624578464,0.16563114875038032,1.8562174656826365,10.39002349972725,1.0035706460475922,3,2.131680580057027,-0.01433221948366822,2.3074929861580102,12.916000843048096,-0.08683991432189941,6,1.3624828186686275,0.21717052840910447,1.4748548995809432,8.255378127098083,1.3158513307571411,9,1.6652727693860778,0.24102653416255168,1.802617742708667,10.090003490447998,1.4603965282440186,15,1.699718330202124,0.21865975191353337,1.8399042342829248,10.29871153831482,1.3248746395111084,2,1,0.13055555555555554,0.0,0.16666666666666666,0.2222222222222222,0.13333333333333333,0.625,0.0,0.5,1.0,1.0,0.2122326203208556,0.0,0.25,0.3636363636363636,0.23529411764705882
bert,332,EV00333,POS,POS,1,19,7.479660511016846,1.0,7.479660511016846,6.059069526590407,0.27223186863296933,0.07391408582100273,0.22052760234821706,1.6494718194007874,0.4478505849838257,2,0.12434655234524217,-0.07027427979478036,0.10072974625147296,0.7534244060516357,-0.4257967472076416,4,0.14767274292752738,0.17178327795682305,0.11962565622285216,0.8947594165802002,1.040846824645996,6,0.20031770769058088,0.20006233241033716,0.16227190448614803,1.2137389183044434,1.2121915817260742,10,0.6165904715685269,-0.005914987288368958,0.4994831024323951,3.73596453666687,-0.03583931922912598,3,1,0.30416666666666664,0.5,0.25,0.16666666666666666,0.3,0.5,0.3333333333333333,0.3333333333333333,0.3333333333333333,1.0,0.3423687423687424,0.4,0.28571428571428575,0.2222222222222222,0.4615384615384615
bert,333,EV00334,POS,POS,1,20,0.5997459292411804,1.0,0.5997459292411804,6.059069526590407,0.25516465988711473,-0.05866058906990312,2.577854657698621,1.5460604149848223,-0.3554285876452923,2,0.16378121381089494,0.08366515953323976,1.6546341685903256,0.9923617616295815,0.5069330185651779,4,0.497238227472621,-0.24919412620042627,5.023453801334309,3.0128009915351868,-1.509884536266327,6,0.4348197870960618,-0.01721125605745271,4.392858375924765,2.6346033215522766,-0.10428419709205627,10,-0.07518058883111892,-0.05190213355497325,-0.7595277150549152,-0.45552441477775574,-0.31447863578796387,0,0,NA,NA,NA,NA,NA,NA,NA,NA,NA,NA,NA,NA,NA,NA,NA
bert,334,EV00335,NEG,NEG,1,27,-6.2438061237335205,-1.0,6.2438061237335205,6.059069526590407,0.7977012999725694,0.009494097417861601,0.7740994464119886,4.833327637985349,0.0575253963470459,3,0.25533872498402516,-0.08760029241354597,0.24778393323976491,1.5471150875091553,-0.5307762622833252,6,0.42308270576937557,-0.006673558113105201,0.41056481709860804,2.5634875297546387,-0.0404355525970459,9,1.0128765303970106,0.018300570333063912,0.9829082157581833,6.137089319527149,0.11088442802429199,14,1.4995072387398667,0.11394966986503367,1.455140819551398,9.085618615150452,0.6904289722442627,5,1,0.5158730158730158,0.6666666666666666,0.6666666666666666,0.4444444444444444,0.2857142857142857,0.7,0.4,0.8,0.8,0.8,0.5549384825700614,0.5,0.7272727272727272,0.5714285714285714,0.4210526315789473
bert,335,EV00336,POS,POS,1,7,7.917654037475586,1.0,7.917654037475586,6.059069526590407,0.14275576538227416,-0.05133131668242235,0.10924536414870226,0.8649671077728271,-0.31102001667022705,1,0.16921823197943528,-0.06544524735759258,0.12949604748844984,1.0253050327301025,-0.39653730392456055,2,0.23634321122655688,-0.048860059145783556,0.18086415007743586,1.4320199489593506,-0.29604649543762207,3,0.09970323129214068,-0.04626400612358345,0.07629895563338597,0.6041088104248047,-0.2803168296813965,4,0.06575838703096383,-0.04475595410272981,0.05032230339553731,0.3984346389770508,-0.2711794376373291,2,1,0.6666666666666666,1.0,0.5,0.6666666666666666,0.5,0.75,0.5,0.5,1.0,1.0,0.6583333333333333,0.6666666666666666,0.5,0.8,0.6666666666666666
bert,336,EV00337,POS,POS,1,26,8.093157529830933,1.0,8.093157529830933,6.059069526590407,0.2077446917412279,0.2907055649119889,0.15553130788190395,1.2587395310401917,1.7614052295684814,3,0.014594677591407134,0.25672235533521304,0.010926533308171114,0.08843016624450684,1.5554986000061035,6,0.3053896828750438,0.35778781109988944,0.2286347554447251,1.8503773212432861,2.167861223220825,8,0.20193987193219057,0.3680580683641004,0.1511854388762932,1.2235677242279053,2.2300894260406494,13,0.30905453456627,0.18025402484875272,0.2313785038984263,1.8725829124450684,1.0921716690063477,3,1,0.44310897435897434,0.6666666666666666,0.5,0.375,0.23076923076923078,0.9166666666666666,0.6666666666666666,1.0,1.0,1.0,0.5634469696969697,0.6666666666666666,0.6666666666666666,0.5454545454545454,0.375
bert,337,EV00338,NEG,NEG,1,6,-6.865560054779053,-1.0,6.865560054779053,6.059069526590407,1.9387897900155855,0.001392710142546343,1.7110418276698434,11.747262135148048,0.008438527584075928,1,1.4215360798178303,-0.046240318000516166,1.2545494641224473,8.613185942173004,-0.28017330169677734,2,2.2437922955360974,0.027658992255350734,1.9802159522589267,13.595293521881104,0.1675877571105957,2,2.2437922955360974,0.027658992255350734,1.9802159522589267,13.595293521881104,0.1675877571105957,3,1.8460384891723174,-0.003506825939999933,1.6291859420390729,11.185275554656982,-0.02124810218811035,1,1,0.5833333333333334,1.0,0.5,0.5,0.3333333333333333,1.0,1.0,1.0,1.0,1.0,0.7083333333333333,1.0,0.6666666666666666,0.6666666666666666,0.5
bert,338,EV00339,NEG,NEG,1,19,-4.414854049682617,-1.0,4.414854049682617,6.059069526590407,0.6168971026644794,-0.02487927758129585,0.846646694791253,3.737822435796261,-0.15074527263641357,2,0.2294406613656276,-0.22985707259878307,0.31489072773548116,1.3901969194412231,-1.3927199840545654,4,0.3458978292346505,0.030544732922104644,0.47471977513284636,2.0958189964294434,0.185072660446167,6,0.5585598772556574,0.32225779069624455,0.7665830685197993,3.384353131055832,1.9525823593139648,10,1.333690042801982,-0.2224625613447495,1.830393207776885,8.080920696258545,-1.3479161262512207,5,1,0.5166666666666666,0.5,0.5,0.6666666666666666,0.4,0.55,0.2,0.4,0.8,0.8,0.49769119769119763,0.28571428571428575,0.4444444444444445,0.7272727272727272,0.5333333333333333
bert,339,EV00340,NEG,NEG,1,14,-5.565197229385376,-1.0,5.565197229385376,6.059069526590407,0.38015114047050386,0.32962891386365334,0.413886818723042,2.303362190723419,1.997244507074356,2,0.6640991272282257,0.2626972712139998,0.7230331460930227,4.023822784423828,1.5917010307312012,3,0.42273726053281785,0.042373566376634995,0.4602521505027482,2.561394453048706,0.256744384765625,5,0.13305004881847257,0.6671384275299798,0.14485728325914562,0.806159496307373,4.042238116264343,7,0.30071812530249936,0.3463063903339988,0.3274046950372512,1.8220720291137695,2.098294496536255,1,1,0.03571428571428571,0.0,0.0,0.0,0.14285714285714285,0.25,0.0,0.0,0.0,1.0,0.0625,0.0,0.0,0.0,0.25
bert,340,EV00341,POS,POS,1,19,8.134928941726685,1.0,8.134928941726685,6.059069526590407,0.2928001242357474,0.038590323256374355,0.21808378472183138,1.7740963101387024,0.23382145166397095,2,0.021045795572121318,0.13076485322522857,0.015675357935144702,0.1275179386138916,0.7923133373260498,4,0.11542096988099554,0.020686892963322726,0.08596800296315885,0.6993436813354492,0.12534332275390625,6,0.32890069590591214,-0.0027405427031022465,0.24497226136097502,1.9928321838378906,-0.016605138778686523,10,0.7058330355839606,0.005650089540048365,0.525719516628047,4.276691436767578,0.03423428535461426,4,1,0.5375,0.5,0.75,0.5,0.4,0.6875,0.25,0.75,0.75,1.0,0.5636904761904762,0.3333333333333333,0.75,0.6,0.5714285714285715
bert,341,EV00342,NEG,NEG,1,8,-5.78406834602356,-1.0,5.78406834602356,6.059069526590407,1.5593688300362747,0.67902977024186,1.6335081053762393,9.448324158787727,4.1142885885201395,1,1.5781220004242273,-0.024397389542851387,1.653152884238152,9.561950922012329,-0.1478254795074463,2,1.2310321608339154,0.955022384257386,1.2895608620407324,7.458909451961517,5.786547025665641,3,1.6520612696318797,1.4497901771416843,1.7306075525820652,10.00995409488678,8.784379482269287,4,1.7762598892550763,0.3357039091112212,1.8607111226440067,10.762482166290283,2.034053325653076,1,1,0.2708333333333333,0.0,0.5,0.3333333333333333,0.25,0.75,0.0,1.0,1.0,1.0,0.3916666666666666,0.0,0.6666666666666666,0.5,0.4
bert,342,EV00343,POS,POS,1,26,7.82935643196106,1.0,7.82935643196106,6.059069526590407,0.18010307208776122,-0.0483820174761594,0.13938015286893557,1.0912570357322693,-0.29315000772476196,3,0.0394132986250149,-0.0879753674784586,0.03050159846660876,0.23880791664123535,-0.5330488681793213,6,0.08947972068939809,-0.047509403291489984,0.0692475536579449,0.5421638488769531,-0.28786277770996094,8,0.20844745578765816,-0.04242920592151398,0.16131561730755614,1.2629976272583008,-0.2570815086364746,13,0.3830718132489737,-0.015614093213175046,0.29645584204363246,2.321058750152588,-0.09460687637329102,4,1,0.4519230769230769,0.6666666666666666,0.3333333333333333,0.5,0.3076923076923077,0.75,0.5,0.5,1.0,1.0,0.527170868347339,0.5714285714285715,0.4,0.6666666666666666,0.47058823529411764
bert,343,EV00344,NEG,NEG,1,19,-6.812775373458862,-1.0,6.812775373458862,6.059069526590407,1.7250758646431152,0.1075411570591552,1.5342283423885543,10.452354602515697,0.6515993475914001,2,0.9939333988215682,0.22810234143588817,0.8839731760052842,6.022311568260193,1.3820879459381104,4,2.4294443399641525,0.08715147724459994,2.1606715617690053,14.72017216682434,0.5280568599700928,6,2.2521532586018513,0.07498286481550805,2.002994437270466,13.645953178405762,0.4543263912200928,10,1.2247724611848894,0.03992794474062468,1.0892741945094617,7.4209814965724945,0.2419261932373047,7,1,0.6958333333333333,0.5,0.75,0.8333333333333334,0.7,0.5714285714285714,0.14285714285714285,0.42857142857142855,0.7142857142857143,1.0,0.5901092371680607,0.22222222222222224,0.5454545454545454,0.7692307692307692,0.8235294117647058
bert,344,EV00345,POS,POS,1,14,7.865616321563721,1.0,7.865616321563721,6.059069526590407,0.42961978173155235,0.16835268094774022,0.330946195459273,2.603096127510071,1.0200605988502502,2,0.29920299045415055,0.3529932090741367,0.23048308195154513,1.8128917217254639,2.138810396194458,3,0.361260364024621,0.23245190580069236,0.27828733249272475,2.188901662826538,1.4084422588348389,5,0.5472693436093927,0.07542782377837334,0.42157441267961165,3.3159430027008057,0.45702242851257324,7,0.5107464288380452,0.012537785137758536,0.39343995471321064,3.0946481227874756,0.07596731185913086,2,1,0.463095238095238,0.5,0.6666666666666666,0.4,0.2857142857142857,0.875,0.5,1.0,1.0,1.0,0.578968253968254,0.5,0.8,0.5714285714285715,0.4444444444444445
bert,345,EV00346,POS,POS,1,22,6.29815673828125,1.0,6.29815673828125,6.059069526590407,1.033253723039133,0.03942266369692522,0.994029747532329,6.260556146502495,0.23886466026306152,3,1.1691371807582933,-0.2179803120115352,1.1247548503397071,7.083883464336395,-1.3207578659057617,5,0.8154529041403539,0.20942618450037032,0.7844969985135399,4.940885841846466,1.268927812576294,7,0.8879202929336801,0.20555931482936424,0.8542134085107668,5.3799707889556885,1.2454981803894043,11,1.2605045143242046,-0.03931453253049846,1.212653732765302,7.637484490871429,-0.23820948600769043,3,1,0.491991341991342,0.6666666666666666,0.6,0.42857142857142855,0.2727272727272727,0.9166666666666666,0.6666666666666666,1.0,1.0,1.0,0.6113095238095237,0.6666666666666666,0.7499999999999999,0.6,0.42857142857142855
bert,346,EV00347,POS,POS,1,15,7.9677817821502686,1.0,7.9677817821502686,6.059069526590407,0.33916273413905057,0.10665631515979615,0.25791498628460585,2.055010586977005,0.6462380290031433,2,0.21197320861668695,0.006995590669887098,0.16119420469898255,1.284360408782959,0.042386770248413086,3,0.0955474609574136,0.30839591030729946,0.07265869625952776,0.5789287090301514,1.8685922622680664,5,0.3221749609635923,0.07459488326493748,0.24499670003279725,1.952080488204956,0.45197558403015137,8,0.7269553060185093,0.036638876397060594,0.5528103441471157,4.404672741889954,0.22199749946594238,5,1,0.7229166666666667,1.0,0.6666666666666666,0.6,0.625,0.6,0.4,0.4,0.6,1.0,0.6101648351648352,0.5714285714285715,0.5,0.6,0.7692307692307693
bert,347,EV00348,POS,POS,1,22,7.785429239273071,1.0,7.785429239273071,6.059069526590407,0.294114382226524,0.18609829207203418,0.22889672579573278,1.7820594906806946,1.1275824904441833,3,0.07875395891916233,0.25879022617147923,0.06129085971104961,0.4771757125854492,1.5680279731750488,5,0.20746215578499216,0.2301942545365964,0.16145898009548754,1.2570276260375977,1.3947629928588867,7,0.3060984771621054,0.10710529756216916,0.23822343764033443,1.8546719551086426,0.6489584445953369,11,0.584142937039836,0.14830339001789195,0.45461362573605957,3.539362668991089,0.8985805511474609,2,1,0.1917748917748918,0.3333333333333333,0.2,0.14285714285714285,0.09090909090909091,0.5,0.5,0.5,0.5,0.5,0.26544566544566545,0.4,0.28571428571428575,0.22222222222222224,0.15384615384615385
bert,348,EV00349,NEG,POS,0,9,7.279250383377075,1.0,7.279250383377075,6.059069526590407,0.4085635980124381,0.3999124603577399,0.3400782739890522,2.4755152463912964,2.423097401857376,1,0.3047031207965088,-0.1321020517072813,0.25362737136557073,1.846217393875122,-0.8004155158996582,2,0.18844940714728559,0.8178808285448865,0.15686064404337363,1.1418280601501465,4.9555968046188354,3,0.47073864489193296,0.6497341299928714,0.3918312513243539,2.852238178253174,3.936784267425537,5,0.670363219214025,0.26413693460048304,0.5579938292229105,4.061777353286743,1.60042405128479,1,1,0.5083333333333333,1.0,0.5,0.3333333333333333,0.2,1.0,1.0,1.0,1.0,1.0,0.625,1.0,0.6666666666666666,0.5,0.33333333333333337
bert,349,EV00350,NEG,NEG,1,10,-6.382186651229858,-1.0,6.382186651229858,6.059069526590407,0.6204089283920827,0.05670259858793038,0.5889987943743229,3.7591008320450783,0.3435649871826172,1,0.5417031462261208,0.14995349207906603,0.514277737528502,3.282217025756836,0.908578634262085,2,0.5639721067576221,0.07087781539545493,0.5354192625852374,3.4171462059020996,0.42945361137390137,3,0.5135517007146453,0.02029517325379636,0.4875515466125733,3.111645460128784,0.1229698657989502,5,0.8624087598699427,-0.014316086376595814,0.8187466307709788,5.225394636392593,-0.08674216270446777,1,1,0.5083333333333333,1.0,0.5,0.3333333333333333,0.2,1.0,1.0,1.0,1.0,1.0,0.625,1.0,0.6666666666666666,0.5,0.33333333333333337
bert,350,EV00351,POS,POS,1,29,4.562170743942261,1.0,4.562170743942261,6.059069526590407,-0.08656209746165536,-0.27695573091911374,-0.11496405578858075,-0.5244857668876648,-1.6780940294265747,3,-0.55025089919254,-0.41225239359550225,-0.7307941573447886,-3.3340084552764893,-2.497865915298462,6,-0.36702869743479755,-0.41565100967099217,-0.48745477391644154,-2.2238523960113525,-2.518458366394043,9,0.2305538457536237,-0.3064915740880892,0.3062010506068502,1.3969417810440063,-1.8570537567138672,15,0.3404773610270925,0.02657205367812855,0.4521916575000569,2.0629760026931763,0.16100192070007324,5,1,0.638888888888889,1.0,0.6666666666666666,0.5555555555555556,0.3333333333333333,0.85,0.6,0.8,1.0,1.0,0.6728896103896104,0.7499999999999999,0.7272727272727272,0.7142857142857143,0.5
bert,351,EV00352,NEG,NEG,1,5,-5.891206502914429,-1.0,5.891206502914429,6.059069526590407,0.9115671474638927,-0.12254655994720083,0.9375410256567978,5.523248724639416,-0.7425181269645691,1,1.0383662099867472,-0.1714874518617734,1.0679530566966793,6.291533060371876,-1.0390543937683105,1,1.0383662099867472,-0.1714874518617734,1.0679530566966793,6.291533060371876,-1.0390543937683105,2,0.8885677346868797,-0.047219676297894544,0.9138862755876933,5.383893683552742,-0.28610730171203613,3,0.6809684351951965,-0.099991659767362,0.7003717136461389,4.126035094261169,-0.6058564186096191,0,0,NA,NA,NA,NA,NA,NA,NA,NA,NA,NA,NA,NA,NA,NA,NA
bert,352,EV00353,POS,POS,1,4,6.303040981292725,1.0,6.303040981292725,6.059069526590407,0.8681293161656229,-0.10345236863055984,0.8345265508829883,5.260055884718895,-0.6268250942230225,1,0.8747203863908752,-0.11180742934006788,0.8408624999164823,5.299991637468338,-0.6774489879608154,1,0.8747203863908752,-0.11180742934006788,0.8408624999164823,5.299991637468338,-0.6774489879608154,2,0.8615382459403708,-0.0950973079210518,0.8281906018494944,5.220120131969452,-0.5762012004852295,2,0.8615382459403708,-0.0950973079210518,0.8281906018494944,5.220120131969452,-0.5762012004852295,0,0,NA,NA,NA,NA,NA,NA,NA,NA,NA,NA,NA,NA,NA,NA,NA
bert,353,EV00354,POS,POS,1,9,8.133098602294922,1.0,8.133098602294922,6.059069526590407,0.5184465173715098,1.2054347730799497,0.38623693895083444,3.1413034945726395,7.303813099861145,1,0.04129445825869918,2.2456758948103634,0.030763916082097775,0.25020599365234375,13.606706380844116,2,0.3344768092476773,2.0572803958501247,0.24918153488393796,2.026618242263794,12.465204954147339,3,0.5255251812462444,0.3357755243670061,0.3915104654868033,3.1841936111450195,2.034487247467041,5,1.1724896207334186,0.1830072772923047,0.8734918393504988,7.104196131229401,1.108853816986084,2,1,0.7666666666666666,1.0,1.0,0.6666666666666666,0.4,0.875,0.5,1.0,1.0,1.0,0.7595238095238096,0.6666666666666666,1.0,0.8,0.5714285714285715
bert,354,EV00355,POS,POS,1,28,6.937107086181641,1.0,6.937107086181641,6.059069526590407,0.23259889906436884,0.6629635827473177,0.20315856171344845,1.4093329012393951,4.0169424414634705,3,0.019054458621844992,1.5124632254921753,0.016642711652608354,0.11545228958129883,9.164119839668274,6,0.1837339360442709,0.9936884116883173,0.16047849897335492,1.1132566928863525,6.0208271741867065,9,0.24009108939564355,0.023296521404888637,0.20970245602209672,1.454728603363037,0.14115524291992188,14,0.4875161121957159,0.12240617240388967,0.4258105802057338,2.953894019126892,0.7416675090789795,4,1,0.1329365079365079,0.0,0.16666666666666666,0.2222222222222222,0.14285714285714285,0.3125,0.0,0.25,0.5,0.5,0.18247863247863247,0.0,0.2,0.30769230769230765,0.22222222222222224
bert,355,EV00356,NEG,NEG,1,16,-6.170818090438843,-1.0,6.170818090438843,6.059069526590407,1.3392101427829726,0.18530080996374615,1.3149579086526155,8.114367365837097,1.1227504909038544,2,1.9125121237331717,0.5588997595214532,1.8778777595507614,11.588043928146362,3.386412501335144,4,0.6742441758419382,0.05100757244232911,0.6620340475796419,4.085292339324951,0.30905842781066895,5,0.6199096419289456,0.1397538269955573,0.6086834771207219,3.756075620651245,0.846778154373169,8,2.150174629627835,-0.00845791910435504,2.1112363503593374,13.02805757522583,-0.05124711990356445,2,1,0.0,0.0,0.0,0.0,0.0,0.0,0.0,0.0,0.0,0.0,0.0,0.0,0.0,0.0,0.0
bert,356,EV00357,POS,POS,1,19,7.8075315952301025,1.0,7.8075315952301025,6.059069526590407,0.5073291195084613,0.2295423392892254,0.393714963142599,3.07394240796566,1.3908129930496216,2,-0.0013070177671147963,0.8597368960003928,-0.0010143168058338542,-0.0079193115234375,5.209205627441406,4,0.041988457306104156,0.07896719137580957,0.032585324368339705,0.254410982131958,0.4784677028656006,6,0.38436246181476624,-0.010441937132886325,0.29828615521501806,2.328878879547119,-0.06326842308044434,10,1.6042725766800894,-0.010092793086414456,1.245002689792872,9.720399081707,-0.06115293502807617,8,1,0.8833333333333333,1.0,1.0,0.8333333333333334,0.7,0.5625,0.25,0.5,0.625,0.875,0.6396825396825396,0.4,0.6666666666666666,0.7142857142857143,0.7777777777777777
bert,357,EV00358,NEG,NEG,1,8,-7.199725389480591,-1.0,7.199725389480591,6.059069526590407,1.0853320837364062,0.04126745497887372,0.9133822869166761,6.576102554798126,0.2500423789024353,1,0.0094401105327315,0.11600054191531134,0.007944508299661233,0.057198286056518555,0.7028553485870361,2,0.6597507039856292,0.02389151826352733,0.5552260140755547,3.9974753856658936,0.1447603702545166,3,1.8080171235462763,0.014742039752348996,1.5215719131825514,10.954901456832886,0.08932304382324219,4,1.8641203968809876,0.010435719984307203,1.5687867121089374,11.294835090637207,0.06323075294494629,1,1,0.5208333333333333,1.0,0.5,0.3333333333333333,0.25,1.0,1.0,1.0,1.0,1.0,0.6416666666666666,1.0,0.6666666666666666,0.5,0.4
bert,358,EV00359,NEG,NEG,1,20,-6.371878385543823,-1.0,6.371878385543823,6.059069526590407,1.8119373800295275,0.1696612530019998,1.7229853076526764,10.978654563426971,1.0279893279075623,2,2.13369894979891,-0.04123252286715779,2.028950879857425,12.928230285644531,-0.2498307228088379,4,2.201750205486238,0.3260171587854901,2.0936613466808818,13.34055757522583,1.975360631942749,6,1.2462242454127617,0.2027639982602991,1.1850443004005693,7.550959348678589,1.2285611629486084,10,1.6660761194202003,0.19109637782936786,1.5842847036718295,10.094871044158936,1.1578662395477295,5,1,0.6458333333333334,0.5,0.75,0.8333333333333334,0.5,0.7,0.2,0.6,1.0,1.0,0.632034632034632,0.28571428571428575,0.6666666666666665,0.9090909090909091,0.6666666666666666
bert,359,EV00360,POS,POS,1,12,5.65004563331604,1.0,5.65004563331604,6.059069526590407,0.5939128872251422,-0.2258537207768486,0.6369079248330332,3.5985594764351845,-1.368463397026062,2,0.8358019609880459,-0.4061651755518749,0.8963080343843074,5.0641821920871735,-2.4609830379486084,3,0.35992141451021525,-0.2261218648211045,0.3859771460587475,2.1807888746261597,-1.3700881004333496,4,0.4757289297017615,-0.16419910432208457,0.5101682955812481,2.882474660873413,-0.9948937892913818,6,0.7041992437005463,-0.1069287384123304,0.7551782233078297,4.266792178153992,-0.6478886604309082,2,1,0.625,1.0,0.6666666666666666,0.5,0.3333333333333333,1.0,1.0,1.0,1.0,1.0,0.7416666666666667,1.0,0.8,0.6666666666666666,0.5
bert,360,EV00361,POS,POS,1,8,8.267571449279785,1.0,8.267571449279785,6.059069526590407,0.5460231594606534,0.008790989067316962,0.40016489805164807,3.308392286300659,0.05326521396636963,1,0.013035786608754589,0.04260045295073134,0.009553558542220075,0.07898473739624023,0.2581191062927246,2,0.6507924224677797,-0.016169544284965524,0.47694732151442815,3.9431965351104736,-0.09797239303588867,3,0.600784748522565,0.0022464367872285563,0.44029811460926044,3.6401965618133545,0.013611316680908203,4,0.9194796802435142,0.006486610816273481,0.6738605975406836,5.571191310882568,0.039302825927734375,5,1,1.0,1.0,1.0,1.0,1.0,0.5,0.2,0.4,0.6,0.8,0.6359126984126984,0.33333333333333337,0.5714285714285715,0.7499999999999999,0.888888888888889
bert,361,EV00362,POS,POS,1,19,7.760303735733032,1.0,7.760303735733032,6.059069526590407,0.2876689600195872,0.047763706310349,0.22460538455079004,1.7430062294006348,0.28940361738204956,2,0.1864979307761906,0.11216031154549555,0.14561334478721916,1.1300039291381836,0.6795871257781982,4,0.11756202993471213,0.1485753312446661,0.09178976049504821,0.7123165130615234,0.9002282619476318,6,0.33596432106879487,-0.006542486455402305,0.2623133045840739,2.0356311798095703,-0.039641380310058594,10,0.5106515582986512,-0.06313833109336332,0.39870512833681887,3.0940732955932617,-0.38255953788757324,4,1,0.43333333333333335,0.5,0.5,0.3333333333333333,0.4,0.5625,0.25,0.5,0.5,1.0,0.45119047619047625,0.3333333333333333,0.5,0.4,0.5714285714285715
bert,362,EV00363,NEG,NEG,1,2,-7.0557451248168945,-1.0,7.0557451248168945,6.059069526590407,2.0064915253812305,-0.017463025981756152,1.723059679548039,12.157471656799316,-0.10580968856811523,1,2.0064915253812305,-0.017463025981756152,1.723059679548039,12.157471656799316,-0.10580968856811523,1,2.0064915253812305,-0.017463025981756152,1.723059679548039,12.157471656799316,-0.10580968856811523,1,2.0064915253812305,-0.017463025981756152,1.723059679548039,12.157471656799316,-0.10580968856811523,1,2.0064915253812305,-0.017463025981756152,1.723059679548039,12.157471656799316,-0.10580968856811523,1,1,1.0,1.0,1.0,1.0,1.0,1.0,1.0,1.0,1.0,1.0,1.0,1.0,1.0,1.0,1.0
bert,363,EV00364,NEG,NEG,1,26,-2.4919627904891968,-1.0,2.4919627904891968,6.059069526590407,1.1537397581242788,0.3496928278811011,2.8052532050212027,6.990589410066605,2.118813157081604,3,-0.08814102694376308,0.8101900780308661,-0.2143099399901389,-0.5340526103973389,4.908998012542725,6,1.6912136841108212,0.7405287382577123,4.112090767714145,10.247181296348572,4.486915111541748,8,1.7272531959056212,0.1382798315702431,4.199718809703551,10.46554720401764,0.837847113609314,13,1.284633179424436,-0.29022733633441694,3.123513182657254,7.783681750297546,-1.7585076093673706,3,1,0.31810897435897434,0.3333333333333333,0.3333333333333333,0.375,0.23076923076923078,0.75,0.3333333333333333,0.6666666666666666,1.0,1.0,0.4245580808080808,0.3333333333333333,0.4444444444444444,0.5454545454545454,0.375
bert,364,EV00365,NEG,NEG,1,8,-6.254675626754761,-1.0,6.254675626754761,6.059069526590407,0.8899919412779437,0.144206958037958,0.8621585690363881,5.3925230503082275,0.8737599849700928,1,0.07201236631306153,0.07832690377024322,0.06976027064272473,0.4363279342651367,0.47458815574645996,2,0.22432471539132165,0.20651470956038384,0.21730924365850765,1.359199047088623,1.2512869834899902,3,1.4084002581079664,0.14611385194487483,1.3643543214754013,8.533595085144043,0.8853139877319336,4,1.8552304252994252,0.14587236687633007,1.7972104403689189,11.240970134735107,0.8838508129119873,1,1,0.5208333333333333,1.0,0.5,0.3333333333333333,0.25,1.0,1.0,1.0,1.0,1.0,0.6416666666666666,1.0,0.6666666666666666,0.5,0.4
bert,365,EV00366,NEG,POS,0,23,1.431139886379242,1.0,1.431139886379242,6.059069526590407,0.19739844525246872,0.5069585622053919,0.835732467438299,1.196050904225558,3.071697175502777,3,0.09294100134335725,0.9633925319428046,0.3934874577128859,0.563135989010334,5.837262332439423,5,0.2986206772057386,0.8173965500521625,1.264280450993707,1.8093634452670813,4.952662527561188,7,0.3407145816432495,0.479430976074598,1.4424948364954742,2.0644133388996124,2.904905617237091,12,0.057317520817529534,-0.23238580924799754,0.24266712455112888,0.34729084372520447,-1.408041775226593,5,1,0.3738095238095238,0.3333333333333333,0.4,0.42857142857142855,0.3333333333333333,0.5,0.2,0.4,0.6,0.8,0.4051470588235294,0.25,0.4000000000000001,0.5,0.47058823529411764
bert,366,EV00367,NEG,NEG,1,8,-7.125988006591797,-1.0,7.125988006591797,6.059069526590407,0.3778005154137866,0.4079587884865404,0.3212353524481031,2.289119590073824,2.471850663423538,1,0.005869185003899978,0.48792689651591686,0.004990437112680894,0.03556180000305176,2.956382989883423,2,0.07070074470807486,0.48347484757216125,0.06011526643833953,0.42838072776794434,2.9294077157974243,3,0.15538708319201103,0.4353854984304599,0.13212217135383733,0.9415011405944824,2.638031005859375,4,1.2792450487511606,0.2250479114276235,1.0877135348875546,7.751034691929817,1.3635809421539307,0,0,NA,NA,NA,NA,NA,NA,NA,NA,NA,NA,NA,NA,NA,NA,NA
bert,367,EV00368,POS,POS,1,40,8.01489520072937,1.0,8.01489520072937,6.059069526590407,0.3599735618276487,0.047066923318247994,0.27213138938089176,2.181104838848114,0.28518176078796387,4,0.044353570802919004,0.10426055859680414,0.03353023701329789,0.2687413692474365,0.6317219734191895,8,0.06584743391219519,0.04079999820145073,0.049779082626828064,0.3989741802215576,0.24721002578735352,12,0.35337469803283666,0.02567155086019677,0.2671428064313549,2.1411218643188477,0.15554571151733398,20,0.976318544562644,0.017535585614540345,0.7380734314520861,5.915581941604614,0.10624933242797852,6,1,0.3645833333333333,0.5,0.375,0.3333333333333333,0.25,0.5833333333333334,0.3333333333333333,0.5,0.6666666666666666,0.8333333333333334,0.4144078144078144,0.4,0.42857142857142855,0.4444444444444444,0.3846153846153846
bert,368,EV00369,NEG,NEG,1,13,-2.0878300070762634,-1.0,2.0878300070762634,6.059069526590407,1.3823253500591783,0.5402300558287644,4.011629952802517,8.375605404376984,3.2732914686203003,2,1.3373612592006936,-0.4542719071327208,3.881140199662485,8.103164851665497,-2.752465069293976,3,1.419721597135205,-0.14707433253952643,4.120157156536552,8.602191865444183,-0.8911336064338684,4,1.41537584962744,1.4116965961869734,4.107545414395875,8.575860679149628,8.553567826747894,7,1.3568426942733745,1.3505698668003312,3.937677040615158,8.221204221248627,8.183196723461151,3,1,0.44047619047619047,0.5,0.3333333333333333,0.5,0.42857142857142855,0.5833333333333333,0.3333333333333333,0.3333333333333333,0.6666666666666666,1.0,0.4761904761904763,0.4,0.3333333333333333,0.5714285714285715,0.6
bert,369,EV00370,POS,POS,1,12,8.31265640258789,1.0,8.31265640258789,6.059069526590407,0.11010512093789789,-0.014169373474841011,0.0802552722536931,0.6671345829963684,-0.0858532190322876,2,0.0026580277627831317,-0.01101859733812077,0.0019374279773994652,0.016105175018310547,-0.06676244735717773,3,0.059209407983690926,-0.00885487223641953,0.04315754905161296,0.35875391960144043,-0.053652286529541016,4,0.05658234791667849,-0.01641649887029827,0.04124269332910933,0.3428363800048828,-0.09946870803833008,6,0.321970700088439,-0.02038752545452548,0.23468341865665063,1.9508428573608398,-0.12352943420410156,4,1,0.9166666666666666,1.0,1.0,1.0,0.6666666666666666,0.8125,0.5,0.75,1.0,1.0,0.8309523809523809,0.6666666666666666,0.8571428571428571,1.0,0.8
bert,370,EV00371,NEG,NEG,1,15,-3.970635175704956,-1.0,3.970635175704956,6.059069526590407,0.8463861842555026,-0.2401481651805424,1.2915594654902263,5.128312736749649,-1.455074429512024,2,-0.16901369566099048,-0.40399432827363685,-0.2579097372914348,-1.0240657329559326,-2.4478297233581543,3,1.2286338465832167,-0.24607147479121824,1.8748577229814387,7.444377899169922,-1.4909641742706299,5,0.9634830249013162,-0.17446672520050563,1.4702456677563143,5.837810635566711,-1.0571060180664062,8,1.362441561198468,-0.13606013245680892,2.0790442085145866,8.255128145217896,-0.8243978023529053,3,1,0.32708333333333334,0.0,0.3333333333333333,0.6,0.375,0.5833333333333333,0.0,0.3333333333333333,1.0,1.0,0.40719696969696967,0.0,0.3333333333333333,0.7499999999999999,0.5454545454545454
bert,371,EV00372,NEG,NEG,1,12,-5.66631007194519,-1.0,5.66631007194519,6.059069526590407,1.570664971305241,0.6051756890194824,1.679535087870064,9.516768264118582,3.6668015755712986,2,0.8698283429192031,0.4749960931502578,0.9301202032554688,5.270350405946374,2.8780343532562256,3,1.7130186210687826,0.8241755463816571,1.8317559332012927,10.37929892539978,4.9937369376420975,4,1.8762524147013544,0.6376732060534878,2.0063042225823295,11.368343830108643,3.8637062907218933,6,1.8235605065316243,0.48385791049252685,1.9499599924411646,11.049079895019531,2.931728720664978,1,1,0.0,0.0,0.0,0.0,0.0,0.0,0.0,0.0,0.0,0.0,0.0,0.0,0.0,0.0,0.0
bert,372,EV00373,POS,POS,1,13,7.203436374664307,1.0,7.203436374664307,6.059069526590407,0.796099556346499,-0.009847382950966082,0.6696278888960292,4.823622561991215,-0.0596659779548645,2,0.7351183040557724,-0.14607273219636102,0.6183343705060977,4.454132914543152,-0.8850648403167725,3,1.3350420611168423,-0.10039632531158794,1.122951758792305,8.089112669229507,-0.6083083152770996,4,0.6282145916339251,-0.04236384716334991,0.5284138238941707,3.8063958883285522,-0.2566854953765869,7,0.48602326857945616,0.24944337286743454,0.40881160239154335,2.9448487758636475,1.511394739151001,1,1,0.306547619047619,0.5,0.3333333333333333,0.25,0.14285714285714285,1.0,1.0,1.0,1.0,1.0,0.4541666666666666,0.6666666666666666,0.5,0.4,0.25
bert,373,EV00374,POS,POS,1,13,2.795177459716797,1.0,2.795177459716797,6.059069526590407,-0.49445923583720625,0.747440847476445,-1.0718324182799912,-2.9959628880023956,4.528796061873436,2,-0.7547329946579672,1.2154396800818612,-1.6360242304914356,-4.572979688644409,7.364433526992798,3,-0.7283092081687382,0.8119551481544519,-1.5787457555026723,-4.412876129150391,4.919692695140839,4,-0.5142789890512778,0.717182823968305,-1.1147954220576068,-3.1160521507263184,4.345460593700409,7,0.019484248529158074,0.24518573770116187,0.04223573493174992,0.11805641651153564,1.4855974316596985,6,1,0.8928571428571428,1.0,1.0,1.0,0.5714285714285714,0.5416666666666666,0.3333333333333333,0.5,0.6666666666666666,0.6666666666666666,0.6455128205128204,0.5,0.6666666666666666,0.8,0.6153846153846153
bert,374,EV00375,POS,POS,1,10,7.16127610206604,1.0,7.16127610206604,6.059069526590407,0.4769571067453203,-0.05985553892194082,0.4035476116595953,2.889916270971298,-0.36266887187957764,1,0.1698723704476589,-0.14286220453991041,0.14372694821320925,1.029268503189087,-0.8656120300292969,2,0.4892976597304885,-0.08854746319486281,0.41398880356824724,2.964688539505005,-0.5365152359008789,3,0.74659941002933,-0.07022371627627294,0.631688687563004,4.523697733879089,-0.4254903793334961,5,0.502058986773804,0.06221122832328288,0.42478600729392063,3.0420103073120117,0.37694215774536133,5,1,0.8166666666666667,1.0,1.0,0.6666666666666666,0.6,0.4,0.2,0.4,0.4,0.6,0.5011904761904762,0.33333333333333337,0.5714285714285715,0.5,0.6
bert,375,EV00376,POS,POS,1,9,8.187484502792358,1.0,8.187484502792358,6.059069526590407,0.4857292427030615,0.005995800382637142,0.3594592322187584,2.943067252635956,0.03632897138595581,1,0.06882977647617534,0.017445200865893226,0.05093681094477535,0.41704440116882324,0.10570168495178223,2,0.21321195579655633,0.01562176627629485,0.15778544751389934,1.2918660640716553,0.09465336799621582,3,0.42400193873112796,0.003793562406430735,0.3137785374160172,2.5690572261810303,0.022985458374023438,5,1.2368732998083865,-0.012877328018070242,0.9153361330003417,7.4943013191223145,-0.07802462577819824,2,1,0.2583333333333333,0.0,0.5,0.3333333333333333,0.2,0.375,0.0,0.5,0.5,0.5,0.29642857142857143,0.0,0.5,0.4,0.28571428571428575
bert,376,EV00377,POS,POS,1,16,6.466169357299805,1.0,6.466169357299805,6.059069526590407,1.3018238600832053,0.5034144382925474,1.219862893144113,7.887841279618442,3.050223082304001,2,1.597040409734602,-0.16780005316968744,1.4964930313709222,9.676578879356384,-1.0167121887207031,4,1.4335084979253052,1.5161687444179364,1.3432568546670118,8.685727655887604,9.186571836471558,5,1.0579828778782845,0.37447607412627454,0.991373790170854,6.410391815006733,2.26897656917572,8,1.1187636547946291,0.29081298779566617,1.0483278963676634,6.778666768223047,1.7620561122894287,2,1,0.26875,0.5,0.25,0.2,0.125,0.5,0.5,0.5,0.5,0.5,0.32976190476190476,0.5,0.3333333333333333,0.28571428571428575,0.2
bert,377,EV00378,NEG,NEG,1,20,-5.463117599487305,-1.0,5.463117599487305,6.059069526590407,1.477639604002682,0.17595914335525267,1.6388297147230133,8.953121095895767,1.0661486834287643,2,1.5941702316138167,-0.03826894979603993,1.7680722273675937,9.659188270568848,-0.2318742275238037,4,1.5650357289950487,0.009051932236952734,1.7357595521482945,9.482660293579102,0.05484628677368164,6,1.448522665812376,0.020080799674941547,1.606536519969186,8.776699542999268,0.12167096138000488,10,1.302829789589487,0.7129727913051563,1.444950559406979,7.893936276435852,4.319951713085175,2,1,0.3208333333333333,0.5,0.25,0.3333333333333333,0.2,0.75,0.5,0.5,1.0,1.0,0.41666666666666663,0.5,0.3333333333333333,0.5,0.33333333333333337
bert,378,EV00379,NEG,NEG,1,11,-2.703063726425171,-1.0,2.703063726425171,6.059069526590407,0.27338258585840225,-0.041456015586412674,0.6128022310682119,1.6564440950751305,-0.25118488073349,2,0.31574715237141965,-0.14335147052366237,0.7077647569214905,1.9131339490413666,-0.8685765266418457,3,0.18414032310906858,-0.06340220576660127,0.412760748738051,1.1157190203666687,-0.3841583728790283,4,0.2522803108852944,-0.02327515487527811,0.565500311146973,1.5285839438438416,-0.14102578163146973,6,0.3413625570678263,0.06420476881989105,0.7651831074663328,2.068339467048645,0.3890211582183838,0,0,NA,NA,NA,NA,NA,NA,NA,NA,NA,NA,NA,NA,NA,NA,NA
bert,379,EV00380,NEG,NEG,1,25,-5.366124153137207,-1.0,5.366124153137207,6.059069526590407,0.20171244676808678,0.010446580319799847,0.2277602002316277,1.2221897393465042,0.06329655647277832,3,-0.02118516987761026,-0.04882004117043566,-0.02392087652782839,-0.12836241722106934,-0.2958040237426758,5,0.058428644299469715,0.1660895503295959,0.06597371623878992,0.3540232181549072,1.0063481330871582,8,0.18192187332770648,0.022216232815703618,0.20541400870155258,1.1022772789001465,0.13460969924926758,13,0.5876844393227811,-0.09769942069566447,0.6635739525139968,3.5608208775520325,-0.5919675827026367,1,1,0.0,0.0,0.0,0.0,0.0,0.0,0.0,0.0,0.0,0.0,0.0,0.0,0.0,0.0,0.0
bert,380,EV00381,NEG,NEG,1,6,-5.962037801742554,-1.0,5.962037801742554,6.059069526590407,1.4006140369816669,0.022848857195410577,1.4234086882343036,8.486417829990387,0.13844281435012817,1,0.033009163400018894,-0.05538224149569962,0.03354637946952668,0.20000481605529785,-0.33556485176086426,2,1.9311448786757606,-0.06609533287452729,1.9625737897572118,11.70094108581543,-0.40047621726989746,2,1.9311448786757606,-0.06609533287452729,1.9625737897572118,11.70094108581543,-0.40047621726989746,3,1.7071572271751274,0.27896833602639654,1.7349407939532635,10.34378433227539,1.6902885437011719,2,1,0.9166666666666666,1.0,1.0,1.0,0.6666666666666666,0.875,0.5,1.0,1.0,1.0,0.8666666666666667,0.6666666666666666,1.0,1.0,0.8
bert,381,EV00382,POS,POS,1,34,7.752618789672852,1.0,7.752618789672852,6.059069526590407,0.17510849823239388,0.07805272948535599,0.136856262047088,1.060994565486908,0.47292691469192505,4,-0.016603446167129988,0.022497539114388097,-0.012976443761843095,-0.1006014347076416,0.13631415367126465,7,0.152719532961151,0.08465493794870743,0.11935813871752855,0.9253382682800293,0.512930154800415,11,0.12005282427052519,-0.01306069455211272,0.09382743238454982,0.7274084091186523,-0.07913565635681152,17,0.44426508186502933,0.21811913543044117,0.3472159208481167,2.691833019256592,1.321599006652832,3,1,0.34444232238349887,0.5,0.42857142857142855,0.2727272727272727,0.17647058823529413,0.9166666666666666,0.6666666666666666,1.0,1.0,1.0,0.47500000000000003,0.5714285714285715,0.6,0.42857142857142855,0.3
bert,382,EV00383,NEG,NEG,1,28,-5.780706405639648,-1.0,5.780706405639648,6.059069526590407,1.2400699384827958,0.07952301626349563,1.2997838236496149,7.513669975101948,0.4818354845046997,3,1.8314494778429062,0.13600823107088575,1.9196404422513702,11.096879720687866,0.8240833282470703,6,1.5820052786455974,0.09235495516203411,1.6581845961266135,9.585479974746704,0.5595850944519043,9,0.8369490052263733,-0.0030035123483824785,0.8772511488697534,5.071132212877274,-0.018198490142822266,14,0.7098759922163058,0.09273239116944515,0.7440591073507224,4.301187992095947,0.5618720054626465,3,1,0.23412698412698413,0.3333333333333333,0.16666666666666666,0.2222222222222222,0.21428571428571427,0.5833333333333333,0.3333333333333333,0.3333333333333333,0.6666666666666666,1.0,0.3104575163398693,0.3333333333333333,0.2222222222222222,0.3333333333333333,0.35294117647058826
bert,383,EV00384,NEG,NEG,1,5,-5.05955958366394,-1.0,5.05955958366394,6.059069526590407,0.7770376546074963,-0.1171350436466159,0.9305403297762507,4.708125174045563,-0.7097293734550476,1,0.2863062043349893,-0.11683017710924945,0.34286558472310275,1.7347491979599,-0.7078821659088135,1,0.2863062043349893,-0.11683017710924945,0.34286558472310275,1.7347491979599,-0.7078821659088135,2,1.3046818702813991,-0.16968691841440953,1.5624199041396576,7.905158162117004,-1.0281448364257812,3,1.2308563394786074,-0.06519290195355515,1.4740102455191397,7.457844138145447,-0.3950083255767822,1,1,0.7083333333333334,1.0,1.0,0.5,0.3333333333333333,1.0,1.0,1.0,1.0,1.0,0.7916666666666666,1.0,1.0,0.6666666666666666,0.5
bert,384,EV00385,NEG,NEG,1,6,-5.774500846862793,-1.0,5.774500846862793,6.059069526590407,0.9202959638157608,0.05992954463200528,0.9656481853633249,5.576137229800224,0.3631172776222229,1,0.20661504961656588,0.01827349819241558,0.21679704744519848,1.2518949508666992,0.11072039604187012,2,1.1271092957124658,0.032170281181295377,1.1826532864472812,6.8292335867881775,0.19492197036743164,2,1.1271092957124658,0.032170281181295377,1.1826532864472812,6.8292335867881775,0.19492197036743164,3,1.2203502142215459,0.1571041179730148,1.2804891211135385,7.394186794757843,0.9519047737121582,1,1,0.5833333333333334,1.0,0.5,0.5,0.3333333333333333,1.0,1.0,1.0,1.0,1.0,0.7083333333333333,1.0,0.6666666666666666,0.6666666666666666,0.5
bert,385,EV00386,POS,POS,1,23,7.576343536376953,1.0,7.576343536376953,6.059069526590407,0.839951311280698,0.4092796669535729,0.6717386425029543,5.08932339400053,2.4798539578914642,3,0.12707796607068395,0.481142138011137,0.10162872451523651,0.7699742317199707,2.915273666381836,5,0.525463796741286,0.8851614332516944,0.4202319024530715,3.183821678161621,5.36325466632843,7,1.0878241815092236,0.19561919602451303,0.8699713056638043,6.591202348470688,1.1852703094482422,12,1.6194393008015986,0.0751959005269471,1.2951226373797053,9.812295317649841,0.45561718940734863,3,1,0.4863095238095238,0.6666666666666666,0.6,0.42857142857142855,0.25,0.9166666666666666,0.6666666666666666,1.0,1.0,1.0,0.6041666666666666,0.6666666666666666,0.7499999999999999,0.6,0.4
bert,386,EV00387,NEG,NEG,1,32,-4.874443292617798,-1.0,4.874443292617798,6.059069526590407,1.4174401101891356,0.07952869728138241,1.7619173923929687,8.58836817741394,0.4818699061870575,4,0.4030120187981355,0.3648405562527587,0.500955123366086,2.441877841949463,2.2105942964553833,7,1.895472847580837,-0.0749904985295862,2.3561253508733264,11.484801769256592,-0.4543726444244385,10,1.7493346385791868,-0.22185001481353936,2.174471501597953,10.599340200424194,-1.3442046642303467,16,1.6219409357983834,0.2501147462158965,2.0161175937345104,9.827452898025513,1.5154626369476318,4,1,0.13883928571428572,0.25,0.14285714285714285,0.1,0.0625,0.25,0.25,0.25,0.25,0.25,0.16866883116883116,0.25,0.18181818181818182,0.14285714285714288,0.1
bert,387,EV00388,POS,POS,1,20,7.581363201141357,1.0,7.581363201141357,6.059069526590407,0.38039536029744264,0.21264529024789844,0.3040141423739575,2.304841935634613,1.2884325981140137,2,-0.08087585598960023,0.5221357334974566,-0.06463644556077752,-0.490032434463501,3.163656711578369,4,0.31455411402204536,0.2661518022776601,0.25139344267983976,1.9059052467346191,1.6126322746276855,6,0.34764291988234364,0.08552750294707481,0.2778382051184015,2.1063926219940186,0.5182170867919922,10,0.9402602632749818,-0.02323387773059773,0.7514613672583662,5.697102308273315,-0.1407756805419922,4,1,0.475,0.5,0.5,0.5,0.4,0.625,0.25,0.5,0.75,1.0,0.5011904761904762,0.3333333333333333,0.5,0.6,0.5714285714285715
bert,388,EV00389,POS,POS,1,28,6.9190967082977295,1.0,6.9190967082977295,6.059069526590407,0.9486443894000288,-0.014087655352615107,0.8307300393361268,5.747902311384678,-0.08535808324813843,3,0.5465628709157878,-0.13120477551076398,0.47862634336845744,3.311662435531616,-0.7949788570404053,6,0.7342749950698644,-0.14054552971335443,0.6430062754323652,4.449023246765137,-0.8515751361846924,9,0.9826201607782771,0.07708693677008302,0.8604826992463154,5.953763872385025,0.4670751094818115,14,1.5311195308361858,0.13831274704357496,1.3408048392973693,9.277159690856934,0.8380465507507324,4,1,0.1884920634920635,0.3333333333333333,0.16666666666666666,0.1111111111111111,0.14285714285714285,0.3125,0.25,0.25,0.25,0.5,0.21544566544566546,0.28571428571428575,0.2,0.15384615384615383,0.22222222222222224
bert,389,EV00390,NEG,POS,0,8,0.8136885166168213,1.0,0.8136885166168213,6.059069526590407,0.2793424839295155,0.8434565275989633,2.080099961096645,1.6925555318593979,5.110561743378639,1,-0.2907990975839672,1.0833430585423263,-2.165410656704755,-1.7619719505310059,6.564050912857056,2,0.37629169793110734,0.42910717192884745,2.802024007293449,2.279977560043335,2.59999018907547,3,0.2665928755226635,0.9398997080064343,1.9851610904385673,1.6153047680854797,5.694917678833008,4,0.7652844598482584,0.9214761719182454,5.698625403359319,4.636911749839783,5.583288192749023,3,1,0.6666666666666666,1.0,0.5,0.6666666666666666,0.5,0.5,0.3333333333333333,0.3333333333333333,0.6666666666666666,0.6666666666666666,0.5345238095238095,0.5,0.4,0.6666666666666666,0.5714285714285715
bert,390,EV00391,NEG,POS,0,24,1.542190432548523,1.0,1.542190432548523,6.059069526590407,-0.08396728024529426,0.5407522120778684,-0.32989652142224024,-0.5087635889649391,3.2764552496373653,3,-0.4251840823145982,1.0085181998035235,-1.6704929504675041,-2.576219916343689,6.110681891441345,5,0.3637725888322372,0.9415842601535643,1.4292151811269775,2.20412340760231,5.705124497413635,8,-0.26278865936320867,0.259040660687682,-1.0324624584704833,-1.5922547578811646,1.5695453733205795,12,-0.011668968135607378,-0.04613427233329632,-0.04584585787795094,-0.07070308923721313,-0.27953076362609863,2,1,0.12291666666666667,0.0,0.2,0.125,0.16666666666666666,0.5,0.0,0.5,0.5,1.0,0.19285714285714287,0.0,0.28571428571428575,0.2,0.2857142857142857
bert,391,EV00392,POS,POS,1,8,7.9153852462768555,1.0,7.9153852462768555,6.059069526590407,0.09587033951859075,0.07346041104541415,0.07338682341044304,0.5808850526809692,0.4451017379760742,1,-0.014318329271969295,0.13249416490722404,-0.01096039408112064,-0.08675575256347656,0.8027913570404053,2,0.02081536758427738,0.12595030123536433,0.01593374669164079,0.12612175941467285,0.7631416320800781,3,0.12419254019626315,0.024450235305773928,0.09506690037861135,0.7524912357330322,0.1481456756591797,4,0.2527917795657918,0.0109469427332943,0.19350704065264068,1.5316829681396484,0.06632828712463379,3,1,0.7916666666666666,1.0,1.0,0.6666666666666666,0.5,0.5833333333333333,0.3333333333333333,0.6666666666666666,0.6666666666666666,0.6666666666666666,0.6345238095238096,0.5,0.8,0.6666666666666666,0.5714285714285715
bert,392,EV00393,POS,POS,1,12,7.678267955780029,1.0,7.678267955780029,6.059069526590407,0.6615115431649955,-0.017975950576794183,0.5220114658345716,4.008144432678819,-0.10891753435134888,2,0.05221550932259435,-0.004774337269308152,0.041204261425847405,0.3163774013519287,-0.028928041458129883,3,0.36791672660652947,-0.027636760046824124,0.2903301563598394,2.2292330265045166,-0.16745305061340332,4,1.0305178751685613,-0.028984700817244538,0.8132014507436861,6.243979454040527,-0.17562031745910645,6,1.1953960615622967,-0.010508004173799913,0.9433099948089136,7.242987848818302,-0.06366872787475586,1,1,0.3125,0.5,0.3333333333333333,0.25,0.16666666666666666,1.0,1.0,1.0,1.0,1.0,0.463095238095238,0.6666666666666666,0.5,0.4,0.2857142857142857
bert,393,EV00394,POS,POS,1,16,6.9405293464660645,1.0,6.9405293464660645,6.059069526590407,0.4111181771447496,-0.18500769403393946,0.35890537100432063,2.490993618965149,-1.1209744811058044,2,0.11208405310279719,-0.2206277942311588,0.09784916089556356,0.6791250705718994,-1.336799144744873,4,0.8496005238503621,-0.22330813290055182,0.7416996089438747,5.147788643836975,-1.3530395030975342,5,0.1972840146272605,-0.1951885601128047,0.1722285620032041,1.1953575611114502,-1.1826610565185547,8,0.4855041169985786,-0.10090628889124255,0.4238441521746402,2.941703200340271,-0.6113982200622559,3,1,0.49375,0.5,0.5,0.6,0.375,0.75,0.3333333333333333,0.6666666666666666,1.0,1.0,0.5667207792207792,0.4,0.5714285714285715,0.7499999999999999,0.5454545454545454
bert,394,EV00395,NEG,NEG,1,15,-5.8008873462677,-1.0,5.8008873462677,6.059069526590407,1.6610884168912294,0.05805962898696963,1.7350187776383525,10.06465020775795,0.3517873287200928,2,1.3844879635504532,-0.1519190947561098,1.4461076182024892,8.38870882987976,-0.9204883575439453,3,2.0344394969983854,-0.08054563883215721,2.1249866613767736,12.326810359954834,-0.48803162574768066,5,1.7230442846901592,0.14814296397512558,1.7997321263818238,10.44004511833191,0.8976085186004639,8,1.5023819223259196,0.31656028556101995,1.5692487045923236,9.103036522865295,1.9180607795715332,1,1,0.2895833333333333,0.5,0.3333333333333333,0.2,0.125,1.0,1.0,1.0,1.0,1.0,0.4305555555555556,0.6666666666666666,0.5,0.33333333333333337,0.2222222222222222
bert,395,EV00396,NEG,NEG,1,24,-5.009809732437134,-1.0,5.009809732437134,6.059069526590407,1.9030379566049007,1.3616643217127886,2.301611758734106,11.530639290809631,8.250418797135353,3,2.072948357901305,0.5865061125963501,2.507108331305215,12.56013822555542,3.5536813139915466,5,2.075060063569958,1.7020484624009207,2.509662314309647,12.572933197021484,10.312829971313477,8,1.8699603848959907,1.9573445723728498,2.2616063937694366,11.330219984054565,11.859686851501465,12,1.5941830200523497,1.2007581394810336,1.9280699955521257,9.659265756607056,7.275477051734924,2,1,0.37083333333333335,0.6666666666666666,0.4,0.25,0.16666666666666666,1.0,1.0,1.0,1.0,1.0,0.5142857142857142,0.8,0.5714285714285715,0.4,0.2857142857142857
bert,396,EV00397,NEG,NEG,1,22,-2.775901198387146,-1.0,2.775901198387146,6.059069526590407,0.102953988425038,0.29242317152218084,0.22472166860544743,0.6238053739070892,1.7718123274389654,3,-0.007030650665988353,0.7980441306497589,-0.015346074233862977,-0.04259920120239258,4.835404872894287,5,0.06855609405430861,-0.13021717358916202,0.14964004876968454,0.4153861403465271,-0.7889949083328247,7,0.19579436812063397,0.38280761901847965,0.42736797068968774,1.1863316893577576,2.3194579789415,11,0.15449614219119776,0.11905811000964679,0.33722472919628044,0.9361028671264648,0.7213813662528992,3,1,0.3835497835497836,0.6666666666666666,0.4,0.2857142857142857,0.18181818181818182,0.6666666666666666,0.6666666666666666,0.6666666666666666,0.6666666666666666,0.6666666666666666,0.46309523809523806,0.6666666666666666,0.5,0.4,0.28571428571428575
bert,397,EV00398,NEG,NEG,1,13,-4.654978275299072,-1.0,4.654978275299072,6.059069526590407,1.4778771837364844,0.09602355976810677,1.9236520891804985,8.954560608020984,0.5818134248256683,2,1.7238947355271248,-0.03636209523816472,2.2438763829750776,10.445198059082031,-0.220320463180542,3,1.6724222541578189,0.09888622714056902,2.1768781591639272,10.133322715759277,0.599158525466919,4,1.7011072333248916,0.18841572436764173,2.2142154431480594,10.307126998901367,1.1416239738464355,7,0.8140845119361018,0.13315438280238107,1.0596383714349298,4.932594658341259,0.8067916631698608,1,1,0.181547619047619,0.0,0.3333333333333333,0.25,0.14285714285714285,0.75,0.0,1.0,1.0,1.0,0.2875,0.0,0.5,0.4,0.25
bert,398,EV00399,POS,POS,1,25,7.886896848678589,1.0,7.886896848678589,6.059069526590407,0.7819534172510889,0.008963200148054495,0.6007317721850701,4.737910121679306,0.05430865287780762,3,0.5042789810050504,-0.06168564317409718,0.3874097858665294,3.0554614067077637,-0.37375760078430176,5,0.9308756939145252,-0.05414699638053621,0.7151405607448299,5.640240550041199,-0.328080415725708,8,0.8983096203978937,0.04312446413825144,0.690121838880899,5.442920446395874,0.2612941265106201,13,0.7943493736868862,0.10856097600859993,0.6102549032480223,4.813018083572388,0.6577785015106201,3,1,0.5514423076923077,1.0,0.6,0.375,0.23076923076923078,1.0,1.0,1.0,1.0,1.0,0.6676136363636364,1.0,0.7499999999999999,0.5454545454545454,0.375
bert,399,EV00400,POS,POS,1,18,6.802650213241577,1.0,6.802650213241577,6.059069526590407,0.5206293765595373,0.9718057745141788,0.46372061293092054,3.1545295901596546,5.888238754123449,2,0.12071770502711655,1.6307131947218798,0.10752233870611595,0.7314369678497314,9.88060462474823,4,0.3806063203469352,1.121554182462361,0.339003145237387,2.3061201572418213,6.795574769377708,6,0.5672098049273251,0.6124902817551163,0.5052094450364697,3.436763644218445,3.7111212015151978,9,1.0139836759367726,0.5224654391173583,0.9031475227437096,6.143797591328621,3.165654420852661,4,1,0.4583333333333333,0.5,0.5,0.5,0.3333333333333333,0.5625,0.25,0.5,0.75,0.75,0.4737179487179487,0.3333333333333333,0.5,0.6,0.46153846153846156
bert,400,EV00401,POS,POS,1,11,8.25357961654663,1.0,8.25357961654663,6.059069526590407,0.7375005565195366,0.057965997942387215,0.5414095233882477,4.46856714785099,0.3512200117111206,2,0.21197596304960176,-0.007502996561835114,0.15561453358904617,1.284377098083496,-0.045461177825927734,3,0.7559435875985431,0.0725779300885535,0.5549488117020661,4.580314755439758,0.4397547245025635,4,0.8243032610742451,0.02170512811384144,0.605132608728768,4.994510769844055,0.13151288032531738,6,1.1577794143557565,0.14508393012898904,0.8499421395331105,7.015065968036652,0.8790736198425293,3,1,0.625,1.0,0.6666666666666666,0.5,0.3333333333333333,0.6666666666666666,0.6666666666666666,0.6666666666666666,0.6666666666666666,0.6666666666666666,0.6206349206349207,0.8,0.6666666666666666,0.5714285714285715,0.4444444444444444
bert,401,EV00402,NEG,NEG,1,17,-6.533750295639038,-1.0,6.533750295639038,6.059069526590407,1.199019393866305,0.3153390130446114,1.1119097655301364,7.264941871166229,1.9106610044836998,2,0.05461222009984613,0.07353930587390238,0.05064460271196502,0.3308992385864258,0.44557976722717285,4,0.6767461059565353,0.9147146441039237,0.6275800106711773,4.100451707839966,5.542319625616074,6,2.17502484794188,0.185732513218209,2.0170077156958315,13.178626775741577,1.1253662109375,9,1.8896944014669588,0.08736958898241055,1.7524067330415725,11.449789762496948,0.5293784141540527,3,1,0.41666666666666663,0.5,0.5,0.3333333333333333,0.3333333333333333,0.6666666666666666,0.3333333333333333,0.6666666666666666,0.6666666666666666,1.0,0.478968253968254,0.4,0.5714285714285715,0.4444444444444444,0.5
bert,402,EV00403,POS,POS,1,15,6.195225715637207,1.0,6.195225715637207,6.059069526590407,1.3658240687600363,0.09432606670490748,1.3358063188905382,8.275622993707657,0.5715281963348389,2,1.4231433799589606,-0.17800880788181503,1.391865880180513,8.62292468547821,-1.0785677433013916,3,0.7357716555431633,0.011646765438861999,0.7196010446846124,4.458091616630554,0.07056856155395508,5,1.7401640689816895,0.07772462733890112,1.701919165447369,10.543775081634521,0.47093892097473145,8,1.5642171705563321,0.4659416819236818,1.5298391852496582,9.477700591087341,2.8231730461120605,3,1,0.37083333333333335,0.5,0.3333333333333333,0.4,0.25,0.5,0.3333333333333333,0.3333333333333333,0.6666666666666666,0.6666666666666666,0.3992424242424243,0.4,0.3333333333333333,0.5,0.36363636363636365
bert,403,EV00404,POS,POS,1,26,8.129029750823975,1.0,8.129029750823975,6.059069526590407,0.2934882307641668,0.18310616143394606,0.218754935237002,1.7782655954360962,1.1094529628753662,3,0.029798438998360086,0.09430839898521111,0.022210620086118606,0.18055081367492676,0.5714211463928223,6,0.19270650126423572,0.18461169511613476,0.1436360773106479,1.1676220893859863,1.118575096130371,8,0.3796846870936427,0.3290900828433256,0.28300248674159806,2.3005359172821045,1.9939796924591064,13,0.5717632957004287,0.12441446879111284,0.4261705568096435,3.464353561401367,0.753835916519165,3,1,0.31810897435897434,0.3333333333333333,0.3333333333333333,0.375,0.23076923076923078,0.75,0.3333333333333333,0.6666666666666666,1.0,1.0,0.4245580808080808,0.3333333333333333,0.4444444444444444,0.5454545454545454,0.375
bert,404,EV00405,NEG,POS,0,16,0.8277094960212708,1.0,0.8277094960212708,6.059069526590407,-0.25977377022316206,0.8908669772731603,-1.901615773308027,-1.5739873349666595,5.397824954241514,2,-0.9519660817880851,1.2688503083344065,-6.9686547461174495,-5.768028676509857,7.688052237033844,4,-0.18043838494609662,1.2173785352478501,-1.3208588327796045,-1.0932887196540833,7.376181185245514,5,0.2921946802065533,1.0674251218668673,2.138945792256643,1.7704278826713562,6.467603027820587,8,-0.19888529436501975,0.009813943643517375,-1.4558953065916973,-1.205059826374054,0.059463366866111755,4,1,0.525,0.5,0.5,0.6,0.5,0.625,0.25,0.5,0.75,1.0,0.5416666666666666,0.3333333333333333,0.5,0.6666666666666665,0.6666666666666666
bert,405,EV00406,POS,POS,1,15,6.265577077865601,1.0,6.265577077865601,6.059069526590407,0.675930717574986,0.4930227431227189,0.6536525699700705,4.095511212944984,2.987259078770876,2,1.0272959854763373,0.9800605326720602,0.9934371135486237,6.224457800388336,5.9382549077272415,3,1.4329940780666848,0.6836931202345178,1.3857637144242783,8.682610750198364,4.142544150352478,5,-0.024672714787206583,0.18753096116636594,-0.023859521411685236,-0.14949369430541992,1.136263132095337,8,0.2681055215441286,0.12080635841793151,0.25926897331906534,1.6244699954986572,0.7319741249084473,2,1,0.5791666666666666,1.0,0.6666666666666666,0.4,0.25,1.0,1.0,1.0,1.0,1.0,0.6928571428571428,1.0,0.8,0.5714285714285715,0.4
bert,406,EV00407,NEG,NEG,1,20,-7.141779899597168,-1.0,7.141779899597168,6.059069526590407,1.837833185996661,0.13521952871751367,1.5592132002897243,11.135559052228928,0.8193045258522034,2,1.896902476961702,0.07538603509615165,1.609327442924047,11.49346399307251,0.4567692279815674,4,1.7804957742385823,0.19375948161852255,1.5105682797578532,10.788147687911987,1.1740021705627441,6,1.7460999309366485,0.1660810902856433,1.4813869300466234,10.57974088191986,1.0062968730926514,10,1.927834561849711,0.1056515078697371,1.6355701484303744,11.680883646011353,0.6401498317718506,6,1,0.7291666666666666,1.0,0.75,0.6666666666666666,0.5,0.5833333333333334,0.3333333333333333,0.5,0.6666666666666666,0.8333333333333334,0.5979166666666667,0.5,0.6,0.6666666666666666,0.625
bert,407,EV00408,POS,POS,1,9,5.32828164100647,1.0,5.32828164100647,6.059069526590407,0.10211412248027349,0.8912278208964035,0.11611932201064222,0.6187165677547455,5.400011330842972,1,-0.288800756504279,1.6329535127331334,-0.3284104806160954,-1.749863862991333,9.894178867340088,2,0.04582310011200707,1.6947809698533012,0.05210784941583326,0.2776453495025635,10.268795728683472,3,0.31179110301616664,0.22213444936103421,0.3545540089049063,1.8891639709472656,1.3459280729293823,5,0.3396430432971992,0.015042351638145603,0.38622591033792475,2.057920813560486,0.09114265441894531,3,1,0.7666666666666666,1.0,1.0,0.6666666666666666,0.4,0.5833333333333333,0.3333333333333333,0.6666666666666666,0.6666666666666666,0.6666666666666666,0.6166666666666667,0.5,0.8,0.6666666666666666,0.5
bert,408,EV00409,NEG,NEG,1,20,-6.049478769302368,-1.0,6.049478769302368,6.059069526590407,1.7805373612569657,1.381144406621478,1.7833599049777307,10.788399666547775,8.368449985980988,2,1.343363571849722,0.12928080411977536,1.3454930988660787,8.139533281326294,0.7833213806152344,4,2.1624401587464863,1.6985385672356728,2.1658681024810065,13.102375268936157,10.291563272476196,6,2.0079773451935576,2.0064049181405808,2.0111604313620575,12.166474342346191,12.156946897506714,10,1.6083683692380966,1.690353336989883,1.6109179872017798,9.745215773582458,10.241968393325806,5,1,0.37083333333333335,0.5,0.25,0.3333333333333333,0.4,0.4,0.2,0.2,0.4,0.8,0.3512265512265512,0.28571428571428575,0.22222222222222224,0.3636363636363636,0.5333333333333333
bert,409,EV00410,NEG,POS,0,10,5.6386027336120605,1.0,5.6386027336120605,6.059069526590407,0.8561283229685579,0.0071793703688667965,0.9199690699361762,5.187341032549739,0.043500304222106934,1,0.6133548195489892,-0.11022544046997264,0.659092156798179,3.716359496116638,-0.6678636074066162,2,1.258979089701467,-0.00018970172974652074,1.3528600691607877,7.628241837024689,-0.0011494159698486328,3,0.9971063567508553,-0.026181357043684825,1.0714597135004755,6.041536740958691,-0.15863466262817383,5,0.55507302587292,0.16531398071887118,0.5964643402852629,3.363226056098938,1.0016489028930664,2,1,0.6416666666666666,1.0,0.5,0.6666666666666666,0.4,0.75,0.5,0.5,1.0,1.0,0.6345238095238095,0.6666666666666666,0.5,0.8,0.5714285714285715
bert,410,EV00411,NEG,NEG,1,21,-4.504559755325317,-1.0,4.504559755325317,6.059069526590407,1.368406216814647,0.2827834985973725,1.8406386013323293,8.291268408298492,1.7134048789739609,3,0.954277021491822,0.4872465417487006,1.28359481310381,5.782030820846558,2.952260673046112,5,1.3716807161755438,0.1696469004390616,1.8450431194130308,8.311108827590942,1.027902364730835,7,1.6321116793362869,0.14942615589752736,2.1953479323301086,9.889078140258789,0.9053834676742554,11,1.515555450254935,0.3248143963042005,2.038568540482367,9.18285584449768,1.9680730104446411,2,1,0.2502164502164502,0.3333333333333333,0.2,0.2857142857142857,0.18181818181818182,0.75,0.5,0.5,1.0,1.0,0.35946275946275946,0.4,0.28571428571428575,0.4444444444444445,0.3076923076923077
bert,411,EV00412,POS,POS,1,5,8.221590042114258,1.0,8.221590042114258,6.059069526590407,0.5177209161250378,0.01780653327801309,0.3815450087584264,3.1369070261716843,0.1078910231590271,1,0.3766422978921199,0.018899777539158086,0.27757423811197823,2.28210186958313,0.11451506614685059,1,0.3766422978921199,0.018899777539158086,0.27757423811197823,2.28210186958313,0.11451506614685059,2,0.28131593919968156,0.006660376184155796,0.20732153008070556,1.7045128345489502,0.040355682373046875,3,1.0362831295162296,0.026766201849580395,0.7637100287290436,6.278911530971527,0.16217827796936035,1,1,0.7083333333333334,1.0,1.0,0.5,0.3333333333333333,1.0,1.0,1.0,1.0,1.0,0.7916666666666666,1.0,1.0,0.6666666666666666,0.5
bert,412,EV00413,POS,POS,1,5,8.049159049987793,1.0,8.049159049987793,6.059069526590407,0.47695003129577046,0.006688254980157747,0.35902794606934496,2.8898734003305435,0.04052460193634033,1,0.026914980576021298,0.042853821429851405,0.02026046663306076,0.16307973861694336,0.25965428352355957,1,0.026914980576021298,0.042853821429851405,0.02026046663306076,0.16307973861694336,0.25965428352355957,2,0.2233365429086159,-0.018566451807425503,0.16811836674979494,1.3532116413116455,-0.11249542236328125,3,1.6306336211224233,-0.04038817113164631,1.2274724842614635,9.880122482776642,-0.24471473693847656,3,1,1.0,1.0,1.0,1.0,1.0,0.5833333333333333,0.3333333333333333,0.3333333333333333,0.6666666666666666,1.0,0.7,0.5,0.5,0.8,1.0
bert,413,EV00414,NEG,NEG,1,13,-6.427433967590332,-1.0,6.427433967590332,6.059069526590407,1.3600275466801548,0.3725746153057342,1.282082433344733,8.240501463413239,2.257455497980118,2,0.46205999733849823,0.15852871067654997,0.43557868161204266,2.799653649330139,0.9605364799499512,3,1.3408124751075958,0.6675176539187855,1.26396860485738,8.124076008796692,4.044535875320435,4,1.814718265337571,0.3587774198226151,1.710714180119684,10.995504140853882,2.17385733127594,7,1.8225194489369543,0.30547467680498624,1.7180682667898257,11.042772054672241,1.8508923053741455,4,1,0.6220238095238095,0.5,0.6666666666666666,0.75,0.5714285714285714,0.625,0.25,0.5,0.75,1.0,0.595508658008658,0.3333333333333333,0.5714285714285715,0.75,0.7272727272727273
bert,414,EV00415,NEG,NEG,1,24,-4.458379030227661,-1.0,4.458379030227661,6.059069526590407,0.6623767741783129,-0.05737456709064715,0.9001895083717508,4.013386927545071,-0.34763649106025696,3,0.4403911392037885,-0.2306377182358794,0.5985045046045239,2.6683605313301086,-1.3974499702453613,5,0.42044466731974556,-0.18692935366873173,0.5713966629364314,2.5475034713745117,-1.1326179504394531,8,1.167366700141482,0.08034560797898019,1.586485663229223,7.073155999183655,0.48681962490081787,12,0.6213045900482352,0.10772319556304234,0.8443712027168255,3.7645277082920074,0.6527023315429688,1,1,0.18541666666666667,0.3333333333333333,0.2,0.125,0.08333333333333333,1.0,1.0,1.0,1.0,1.0,0.3023504273504274,0.5,0.33333333333333337,0.2222222222222222,0.15384615384615385
bert,415,EV00416,NEG,NEG,1,9,-6.519726991653442,-1.0,6.519726991653442,6.059069526590407,2.036738218824693,0.5897238312901604,1.89283026701748,12.340738475322723,3.573177695274353,1,1.8694771786646514,1.897020091247164,1.7373872373823571,11.327292203903198,11.494176626205444,2,2.3061611167711487,0.13393107386079253,2.143216797376248,13.973190546035767,0.811497688293457,3,2.2912219776692244,0.11229531810736244,2.129333199379239,13.882673263549805,0.6804051399230957,5,1.680092602193749,0.21564884194532255,1.5613838339320756,10.179797887802124,1.306631326675415,0,0,NA,NA,NA,NA,NA,NA,NA,NA,NA,NA,NA,NA,NA,NA,NA
bert,416,EV00417,POS,POS,1,12,3.8343307971954346,1.0,3.8343307971954346,6.059069526590407,0.19170582070491865,-0.27603516008994555,0.3029364587469404,1.1615588963031769,-1.6725162267684937,2,0.1247121836401612,-0.43442935606764915,0.19707209272847723,0.7556397914886475,-2.632237672805786,3,0.15201481129989913,-0.17304850704171615,0.24021612094480496,0.9210683107376099,-1.0485129356384277,4,0.22131858633167012,-0.2979643613214061,0.34973100217647674,1.3409847021102905,-1.8053867816925049,6,0.26877770154794417,-0.1986984159290109,0.4247266191380029,1.6285427808761597,-1.2039275169372559,1,1,0.0,0.0,0.0,0.0,0.0,0.0,0.0,0.0,0.0,0.0,0.0,0.0,0.0,0.0,0.0
bert,417,EV00418,POS,POS,1,15,7.991940975189209,1.0,7.991940975189209,6.059069526590407,0.42396180762728536,-0.038275530923254225,0.32142551547639986,2.568814069032669,-0.23191410303115845,2,0.1488001323195555,-0.022146781757208987,0.11281242407527539,0.9015903472900391,-0.13418889045715332,3,0.15974341559197727,-0.0458140891814715,0.12110904514717795,0.9678964614868164,-0.2775907516479492,5,0.7306888021128766,-0.05997384181563153,0.5539697695563114,4.4272942543029785,-0.3633856773376465,8,0.656614880484732,-0.025167410938704872,0.49781082312683483,3.9784752130508423,-0.15249109268188477,2,1,0.3208333333333333,0.5,0.3333333333333333,0.2,0.25,0.625,0.5,0.5,0.5,1.0,0.39642857142857146,0.5,0.4,0.28571428571428575,0.4
bert,418,EV00419,NEG,NEG,1,23,-5.02037239074707,-1.0,5.02037239074707,6.059069526590407,1.2679383303522065,0.5944768315416392,1.5302699423099593,7.682526499032974,3.601976454257965,3,0.5749134717642639,1.7328279517054497,0.6938608796734903,3.4834406971931458,10.499325037002563,5,1.7573379975545165,0.5115564682092466,2.1209245369132788,10.647833108901978,3.0995562076568604,7,1.5758453829220609,0.13035664626725504,1.901881791477747,9.54815673828125,0.7898399829864502,12,1.1636564691679845,0.003166259984605588,1.4044125611753209,7.050675451755524,0.019184589385986328,4,1,0.6261904761904763,1.0,0.6,0.5714285714285714,0.3333333333333333,0.875,0.75,0.75,1.0,1.0,0.6877705627705628,0.8571428571428571,0.6666666666666665,0.7272727272727273,0.5
bert,419,EV00420,NEG,NEG,1,14,-5.300487041473389,-1.0,5.300487041473389,6.059069526590407,1.743082262770536,0.40694605974253617,1.992544184244101,10.561456620693207,2.46571446955204,2,1.984127300819919,0.49880432916715406,2.2680864801899023,12.021965265274048,3.0222901105880737,3,2.033405837023544,0.7473622207133029,2.324417533989124,12.320547342300415,4.5283196568489075,5,1.6165665649931067,0.20524981494234468,1.8479221413226612,9.794889211654663,1.243622899055481,7,1.3382293482455745,0.17636787414734303,1.5297505814747172,8.108424663543701,1.0686252117156982,1,1,0.08571428571428572,0.0,0.0,0.2,0.14285714285714285,0.5,0.0,0.0,1.0,1.0,0.14583333333333334,0.0,0.0,0.33333333333333337,0.25
bert,420,EV00421,POS,POS,1,17,6.559569358825684,1.0,6.559569358825684,6.059069526590407,0.22158532856631757,-0.13934637750663534,0.20467817835801894,1.3426009118556976,-0.844309389591217,2,0.45557854124667957,-0.23079051056456756,0.4208175086531795,2.760382056236267,-1.3983757495880127,4,0.1934241097366247,-0.13817931444337367,0.17866568462616073,1.1719701290130615,-0.837238073348999,6,0.14072637790873194,-0.10382091175456024,0.12998883483687354,0.8526709079742432,-0.6290581226348877,9,0.09661228537323409,-0.08459477326403986,0.08924068531586199,0.5853805541992188,-0.5125656127929688,3,1,0.5138888888888888,1.0,0.5,0.3333333333333333,0.2222222222222222,0.6666666666666666,0.6666666666666666,0.6666666666666666,0.6666666666666666,0.6666666666666666,0.5373015873015873,0.8,0.5714285714285715,0.4444444444444444,0.3333333333333333
bert,421,EV00422,POS,POS,1,16,4.479585647583008,1.0,4.479585647583008,6.059069526590407,0.8467377646762783,0.4704949366025355,1.1452938386026048,5.130442986963317,2.8507615327835083,2,0.9366383364695546,1.7962628565256538,1.2668929632159434,5.675156801939011,10.883681535720825,4,0.6602408270406943,0.3200430692365778,0.8930388873026011,4.000445075333118,1.9391632080078125,5,0.7732500048556936,-0.04130256416127702,1.0458946124828137,4.685175540857017,-0.25025510787963867,8,1.0168218903391706,-0.1930236151908126,1.3753488914090608,6.160994529724121,-1.1695435047149658,2,1,0.5375,1.0,0.5,0.4,0.25,1.0,1.0,1.0,1.0,1.0,0.6595238095238095,1.0,0.6666666666666666,0.5714285714285715,0.4
bert,422,EV00423,NEG,NEG,1,7,-6.807821273803711,-1.0,6.807821273803711,6.059069526590407,2.3071390191539862,0.004460263056197949,2.0533902270561324,13.979115724563599,0.027025043964385986,1,2.39692550497201,-0.02816742122238139,2.1333016198980124,14.523138284683228,-0.170668363571167,2,2.3962806528776133,-0.013139077843059633,2.1327276913321405,14.519231081008911,-0.07961058616638184,3,2.2529071075415907,0.06383937361922186,2.005122967747112,13.65052080154419,0.3868072032928467,4,2.182442811224731,-0.004691822328989037,1.942408629247265,13.223572731018066,-0.028428077697753906,2,1,0.7916666666666666,1.0,1.0,0.6666666666666666,0.5,0.875,0.5,1.0,1.0,1.0,0.7833333333333333,0.6666666666666666,1.0,0.8,0.6666666666666666
bert,423,EV00424,NEG,NEG,1,29,-6.517305850982666,-1.0,6.517305850982666,6.059069526590407,0.5274471507547396,0.007172562984663074,0.49036189811181236,3.1958389580249786,0.04345905780792236,3,0.21754456072441364,-0.08351641277789519,0.20224881975014694,1.318117618560791,-0.5060317516326904,6,0.20716983175464848,-0.0004386237671612667,0.1926035466972354,1.2552564144134521,-0.002657651901245117,9,0.37290616541196275,0.08972218948398387,0.34668681938531526,2.259464383125305,0.543632984161377,15,1.3121680451279332,0.02292309899972488,1.2199084066145518,7.950517416000366,0.13889265060424805,4,1,0.35555555555555557,0.6666666666666666,0.3333333333333333,0.2222222222222222,0.2,0.5625,0.5,0.5,0.5,0.75,0.39872758820127246,0.5714285714285715,0.4,0.30769230769230765,0.31578947368421056
bert,424,EV00425,NEG,POS,0,14,2.8916550874710083,1.0,2.8916550874710083,6.059069526590407,0.7965722895844745,0.23815290746716392,1.6691081994362609,4.826486885547638,1.4429850243031979,2,0.05544596726863562,-0.31594618474266506,0.11617943506675306,0.33595097064971924,-1.9143399000167847,3,0.2145041979985353,-0.4969556324928228,0.44946418595557514,1.2996958494186401,-3.011088728904724,5,1.467423997638679,0.598768324098928,3.074786128683823,8.891224026679993,3.6279789060354233,7,1.448914995432048,1.1667451230052155,3.0360030480388924,8.7790766954422,7.069389820098877,3,1,0.08571428571428572,0.0,0.0,0.2,0.14285714285714285,0.16666666666666666,0.0,0.0,0.3333333333333333,0.3333333333333333,0.1125,0.0,0.0,0.25,0.2
bert,425,EV00426,POS,POS,1,4,8.439554691314697,1.0,8.439554691314697,6.059069526590407,0.20823207880824154,0.033321771861328,0.14949751969336722,1.2616926431655884,0.20189893245697021,1,0.11895341204710312,0.04957416555346658,0.08540105905815501,0.7207469940185547,0.3003733158111572,1,0.11895341204710312,0.04957416555346658,0.08540105905815501,0.7207469940185547,0.3003733158111572,2,0.29751074556937995,0.017069378169189426,0.21359398032857946,1.802638292312622,0.1034245491027832,2,0.29751074556937995,0.017069378169189426,0.21359398032857946,1.802638292312622,0.1034245491027832,1,1,0.75,1.0,1.0,0.5,0.5,1.0,1.0,1.0,1.0,1.0,0.8333333333333333,1.0,1.0,0.6666666666666666,0.6666666666666666
bert,426,EV00427,NEG,NEG,1,26,-3.388620138168335,-1.0,3.388620138168335,6.059069526590407,0.4859335810466406,-0.2347199550490417,0.8688800644317963,2.9443053528666496,-1.4221845269203186,3,-0.15720493021769652,-0.25159733940680906,-0.2810923863346622,-0.9525156021118164,-1.5244457721710205,6,0.794498654113608,-0.3216068788494354,1.4206139865665075,4.813922584056854,-1.9486384391784668,8,0.48779923346894605,-0.2137584746358945,0.8722159692964253,2.95560947060585,-1.2951774597167969,13,0.8186413668217047,-0.1519171273040278,1.4637826881989144,4.9602049589157104,-0.9204764366149902,1,1,0.019230769230769232,0.0,0.0,0.0,0.07692307692307693,0.25,0.0,0.0,0.0,1.0,0.03571428571428572,0.0,0.0,0.0,0.14285714285714288
bert,427,EV00428,POS,NEG,0,6,-3.751251220703125,-1.0,3.751251220703125,6.059069526590407,0.15602046238932046,0.7055529933732388,0.25200620314740774,0.9453388291876763,4.274994641542435,1,0.06439510013430381,-0.02961737438325355,0.1040117715178226,0.39017438888549805,-0.17945373058319092,2,-0.032256593304132754,1.0582870447405042,-0.052101253134095374,-0.19544494152069092,6.412234783172607,2,-0.032256593304132754,1.0582870447405042,-0.052101253134095374,-0.19544494152069092,6.412234783172607,3,0.6241999360312436,0.7352552583952006,1.0082155473399992,3.782070810906589,4.454962730407715,0,0,NA,NA,NA,NA,NA,NA,NA,NA,NA,NA,NA,NA,NA,NA,NA
bert,428,EV00429,NEG,NEG,1,9,-6.33161187171936,-1.0,6.33161187171936,6.059069526590407,1.7638940102429825,0.19319161592409467,1.68796745191662,10.687556445598602,1.17056143283844,1,1.8052503743814419,0.11697100732927908,1.727543637441347,10.938137531280518,0.708735466003418,2,1.7155505351531095,0.24300504332525336,1.6417049146040712,10.39463996887207,1.4723844528198242,3,1.7279147516681939,0.24121725896738083,1.653536915237169,10.469555616378784,1.4615521430969238,5,1.8068603797691847,0.17157315407446536,1.729084340383893,10.947892665863037,1.0395736694335938,2,1,0.5083333333333333,1.0,0.5,0.3333333333333333,0.2,0.5,0.5,0.5,0.5,0.5,0.46309523809523806,0.6666666666666666,0.5,0.4,0.28571428571428575
bert,429,EV00430,NEG,NEG,1,16,-4.735314846038818,-1.0,4.735314846038818,6.059069526590407,1.2377510670267315,0.17666946979562315,1.5837633677593024,7.4996197717264295,1.0704526007175446,2,0.7201718687807682,-0.2197348464292219,0.9214953270091643,4.363571424037218,-1.3313887119293213,4,1.6304065279658584,0.15980661015285114,2.086185342381282,9.878746509552002,0.9682793617248535,5,1.584188088032494,0.525595832450509,2.027046575280655,9.598705768585205,3.1846216917037964,8,1.0162377833278058,0.24101028300835436,1.3003262263661084,6.157455384731293,1.4602980613708496,2,1,0.4125,0.5,0.5,0.4,0.25,0.875,0.5,1.0,1.0,1.0,0.5345238095238095,0.5,0.6666666666666666,0.5714285714285715,0.4
bert,430,EV00431,NEG,NEG,1,26,-6.745764493942261,-1.0,6.745764493942261,6.059069526590407,0.7636190643824122,0.09423248484662711,0.6858852426871147,4.626821002922952,0.5709611773490906,3,0.1978195157349395,0.028061100111870064,0.17768216233291767,1.1986021995544434,0.17002415657043457,6,0.9955479785354017,0.16020053340870935,0.894204582774096,6.032094419002533,0.9706661701202393,8,0.7220715587389211,0.14902221831057175,0.6485671317067696,4.375081777572632,0.9029359817504883,13,1.1390372045203867,0.039646087555357236,1.023087093934676,6.9015056155622005,0.2402184009552002,3,1,0.28685897435897434,0.3333333333333333,0.3333333333333333,0.25,0.23076923076923078,0.6666666666666666,0.3333333333333333,0.6666666666666666,0.6666666666666666,1.0,0.37910353535353536,0.3333333333333333,0.4444444444444444,0.36363636363636365,0.375
bert,431,EV00432,NEG,NEG,1,19,-5.125261306762695,-1.0,5.125261306762695,6.059069526590407,0.7686608904422088,0.4983185062245456,0.9087085692014074,4.657369777560234,3.0193464756011963,2,0.9585623190343676,1.668466849143123,1.133209461091468,5.8079957365989685,10.10935664176941,4,1.4026356825312665,-0.04574105736018763,1.658191642156478,8.498667120933533,-0.2771482467651367,6,0.3108952630596692,0.1615199067748991,0.36753943537301353,1.88373601436615,0.9786603450775146,10,0.4025502971435315,0.2090283263403481,0.47589373818467023,2.439080238342285,1.266517162322998,4,1,0.7041666666666666,1.0,0.75,0.6666666666666666,0.4,0.8125,0.5,0.75,1.0,1.0,0.6970238095238096,0.6666666666666666,0.75,0.8,0.5714285714285715
bert,432,EV00433,NEG,NEG,1,5,-7.0160393714904785,-1.0,7.0160393714904785,6.059069526590407,1.854073091286709,0.03754288127969834,1.6011820304135513,11.233957767486572,0.22747492790222168,1,1.4289955268278303,0.044666867872456814,1.234084012033291,8.658383250236511,0.27063965797424316,1,1.4289955268278303,0.044666867872456814,1.234084012033291,8.658383250236511,0.27063965797424316,2,2.3654759014883515,0.011583413481821571,2.0428307409450164,14.332582950592041,0.07018470764160156,3,2.192825410002824,0.049254375892058166,1.8937293566426077,13.286481618881226,0.29843568801879883,2,1,0.9166666666666666,1.0,1.0,1.0,0.6666666666666666,0.75,0.5,0.5,1.0,1.0,0.7833333333333332,0.6666666666666666,0.6666666666666666,1.0,0.8
bert,433,EV00434,NEG,NEG,1,10,-6.175020217895508,-1.0,6.175020217895508,6.059069526590407,1.0294020076677886,0.5718508128876663,1.01007237306248,6.237218335270882,3.4648838341236115,1,0.6166659430303925,1.6727517630325124,0.6050864752777297,3.736421823501587,10.135319232940674,2,0.9026207309117552,0.32030078578479915,0.8856717364608611,5.4690417647361755,1.9407247304916382,3,1.2191287019219148,0.14812387968993018,1.1962364672366685,7.386785566806793,0.8974928855895996,5,1.3791926548070916,0.14622682304342333,1.353294813274661,8.356624186038971,0.8859984874725342,1,1,0.0,0.0,0.0,0.0,0.0,0.0,0.0,0.0,0.0,0.0,0.0,0.0,0.0,0.0,0.0
bert,434,EV00435,POS,POS,1,6,8.356951236724854,1.0,8.356951236724854,6.059069526590407,0.1446409878045078,0.022387312611494,0.10486954773426957,0.8763898015022278,0.1356462836265564,1,-0.00866827908096257,0.052941105650436256,-0.006284791888199785,-0.052521705627441406,0.3207738399505615,2,0.14636635474507884,0.016852250157419812,0.10612049640020302,0.8868439197540283,0.10210895538330078,2,0.14636635474507884,0.016852250157419812,0.10612049640020302,0.8868439197540283,0.10210895538330078,3,0.29449952080883607,0.002903644480700116,0.21352199002487202,1.784393072128296,0.0175933837890625,2,1,0.9166666666666666,1.0,1.0,1.0,0.6666666666666666,0.875,0.5,1.0,1.0,1.0,0.8666666666666667,0.6666666666666666,1.0,1.0,0.8
bert,435,EV00436,POS,POS,1,14,6.850768566131592,1.0,6.850768566131592,6.059069526590407,0.4303620620530496,0.48452523580833007,0.38062784485957635,2.6075936555862427,2.935772091150284,2,0.29841301909418555,0.888836850160601,0.26392731690615007,1.808105230331421,5.385524272918701,3,0.5194773319187779,0.5531734115387066,0.4594446275268424,3.147549271583557,3.351716160774231,5,0.4881815044898486,0.3983996815332593,0.43176546061667415,2.9579256772994995,2.413931369781494,7,0.4153763927093865,0.09769100000075351,0.3673739743886387,2.516794443130493,0.591916561126709,3,1,0.588095238095238,1.0,0.6666666666666666,0.4,0.2857142857142857,0.6666666666666666,0.6666666666666666,0.6666666666666666,0.6666666666666666,0.6666666666666666,0.5916666666666667,0.8,0.6666666666666666,0.5,0.4
bert,436,EV00437,NEG,NEG,1,10,-6.827471733093262,-1.0,6.827471733093262,6.059069526590407,0.5568990574992666,0.1765169283170754,0.4942224217645415,3.374290108680725,1.069528341293335,1,0.09886450646958372,0.34965401005152325,0.08773772402015279,0.5990269184112549,2.1185779571533203,2,0.10824799373139524,0.2253440523150063,0.0960651394407388,0.6558821201324463,1.365375280380249,3,0.1261494860841461,0.05102893897193964,0.11195189447226012,0.7643485069274902,0.3091878890991211,5,1.8943342437119413,0.08004071192983252,1.6811349291250144,11.477902889251709,0.4849722385406494,4,1,0.6916666666666667,1.0,0.5,0.6666666666666666,0.6,0.4375,0.25,0.25,0.5,0.75,0.4928571428571429,0.4,0.3333333333333333,0.5714285714285715,0.6666666666666665
bert,437,EV00438,NEG,NEG,1,35,-2.3510992527008057,-1.0,2.3510992527008057,6.059069526590407,1.02602673495013,0.5097897995308441,2.644194910898388,6.216767323203385,3.0888518393039703,4,1.6852684964329936,0.9420372856699658,4.343140612200609,10.211158990859985,5.7078694105148315,7,1.372646538402598,0.6286484640043083,3.537476040020392,8.31696081161499,3.809024751186371,11,0.3836171792843576,0.5786389800031783,0.9886278384804426,2.32436316087842,3.506013810634613,18,0.6625747256805706,-0.11016553155407571,1.7075351528921079,4.014586329460144,-0.6675006151199341,7,1,0.4616702741702742,0.25,0.5714285714285714,0.6363636363636364,0.3888888888888889,0.6785714285714286,0.14285714285714285,0.5714285714285714,1.0,1.0,0.5227561327561328,0.18181818181818182,0.5714285714285714,0.7777777777777778,0.56
bert,438,EV00439,POS,POS,1,24,6.840226650238037,1.0,6.840226650238037,6.059069526590407,1.018498823528113,1.4903330871499225,0.9021856435279045,6.17115518450737,9.0300317928195,3,0.6127529956316259,2.033327256987389,0.5427762339210112,3.7127130031585693,12.32007122039795,5,0.5566856873209736,1.9777348916093316,0.49311184603894986,3.372997283935547,11.983233213424683,8,1.3241789662726529,0.9553079909759415,1.1729569295863143,8.023292422294617,5.7882775366306305,12,1.5803776448871998,0.9949622090270276,1.399897564565343,9.575618028640747,6.0285452008247375,3,1,0.37083333333333335,0.6666666666666666,0.4,0.25,0.16666666666666666,0.6666666666666666,0.6666666666666666,0.6666666666666666,0.6666666666666666,0.6666666666666666,0.4492424242424242,0.6666666666666666,0.5,0.36363636363636365,0.26666666666666666
bert,439,EV00440,POS,POS,1,3,8.274846315383911,1.0,8.274846315383911,6.059069526590407,0.4310069289033368,-0.003438673399879424,0.31559506165297335,2.6115009486675262,-0.020835161209106445,1,0.23341493424579013,-0.0064935755966437645,0.1709127988996804,1.4142773151397705,-0.03934502601623535,1,0.23341493424579013,-0.0064935755966437645,0.1709127988996804,1.4142773151397705,-0.03934502601623535,1,0.23341493424579013,-0.0064935755966437645,0.1709127988996804,1.4142773151397705,-0.03934502601623535,2,1.023782912875977,0.005726033190413597,0.7496418499128522,6.2031718492507935,0.03469443321228027,1,1,0.875,1.0,1.0,1.0,0.5,1.0,1.0,1.0,1.0,1.0,0.9166666666666666,1.0,1.0,1.0,0.6666666666666666
bert,440,EV00441,NEG,NEG,1,19,-7.128680467605591,-1.0,7.128680467605591,6.059069526590407,0.7024320339728213,0.0649411271106215,0.5970367102087939,4.256084531545639,0.3934828042984009,2,0.3886033047775191,0.024609520226332716,0.33029592535583635,2.35457444190979,0.1491107940673828,4,0.29524782153370427,0.10266393188321882,0.25094782062803295,1.7889270782470703,0.6220479011535645,6,0.625187961723579,0.10097459882752963,0.5313826048315292,3.788057327270508,0.6118121147155762,10,1.500689047856483,0.031516457505404855,1.2755204900197772,9.092779278755188,0.19096040725708008,4,1,0.475,0.5,0.5,0.5,0.4,0.625,0.25,0.5,0.75,1.0,0.5011904761904762,0.3333333333333333,0.5,0.6,0.5714285714285715
bert,441,EV00442,POS,POS,1,23,6.5455100536346436,1.0,6.5455100536346436,6.059069526590407,0.47083431716805046,1.083473864593998,0.4358434108276085,2.852817863225937,6.564843475818634,3,0.6509686078017228,1.9389437800307288,0.6025906949019968,3.944264054298401,11.748195171356201,5,0.45833834530566464,1.8323637528254122,0.4242760997809837,2.777103900909424,11.102419376373291,7,0.401776891730097,0.5295413411812326,0.37191811322635443,2.434394121170044,3.2085278034210205,12,0.3722534238347173,0.03304658433861855,0.3445887354010993,2.255509376525879,0.20023155212402344,0,0,NA,NA,NA,NA,NA,NA,NA,NA,NA,NA,NA,NA,NA,NA,NA
bert,442,EV00443,POS,POS,1,7,7.381789207458496,1.0,7.381789207458496,6.059069526590407,0.5555564214715223,0.005494021403643649,0.4560079450969202,3.366154983639717,0.033288657665252686,1,0.13142572037957267,0.2033688717283894,0.10787594268900629,0.7963175773620605,1.2322261333465576,2,0.2962419357216976,-0.04326568784869746,0.2431592384481328,1.7949504852294922,-0.2621498107910156,3,0.9335993952278056,-0.055802174468081875,0.7663105407618473,5.65674364566803,-0.33810925483703613,4,0.8609586345570134,-0.08232492379703549,0.7066860584886944,5.216608226299286,-0.4988124370574951,0,0,NA,NA,NA,NA,NA,NA,NA,NA,NA,NA,NA,NA,NA,NA,NA
bert,443,EV00444,POS,POS,1,26,3.93647563457489,1.0,3.93647563457489,6.059069526590407,0.6767465264994178,-0.435335859614431,1.041655936662596,4.10045425593853,-2.6377302408218384,3,0.47741209479517366,-0.2900026533066525,0.734838116348051,2.892673075199127,-1.7571462392807007,6,0.9948571274113279,-0.4616783903326733,1.5312953850824051,6.027908504009247,-2.797341465950012,8,0.5790709070553154,-0.5686160216284144,0.8913125143070569,3.5086308866739273,-3.4452840089797974,13,0.6556459767358545,-0.42104637318998384,1.00917773091287,3.9726045578718185,-2.5511492490768433,6,1,0.46233974358974356,0.6666666666666666,0.5,0.375,0.3076923076923077,0.5,0.3333333333333333,0.5,0.5,0.6666666666666666,0.4485171261487051,0.4444444444444444,0.5,0.42857142857142855,0.42105263157894735
bert,444,EV00445,NEG,NEG,1,30,-6.5740227699279785,-1.0,6.5740227699279785,6.059069526590407,0.23324852714869448,0.09020970443538286,0.21497778110166965,1.41326904296875,0.5465868711471558,3,0.20906948543790355,-0.03685828665324533,0.192692724043895,1.2667665481567383,-0.2233269214630127,6,0.13919951704597439,0.10573831185559497,0.12829578677635436,0.8434195518493652,0.6406757831573486,9,0.2739809630456493,0.1517543009697214,0.2525195773780984,1.6600697040557861,0.919489860534668,15,0.3107441430652507,0.1402044915694604,0.2864030362083308,1.8828203678131104,0.8495087623596191,3,1,0.18611111111111112,0.3333333333333333,0.16666666666666666,0.1111111111111111,0.13333333333333333,0.41666666666666663,0.3333333333333333,0.3333333333333333,0.3333333333333333,0.6666666666666666,0.2361111111111111,0.3333333333333333,0.2222222222222222,0.16666666666666666,0.2222222222222222
bert,445,EV00446,POS,POS,1,10,1.5369542837142944,1.0,1.5369542837142944,6.059069526590407,-0.5100106411084185,0.6464532314940779,-2.0105919583482774,-3.0901899337768555,3.9169050753116608,1,-0.733556894734455,1.238632772530799,-2.891868276196411,-4.444672226905823,7.504962086677551,2,-0.14486054561959866,0.7770584210642218,-0.5710771984516172,-0.8777201175689697,4.708250999450684,3,-0.36689691749434516,0.7821991372602402,-1.4464011775395194,-2.2230539321899414,4.739398956298828,5,-0.7947282065852754,-0.21207740487894972,-3.133021181205562,-4.815313458442688,-1.28499174118042,2,1,0.7666666666666666,1.0,1.0,0.6666666666666666,0.4,0.875,0.5,1.0,1.0,1.0,0.7595238095238096,0.6666666666666666,1.0,0.8,0.5714285714285715
bert,446,EV00447,POS,POS,1,23,7.222295761108398,1.0,7.222295761108398,6.059069526590407,0.7374753737477158,1.090458950453132,0.6186971695413819,4.468414563685656,6.60716659668833,3,0.28760568676063003,1.2014756747887982,0.2412837508573936,1.7426228523254395,7.279824648052454,5,0.6313117547014108,0.9056164029635909,0.5296323235134681,3.8251618146896362,5.487192749977112,7,0.8534544378494082,2.1161025305659944,0.7159965794472679,5.171139776706696,12.821612358093262,12,1.1775296156794142,0.13864119349414417,0.9878760243473976,7.134733811020851,0.8400366306304932,2,1,0.2464285714285714,0.3333333333333333,0.2,0.2857142857142857,0.16666666666666666,0.75,0.5,0.5,1.0,1.0,0.35396825396825393,0.4,0.28571428571428575,0.4444444444444445,0.2857142857142857
bert,447,EV00448,NEG,NEG,1,14,-6.437020540237427,-1.0,6.437020540237427,6.059069526590407,1.058555514644011,0.2760312448603024,0.9964020503723807,6.413861460983753,1.672492504119873,2,0.7207613536994335,0.1640401341938589,0.6784415939647775,4.367143154144287,0.9939305782318115,3,0.8817457642852838,0.6258542983947112,0.8299737475143003,5.342558890581131,3.7920947074890137,5,0.7336945573566326,0.2277678352329064,0.6906154199603376,4.44550633430481,1.380061149597168,7,1.898020383234695,0.08646271161973308,1.786577440050108,11.500237464904785,0.523883581161499,2,1,0.3297619047619047,0.5,0.3333333333333333,0.2,0.2857142857142857,0.625,0.5,0.5,0.5,1.0,0.40753968253968254,0.5,0.4,0.28571428571428575,0.4444444444444445
bert,448,EV00449,POS,POS,1,17,7.55847954750061,1.0,7.55847954750061,6.059069526590407,0.27526049058854835,0.6411349905596286,0.22065578391293253,1.6678224503993988,3.884681483730674,2,-0.017434891416983542,0.8613676973566425,-0.01397625073190004,-0.10563921928405762,5.219086766242981,4,0.10232627775690584,1.1814872746564016,0.0820273370328792,0.620002031326294,7.1587135419249535,6,0.1715081888067177,0.3566309099266313,0.13748530988852334,1.039180040359497,2.16085147857666,9,0.8446423872075535,0.16505408029883886,0.6770867394622276,5.117746949195862,1.0000741481781006,5,1,0.5555555555555556,0.5,0.5,0.6666666666666666,0.5555555555555556,0.6000000000000001,0.2,0.4,0.8,1.0,0.5429292929292929,0.28571428571428575,0.4444444444444445,0.7272727272727272,0.7142857142857143
bert,449,EV00450,NEG,NEG,1,6,-6.1815879344940186,-1.0,6.1815879344940186,6.059069526590407,1.1408294408534236,0.1412311769266713,1.1182181431606224,6.912364900112152,0.8557295203208923,1,0.2781504071723463,0.11321285906032436,0.2726374519182788,1.6853326559066772,0.6859645843505859,2,1.1586810582958957,0.21244626279528322,1.1357159406350652,7.020529091358185,1.287226676940918,2,1.1586810582958957,0.21244626279528322,1.1357159406350652,7.020529091358185,1.287226676940918,3,1.9678052396495567,0.026819323055794417,1.9288032394540806,11.923068761825562,0.16250014305114746,0,0,NA,NA,NA,NA,NA,NA,NA,NA,NA,NA,NA,NA,NA,NA,NA
bert,450,EV00451,NEG,NEG,1,23,-4.032615780830383,-1.0,4.032615780830383,6.059069526590407,0.7499636842287285,0.06970781099133068,1.1268321172397782,4.5440821051597595,0.4223644733428955,3,0.28250426058268924,0.04815433408396986,0.42446705190669204,1.7117129564285278,0.29177045822143555,5,0.3126564081163514,0.05240591933509039,0.4697711232359918,1.8944069147109985,0.31753110885620117,7,1.0023603502301526,0.21477149603839593,1.5060620393221187,6.073371052742004,1.301315426826477,12,1.402333717985721,-0.036500505492133475,2.10702825449431,8.496837496757507,-0.22115910053253174,1,1,0.1898809523809524,0.3333333333333333,0.2,0.14285714285714285,0.08333333333333333,1.0,1.0,1.0,1.0,1.0,0.3092948717948718,0.5,0.33333333333333337,0.25,0.15384615384615385
bert,451,EV00452,NEG,NEG,1,15,-5.686200857162476,-1.0,5.686200857162476,6.059069526590407,0.2836448380519545,0.48413048130396724,0.30224459802643994,1.7186237946152687,2.9333802461624146,2,0.03531096428883495,-0.0012810867486740254,0.037626449614605824,0.21395158767700195,-0.00776219367980957,3,0.04809971761417352,1.6080845052517054,0.05125381415479269,0.2914395332336426,9.74349582195282,5,0.25457897368803967,0.25879276418466496,0.2712727652538184,1.5425117015838623,1.5680433511734009,8,0.7965896966167699,0.07092574252817248,0.8488253630825429,4.826592355966568,0.42974400520324707,2,1,0.4541666666666666,0.5,0.6666666666666666,0.4,0.25,0.875,0.5,1.0,1.0,1.0,0.5678571428571428,0.5,0.8,0.5714285714285715,0.4
bert,452,EV00453,POS,POS,1,10,7.636209011077881,1.0,7.636209011077881,6.059069526590407,0.6687816066191403,0.031880947678116334,0.5306551609675051,4.052194252610207,0.19316887855529785,1,0.2495839276441727,-0.0371739053162399,0.19803624679281082,1.5122463703155518,-0.22523927688598633,2,0.7215251972957495,0.021702885218467957,0.5725053828089668,4.371771335601807,0.1314992904663086,3,0.6611849765534077,0.12301502012518564,0.5246274967637591,4.0061657428741455,0.745356559753418,5,1.0428323249832316,0.019979790685051624,0.8274515175044836,6.3185935616493225,0.12105894088745117,3,1,0.5083333333333333,1.0,0.5,0.3333333333333333,0.2,0.3333333333333333,0.3333333333333333,0.3333333333333333,0.3333333333333333,0.3333333333333333,0.37083333333333335,0.5,0.4,0.3333333333333333,0.25
bert,453,EV00454,NEG,NEG,1,13,-5.65164041519165,-1.0,5.65164041519165,6.059069526590407,0.5256473710874545,0.15222386783950234,0.5635414092846073,3.1849339678883553,0.9223349988460541,2,0.36933907641469116,-0.17193449632384564,0.3959648141985692,2.237851142883301,-1.0417630672454834,3,0.11584153243804403,0.20965090687717644,0.12419257478406123,0.7018918991088867,1.270289421081543,4,0.582332084306302,0.48621747577447044,0.6243125363353471,3.52839058637619,2.9460254907608032,7,1.035076791190781,0.08496158503020809,1.1096957118204516,6.271602243185043,0.5147881507873535,6,1,0.6577380952380952,0.5,0.6666666666666666,0.75,0.7142857142857143,0.45833333333333337,0.16666666666666666,0.3333333333333333,0.5,0.8333333333333334,0.5159188034188034,0.25,0.4444444444444444,0.6,0.7692307692307692
bert,454,EV00455,POS,POS,1,13,4.176290512084961,1.0,4.176290512084961,6.059069526590407,0.8565933318052107,0.31128005979718204,1.2427673064494429,5.190158553421497,1.8860675245523453,2,0.2340242738301066,-0.3949735211286214,0.33952834517017333,1.4179693460464478,-2.393172025680542,3,0.9011936542999665,-0.5551411587385197,1.3074745842153972,5.460395008325577,-3.3636388778686523,4,1.7723295889289463,1.3127400621462542,2.571340667259297,10.738668203353882,7.953983306884766,7,0.5188258101618233,0.882494856909615,0.7527256291529035,3.143601655960083,5.34709769487381,7,1,0.6577380952380952,0.5,0.6666666666666666,0.75,0.7142857142857143,0.39285714285714285,0.14285714285714285,0.2857142857142857,0.42857142857142855,0.7142857142857143,0.4704906204906205,0.22222222222222224,0.4,0.5454545454545454,0.7142857142857143
bert,455,EV00456,POS,POS,1,14,7.776446342468262,1.0,7.776446342468262,6.059069526590407,2.2069473383707074,1.5351308875750715,1.7195573731574247,13.372047364711761,9.3014647802338,2,2.2686376345689787,1.2275107609926181,1.7676237686874228,13.745833158493042,7.437573045492172,3,2.2360235355470257,1.3364958403571854,1.7422122813052685,13.548222064971924,8.097921218723059,5,2.0219525901714674,1.7095015643779563,1.5754175118518758,12.251151323318481,10.357988834381104,7,2.3011755931953584,1.867015384572527,1.792975930785132,13.942982912063599,11.312376022338867,5,1,0.5845238095238094,0.5,0.6666666666666666,0.6,0.5714285714285714,0.5,0.2,0.4,0.6,0.8,0.513095238095238,0.28571428571428575,0.5,0.6,0.6666666666666666
bert,456,EV00457,NEG,NEG,1,23,-6.690976619720459,-1.0,6.690976619720459,6.059069526590407,1.1564281104719334,0.06535527577388268,1.047212936896022,7.006878323853016,0.3959921598434448,3,0.009943856963806993,0.006868532614431484,0.009004741030458558,0.06025052070617676,0.04161691665649414,5,1.2523247486765727,0.0985906371397692,1.1340529222123188,7.5879227221012115,0.597367525100708,7,1.811540161291432,0.06323257204809116,1.6404550143950654,10.976247787475586,0.3831305503845215,12,1.5519036749559216,0.09272936129323887,1.405339069946245,9.40309226512909,0.5618536472320557,5,1,0.7827380952380952,1.0,1.0,0.7142857142857143,0.4166666666666667,0.9,0.6,1.0,1.0,1.0,0.7928921568627451,0.7499999999999999,1.0,0.8333333333333333,0.5882352941176471
bert,457,EV00458,POS,POS,1,16,6.266306161880493,1.0,6.266306161880493,6.059069526590407,1.0280117347065088,0.666862164056913,0.9940136054339719,6.228794574737549,4.040564216673374,2,0.2665271527858642,1.020269107399716,0.2577126380394523,1.6149065494537354,6.181881457567215,4,1.4813216856555165,0.7957400278420068,1.4323318108682344,8.975431084632874,4.821444153785706,5,1.4425539867566892,0.32921269445707585,1.3948462269436468,8.740534901618958,1.994722604751587,8,0.921644113627965,0.5222268265288532,0.891163745884554,5.584305763244629,3.1642086505889893,0,0,NA,NA,NA,NA,NA,NA,NA,NA,NA,NA,NA,NA,NA,NA,NA
bert,458,EV00459,POS,POS,1,24,7.970080614089966,1.0,7.970080614089966,6.059069526590407,0.38929013738071533,-0.0009755217658184753,0.2959487898136171,2.3587360084056854,-0.005910754203796387,3,0.07325162503047222,-0.056571290835977645,0.055687847438189525,0.44383668899536133,-0.3427693843841553,5,0.14526713926686496,0.004518883290981163,0.11043597034072865,0.8801836967468262,0.02738022804260254,8,0.8827243897067616,0.03446090694228567,0.6710707253731242,5.348488450050354,0.2088010311126709,12,0.4559173955187626,0.013689413539436908,0.34660061610242604,2.7624351978302,0.08294510841369629,4,1,0.6083333333333334,1.0,0.6,0.5,0.3333333333333333,0.875,0.75,0.75,1.0,1.0,0.6726190476190476,0.8571428571428571,0.6666666666666665,0.6666666666666666,0.5
bert,459,EV00460,NEG,NEG,1,4,-6.693670034408569,-1.0,6.693670034408569,6.059069526590407,1.9347202703208184,-0.02520636648992849,1.7512967954531988,11.722604632377625,-0.1527271270751953,1,2.0500218748839987,-0.04052640431492769,1.8556670931544916,12.42122507095337,-0.24555230140686035,1,2.0500218748839987,-0.04052640431492769,1.8556670931544916,12.42122507095337,-0.24555230140686035,2,1.8194186657576377,-0.009886328664929288,1.6469264977519056,11.02398419380188,-0.05990195274353027,2,1.8194186657576377,-0.009886328664929288,1.6469264977519056,11.02398419380188,-0.05990195274353027,1,1,0.75,1.0,1.0,0.5,0.5,1.0,1.0,1.0,1.0,1.0,0.8333333333333333,1.0,1.0,0.6666666666666666,0.6666666666666666
bert,460,EV00461,NEG,NEG,1,4,-7.10687255859375,-1.0,7.10687255859375,6.059069526590407,2.0823672396260715,0.09860614066217538,1.7753528018704618,12.617207884788513,0.597461462020874,1,2.136714345557868,0.06692347280488309,1.8216872259593133,12.946500778198242,0.40549397468566895,1,2.136714345557868,0.06692347280488309,1.8216872259593133,12.946500778198242,0.40549397468566895,2,2.028020133694275,0.13028880851946767,1.7290183777816102,12.287914991378784,0.7894289493560791,2,2.028020133694275,0.13028880851946767,1.7290183777816102,12.287914991378784,0.7894289493560791,1,1,0.75,1.0,1.0,0.5,0.5,1.0,1.0,1.0,1.0,1.0,0.8333333333333333,1.0,1.0,0.6666666666666666,0.6666666666666666
bert,461,EV00462,POS,NEG,0,9,-2.386496901512146,-1.0,2.386496901512146,6.059069526590407,1.2406216009796707,-0.03532165247227042,3.1498089865332606,7.517012536525726,-0.21401634812355042,1,1.3609134608408986,-0.7779766506254124,3.4552174857069775,8.245869278907776,-4.713814616203308,2,1.2678496326937196,0.622516860241711,3.2189381222107305,7.681989073753357,3.7718729376792908,3,1.3735226644892338,-0.33297593842692297,3.4872309400376063,8.322269320487976,-2.0175243616104126,5,0.960200645894831,0.34714911892154265,2.437849398177728,5.817922472953796,2.1034006476402283,5,1,1.0,1.0,1.0,1.0,1.0,0.55,0.2,0.4,0.6,1.0,0.6636904761904762,0.33333333333333337,0.5714285714285715,0.7499999999999999,1.0
bert,462,EV00463,POS,POS,1,27,6.187466621398926,1.0,6.187466621398926,6.059069526590407,1.4728267194284572,0.5756527418840757,1.4422636270085991,8.923959493637085,3.4879199862480164,3,0.7213642597154418,0.8648964013637943,0.7063950021325667,4.370796203613281,5.240467429161072,6,1.6273018295568986,0.9404658816920717,1.593533175338667,9.85993492603302,5.698348164558411,9,1.8842115453538806,0.27852223594132364,1.8451116764829778,11.416568756103516,1.6875855922698975,14,1.6584292430876084,0.2187264485391132,1.6240146540801852,10.048538088798523,1.3252787590026855,5,1,0.4742063492063492,0.6666666666666666,0.5,0.4444444444444444,0.2857142857142857,0.65,0.4,0.6,0.8,0.8,0.509483937115516,0.5,0.5454545454545454,0.5714285714285714,0.4210526315789473
bert,463,EV00464,NEG,NEG,1,13,-5.666874885559082,-1.0,5.666874885559082,6.059069526590407,1.4449872374229054,0.11902568639933542,1.5449920403043036,8.755278136581182,0.7211849093437195,2,1.5489386459702632,0.03333591784179759,1.6561377270098288,9.385126948356628,0.20198464393615723,3,1.570372875606934,0.054214007798449156,1.679055378682498,9.514998435974121,0.32848644256591797,4,1.619313777358767,0.08935104932323523,1.731383386635531,9.811534762382507,0.541384220123291,7,1.0413236507556571,0.29920177063385966,1.113391668889356,6.309452399611473,1.8128843307495117,4,1,0.37797619047619047,0.5,0.3333333333333333,0.25,0.42857142857142855,0.375,0.25,0.25,0.25,0.75,0.3536255411255411,0.3333333333333333,0.28571428571428575,0.25,0.5454545454545454
bert,464,EV00465,NEG,POS,0,18,5.807109832763672,1.0,5.807109832763672,6.059069526590407,0.2590114194311133,-0.05883997950625363,0.27024939659488195,1.5693681985139847,-0.3565155267715454,2,-0.3012264755714468,-0.35292301038385093,-0.3142960779118747,-1.8251521587371826,-2.138385057449341,4,-0.13639920314862095,0.020424474204625453,-0.14231728634938162,-0.8264522552490234,0.12375330924987793,6,0.7456409165612812,-0.07533795056726755,0.7779927549902268,4.517890155315399,-0.4564778804779053,9,0.7280304398832395,0.1724765687214785,0.7596181956505573,4.411187052726746,1.0450475215911865,3,1,0.2569444444444444,0.5,0.25,0.16666666666666666,0.1111111111111111,0.3333333333333333,0.3333333333333333,0.3333333333333333,0.3333333333333333,0.3333333333333333,0.26865079365079364,0.4,0.28571428571428575,0.2222222222222222,0.16666666666666666
bert,465,EV00466,NEG,NEG,1,8,-6.591256380081177,-1.0,6.591256380081177,6.059069526590407,1.68035822789934,0.31045506533084233,1.5446836233688321,10.18140733242035,1.8810688257217407,1,1.8987280757485905,0.25065638577407134,1.7454219672587326,11.504525423049927,1.5187444686889648,2,1.4753836791777881,0.4262841437972073,1.356259022375618,8.939452290534973,2.582885265350342,3,1.7108081296310922,0.42008647299369645,1.5726749550725656,10.365905404090881,2.54533314704895,4,1.636513027039889,0.14479325875839424,1.5043785487684134,9.915746212005615,0.877312421798706,0,0,NA,NA,NA,NA,NA,NA,NA,NA,NA,NA,NA,NA,NA,NA,NA
bert,466,EV00467,NEG,NEG,1,32,-6.019263744354248,-1.0,6.019263744354248,6.059069526590407,1.9259484835858216,0.08483398100679972,1.9386845839640445,11.669455766677856,0.5140149891376495,4,1.9712049181491709,-0.18750656476054914,1.9842402947013265,11.943667650222778,-1.136115312576294,7,2.0221995447568,-0.07703857679790743,2.0355721435601013,12.252647638320923,-0.4667820930480957,10,1.9765622114703758,0.05961907085620514,1.9896330152554382,11.976127862930298,0.3612360954284668,16,1.7338272599669395,0.5442619947294504,1.745292882339312,10.505379915237427,3.297721266746521,2,1,0.17946428571428572,0.25,0.14285714285714285,0.2,0.125,0.75,0.5,0.5,1.0,1.0,0.2777777777777778,0.3333333333333333,0.22222222222222224,0.33333333333333337,0.2222222222222222
bert,467,EV00468,POS,POS,1,5,8.451258659362793,1.0,8.451258659362793,6.059069526590407,0.2078480419990954,0.17594221588940215,0.14901515137367766,1.259365737438202,1.066046118736267,1,-0.0011740180063715398,0.28836956970598765,-0.0008417037237985608,-0.007113456726074219,1.747251272201538,1,-0.0011740180063715398,0.28836956970598765,-0.0008417037237985608,-0.007113456726074219,1.747251272201538,2,0.050524012069614946,0.11147914028566522,0.03622282526285216,0.30612850189208984,0.6754598617553711,3,0.7832161919395096,0.01555058385996806,0.5615211876794556,4.745561361312866,0.0942220687866211,2,1,0.29166666666666663,0.0,0.0,0.5,0.6666666666666666,0.375,0.0,0.0,0.5,1.0,0.325,0.0,0.0,0.5,0.8
bert,468,EV00469,NEG,NEG,1,15,-2.563109278678894,-1.0,2.563109278678894,6.059069526590407,0.5718434302158626,-0.13356331279899472,1.351810388660977,3.4648391020018607,-0.8092693984508514,2,0.4913323445687615,-0.2294922676337385,1.1614860512124536,2.9770168364048004,-1.3905096054077148,3,0.7266669857531525,-0.28524259973945965,1.71780583378786,4.402925789356232,-1.7283047437667847,5,0.43212667551256234,0.003751301535709357,1.0215266947368853,2.6182855712249875,0.02272939682006836,8,0.6372477150289739,-0.023269685358490146,1.5064229749067088,3.8611282110214233,-0.1409926414489746,2,1,0.24583333333333335,0.0,0.3333333333333333,0.4,0.25,0.625,0.0,0.5,1.0,1.0,0.34285714285714286,0.0,0.4,0.5714285714285715,0.4
bert,469,EV00470,POS,POS,1,5,7.827141523361206,1.0,7.827141523361206,6.059069526590407,0.488367532002832,0.0534647626965816,0.37805020441403947,2.9590528309345245,0.3239467144012451,1,0.2858308875864987,0.03723855579165445,0.22126455670950615,1.7318692207336426,0.2256309986114502,1,0.2858308875864987,0.03723855579165445,0.22126455670950615,1.7318692207336426,0.2256309986114502,2,0.5166988370650138,0.10508071067170702,0.3999817518003883,3.130714178085327,0.6366913318634033,3,0.8651095157733166,0.034301228531310485,0.6696899524367572,5.241758704185486,0.20783352851867676,1,1,0.7083333333333334,1.0,1.0,0.5,0.3333333333333333,1.0,1.0,1.0,1.0,1.0,0.7916666666666666,1.0,1.0,0.6666666666666666,0.5
bert,470,EV00471,POS,POS,1,12,6.131218671798706,1.0,6.131218671798706,6.059069526590407,0.8632887710596117,0.05628566597997317,0.8531298771489695,5.230726685374975,0.3410387635231018,2,0.9968592435396986,-0.33303273876853035,0.9851285369228004,6.040039464831352,-2.0178685188293457,3,1.0289785996831664,-0.007641701933616173,1.016869923211362,6.234652876853943,-0.04630160331726074,4,0.8302701989348393,0.28585197867281775,0.8204998565524242,5.03066486120224,1.731997013092041,6,0.5970470420807422,0.2799651259492214,0.5900211919092911,3.6175495386123657,1.6963281631469727,2,1,0.49999999999999994,0.5,0.6666666666666666,0.5,0.3333333333333333,0.875,0.5,1.0,1.0,1.0,0.6166666666666667,0.5,0.8,0.6666666666666666,0.5
bert,471,EV00472,POS,NEG,0,27,-2.884515643119812,-1.0,2.884515643119812,6.059069526590407,0.31412667030134006,-0.12029092040285873,0.6598385695059082,1.9033153355121613,-0.7288510501384735,3,-0.20291464606621787,-0.3147398218240654,-0.4262322255658523,-1.2294739484786987,-1.907030463218689,6,0.14208218848748036,-0.004588826212496294,0.29845064703965674,0.8608858585357666,-0.027804017066955566,9,-0.014834136184307454,-0.17575430454105026,-0.03115983494912914,-0.0898810625076294,-1.0649075508117676,14,1.3321732749684052,0.013919270966177065,2.7982956914989576,8.071730494499207,0.08433783054351807,2,1,0.10515873015873016,0.0,0.16666666666666666,0.1111111111111111,0.14285714285714285,0.5,0.0,0.5,0.5,1.0,0.17045454545454544,0.0,0.25,0.1818181818181818,0.25
bert,472,EV00473,NEG,NEG,1,16,-6.666172742843628,-1.0,6.666172742843628,6.059069526590407,0.8576328833767948,0.1375986111241107,0.7795262273577523,5.196457268670201,0.8337195515632629,2,0.6773235531426026,0.15753207814989162,0.6156380944757127,4.103950500488281,0.9544978141784668,4,0.8014289450488935,0.16086871948479847,0.7284409146830657,4.855913698673248,0.9747147560119629,5,1.0635276398711229,0.09469173734886815,0.9666696611902119,6.443987913429737,0.5737438201904297,8,0.88825139544456,0.13730190951288457,0.8073562390820191,5.381976962089539,0.8319218158721924,4,1,0.475,0.5,0.5,0.4,0.5,0.5625,0.25,0.5,0.5,1.0,0.48611111111111105,0.3333333333333333,0.5,0.4444444444444445,0.6666666666666666
bert,473,EV00474,POS,POS,1,8,4.425212860107422,1.0,4.425212860107422,6.059069526590407,1.2204476227741257,1.469238453268838,1.6710552831385423,7.394776999950409,8.90221793949604,1,0.9696066408084606,0.5063903423695892,1.3276000292468624,5.874914050102234,3.068254292011261,2,1.2011484622995818,1.7615865922784724,1.6446305816853002,7.277842044830322,10.673575639724731,3,1.1953657468146857,1.8446142899591984,1.6367128004699478,7.242804169654846,11.17664623260498,4,1.5156696411737745,1.7643625884680922,2.0752777211520583,9.183547735214233,10.690395593643188,2,1,0.2708333333333333,0.0,0.5,0.3333333333333333,0.25,0.375,0.0,0.5,0.5,0.5,0.30833333333333335,0.0,0.5,0.4,0.3333333333333333
bert,474,EV00475,NEG,NEG,1,21,-3.9177440404891968,-1.0,3.9177440404891968,6.059069526590407,0.4466582400079084,-0.22302857763422032,0.6907885283148723,2.706333330832422,-1.3513456583023071,3,-0.07742323335445941,-0.17923285819463183,-0.11974050098204612,-0.469112753868103,-1.0859843492507935,5,0.11323576020255885,-0.22068388629001665,0.17512710420736094,0.686103343963623,-1.3371390104293823,7,1.0945021516336226,-0.13470339717558197,1.69272491323806,6.6316646337509155,-0.816177248954773,11,0.6563182815499115,-0.35749416887665086,1.015042596796114,3.9766780994832516,-2.16608202457428,1,1,0.022727272727272728,0.0,0.0,0.0,0.09090909090909091,0.25,0.0,0.0,0.0,1.0,0.04166666666666667,0.0,0.0,0.0,0.16666666666666669
bert,475,EV00476,POS,POS,1,22,8.090672254562378,1.0,8.090672254562378,6.059069526590407,0.3318084818732449,0.41964164191521647,0.24848990905036225,2.0104506611824036,2.542637884616852,3,0.06448119583741217,0.6389853096842346,0.04828968324932125,0.39069604873657227,3.8716564178466797,5,0.2650654539360625,0.5260465560479746,0.1985063497144924,1.6060500144958496,3.1873526573181152,7,0.37498574258811684,0.4069688797273723,0.2808251692206582,2.272064685821533,2.465852737426758,11,0.622701535131388,0.10656582220128452,0.46633843401697717,3.772991895675659,0.6456897258758545,4,1,0.5147186147186147,0.6666666666666666,0.6,0.42857142857142855,0.36363636363636365,0.75,0.5,0.75,0.75,1.0,0.5792207792207792,0.5714285714285715,0.6666666666666665,0.5454545454545454,0.5333333333333333
bert,476,EV00477,NEG,NEG,1,17,-6.694300889968872,-1.0,6.694300889968872,6.059069526590407,1.6211488715612663,0.05392774352051804,1.4673156196409554,9.822653725743294,0.3267519474029541,2,0.7741187426986399,0.02393570723728907,0.7006614522234549,4.690439283847809,0.14502811431884766,4,1.9300558152502898,0.06411273141149505,1.7469099193636775,11.694342374801636,0.38846349716186523,6,1.7811952034537337,0.10926595343862247,1.6121749146580093,10.792385578155518,0.6620500087738037,9,1.9992257248424015,0.01839658199466555,1.8095161923186793,12.113447666168213,0.1114661693572998,2,1,0.38888888888888884,0.5,0.5,0.3333333333333333,0.2222222222222222,0.875,0.5,1.0,1.0,1.0,0.5075757575757576,0.5,0.6666666666666666,0.5,0.3636363636363636
bert,477,EV00478,NEG,NEG,1,9,-6.3024561405181885,-1.0,6.3024561405181885,6.059069526590407,1.426510170037709,0.013790009364389611,1.3714213532812898,8.643324300646782,0.08355462551116943,1,1.3003760522136383,0.20257032227734692,1.2501582692917408,7.879068911075592,1.2273876667022705,2,1.5217651618651877,-0.0520136880880227,1.4629977980502646,9.220480918884277,-0.3151545524597168,3,1.6328955909438392,-0.08483991779345716,1.5698366041372522,9.89382791519165,-0.5140509605407715,5,1.2510038751281705,-0.010556678938308615,1.2026927416459012,7.579919457435608,-0.06396365165710449,2,1,0.7666666666666666,1.0,1.0,0.6666666666666666,0.4,0.875,0.5,1.0,1.0,1.0,0.7595238095238096,0.6666666666666666,1.0,0.8,0.5714285714285715
bert,478,EV00479,POS,POS,1,13,7.742678165435791,1.0,7.742678165435791,6.059069526590407,0.580003821186983,-0.05214774043562983,0.45388468295938245,3.5142834782600403,-0.31596678495407104,2,0.49438458578658495,-0.07330553321751905,0.3868829528062871,2.9955105781555176,-0.44416332244873047,3,0.5561382634536777,-0.01949760752879486,0.43520857995843687,3.369680404663086,-0.11813735961914062,4,0.47351109966780525,-0.07117954384675058,0.3705483093380933,2.8690366744995117,-0.43128180503845215,7,0.7959813358398642,-0.04460827714945483,0.6228988897347126,4.822906255722046,-0.27028465270996094,3,1,0.7946428571428571,1.0,1.0,0.75,0.42857142857142855,0.9166666666666666,0.6666666666666666,1.0,1.0,1.0,0.8142857142857143,0.8,1.0,0.8571428571428571,0.6
bert,479,EV00480,NEG,NEG,1,16,-5.469236612319946,-1.0,5.469236612319946,6.059069526590407,0.470550048624325,0.19378878435796887,0.5212966893105786,2.851095460355282,1.1741797178983688,2,0.18252159207134197,0.6734447115256775,0.20220569937811259,1.1059110164642334,4.0804483294487,4,0.38527941253210357,-0.09084902798942904,0.4268300105370079,2.334434747695923,-0.5504605770111084,5,0.8308059410553984,0.08186513024547189,0.9204045091439611,5.03391095995903,0.49602651596069336,8,0.48359324883845606,0.11069432365015508,0.5357465381832327,2.930125117301941,0.6707046031951904,0,0,NA,NA,NA,NA,NA,NA,NA,NA,NA,NA,NA,NA,NA,NA,NA
bert,480,EV00481,NEG,NEG,1,5,-6.961665868759155,-1.0,6.961665868759155,6.059069526590407,1.1645588097091266,0.008603058044444242,1.0135708773276375,7.056142795830965,0.052126526832580566,1,0.8865231166749076,-0.017038095681085615,0.7715832001338351,5.3715052008628845,-0.10323500633239746,1,0.8865231166749076,-0.017038095681085615,0.7715832001338351,5.3715052008628845,-0.10323500633239746,2,1.0038380174129147,0.03570638280827548,0.873687933594506,6.082324340939522,0.21634745597839355,3,1.8813509880737762,0.032782040731672714,1.6374291754483743,11.39923644065857,0.19862866401672363,1,1,0.08333333333333333,0.0,0.0,0.0,0.3333333333333333,0.25,0.0,0.0,0.0,1.0,0.125,0.0,0.0,0.0,0.5
bert,481,EV00482,NEG,NEG,1,25,-6.976856470108032,-1.0,6.976856470108032,6.059069526590407,0.8780972387573656,-0.01655849972431668,0.7625857692425455,5.320452220737934,-0.10032910108566284,3,0.28805190489282784,-0.07399402339909442,0.2501594057912474,1.7453265190124512,-0.4483349323272705,5,0.30679991317838035,-0.01548132954668163,0.2664411610333388,1.858922004699707,-0.09380245208740234,8,1.1151239071771406,0.025127274916232057,0.9684321792867039,6.7566132843494415,0.15224790573120117,13,1.8024132297811133,-0.0018859208677227228,1.565310330858892,10.920947074890137,-0.011426925659179688,6,1,0.8028846153846154,1.0,1.0,0.75,0.46153846153846156,0.8333333333333334,0.5,0.8333333333333334,1.0,1.0,0.7661198450672135,0.6666666666666666,0.9090909090909091,0.8571428571428571,0.631578947368421
bert,482,EV00483,NEG,NEG,1,25,-3.7036235332489014,-1.0,3.7036235332489014,6.059069526590407,0.9234969001433116,-0.15718266849738868,1.51082591535015,5.595531925559044,-0.9523807168006897,3,0.7374150141623264,-0.31052441801673286,1.2063989750175117,4.468048840761185,-1.8814890384674072,5,0.9764052993621998,-0.03549023852254687,1.5973831963406797,5.916107594966888,-0.21503782272338867,8,1.2067191651481215,-0.2412124977333424,1.974172936555128,7.311595320701599,-1.4615232944488525,13,0.7734481219005993,-0.041503519716932585,1.2653485534872808,4.686375945806503,-0.25147271156311035,1,1,0.05048076923076923,0.0,0.0,0.125,0.07692307692307693,0.5,0.0,0.0,1.0,1.0,0.09126984126984128,0.0,0.0,0.2222222222222222,0.14285714285714288
bert,483,EV00484,POS,POS,1,11,6.450257301330566,1.0,6.450257301330566,6.059069526590407,0.20749243487253416,-0.1614673758043097,0.19490864247636058,1.2572110891342163,-0.9783420562744141,2,0.06304070612105443,-0.2556702800088839,0.05921747681236726,0.38196802139282227,-1.549124002456665,3,0.15781090545895277,-0.050710801970280106,0.14824014846548658,0.9561872482299805,-0.30726027488708496,4,0.17479166958636888,-0.09604011095874661,0.16419108029738277,1.059074878692627,-0.5819137096405029,6,0.4343264583237605,-0.24344831027932815,0.40798586433020567,2.6316142082214355,-1.4750702381134033,2,1,0.41666666666666663,0.5,0.3333333333333333,0.5,0.3333333333333333,0.75,0.5,0.5,1.0,1.0,0.5166666666666666,0.5,0.4,0.6666666666666666,0.5
bert,484,EV00485,NEG,NEG,1,16,-7.005980014801025,-1.0,7.005980014801025,6.059069526590407,1.057119387445231,-0.03762934096144187,0.9142416819151524,6.405159866437316,-0.2279987931251526,2,0.6800457198432589,-0.050828101463409,0.588132381330404,4.120444297790527,-0.3079710006713867,4,1.451838216060964,-0.027475586372266617,1.2556112661296157,8.796788692474365,-0.16647648811340332,5,1.2317196808156827,-0.038113678477728424,1.0652434209520796,7.463075183331966,-0.23093342781066895,8,0.8648739330610179,-0.03409999753236344,0.7479796592485105,5.240331292152405,-0.20661425590515137,7,1,0.7,0.5,0.75,0.8,0.75,0.5,0.14285714285714285,0.42857142857142855,0.5714285714285714,0.8571428571428571,0.5585858585858585,0.22222222222222224,0.5454545454545454,0.6666666666666666,0.7999999999999999
bert,485,EV00486,NEG,NEG,1,5,-6.188780069351196,-1.0,6.188780069351196,6.059069526590407,0.8479115990409799,-0.0253684255179229,0.8301400992247966,5.137555330991745,-0.1537090539932251,1,0.09752419941324147,-0.0033046112150118866,0.09548017584532932,0.5909059047698975,-0.020022869110107422,1,0.09752419941324147,-0.0033046112150118866,0.09548017584532932,0.5909059047698975,-0.020022869110107422,2,1.5472384329045605,-0.05286252561428114,1.5148096425011093,9.374825239181519,-0.3202977180480957,3,1.6493595644328762,-0.04200195402738668,1.6147904027074185,9.993584275245667,-0.25449275970458984,2,1,0.9166666666666666,1.0,1.0,1.0,0.6666666666666666,0.75,0.5,0.5,1.0,1.0,0.7833333333333332,0.6666666666666666,0.6666666666666666,1.0,0.8
bert,486,EV00487,NEG,NEG,1,28,-4.2344770431518555,-1.0,4.2344770431518555,6.059069526590407,1.427915061167958,-0.27362799230487794,2.0431884509766913,8.651836633682251,-1.6579310297966003,3,1.6103625983429335,-0.46821330209755996,2.304250688502319,9.757298946380615,-2.8369369506835938,6,1.499747563011683,-0.3909848268246978,2.1459728127102338,9.087074756622314,-2.369004249572754,9,1.372512535241293,-0.23074191449814213,1.963913566771948,8.31614887714386,-1.3980813026428223,14,1.2290375480759226,-0.004571925799111906,1.7586167359222646,7.446823954582214,-0.027701616287231445,3,1,0.26190476190476186,0.0,0.5,0.3333333333333333,0.21428571428571427,0.75,0.0,1.0,1.0,1.0,0.3799019607843137,0.0,0.6666666666666666,0.5,0.35294117647058826
bert,487,EV00488,NEG,NEG,1,12,-6.3349080085754395,-1.0,6.3349080085754395,6.059069526590407,2.045451749303542,0.2641013138805384,1.9563871155117227,12.393534362316132,1.6002082228660583,2,2.16846611033228,0.19548037260560705,2.074045090588121,13.13888692855835,1.1844291687011719,3,2.1595644520853505,0.14567109652834137,2.0655310351933105,13.084951162338257,0.8826313018798828,4,1.8797023025781012,0.2849837420690308,1.7978548587194223,11.389246940612793,1.726736307144165,6,1.9740741322184359,0.4302700443191744,1.8881174775460372,11.961052417755127,2.6070361137390137,3,1,0.5416666666666666,0.5,0.6666666666666666,0.5,0.5,0.6666666666666666,0.3333333333333333,0.6666666666666666,0.6666666666666666,1.0,0.5761904761904761,0.4,0.6666666666666666,0.5714285714285715,0.6666666666666666
bert,488,EV00489,POS,POS,1,22,8.298618793487549,1.0,8.298618793487549,6.059069526590407,0.5555036912964095,0.08972308467468118,0.4055897934357643,3.36583548784256,0.5436384081840515,3,0.18703036265862166,0.11337198658471657,0.13655643939987758,1.1332299709320068,0.6869287490844727,5,0.36074343566459605,0.16976258662148327,0.26338952890313067,2.185769557952881,1.0286033153533936,7,0.7206904073773565,0.04024938706178197,0.5261975357484149,4.366713285446167,0.24387383460998535,11,0.9535505594850641,0.035508378430742914,0.6962156696916342,5.777629137039185,0.2151477336883545,3,1,0.441991341991342,0.6666666666666666,0.4,0.42857142857142855,0.2727272727272727,0.8333333333333333,0.6666666666666666,0.6666666666666666,1.0,1.0,0.5488095238095237,0.6666666666666666,0.5,0.6,0.42857142857142855
bert,489,EV00490,POS,POS,1,13,6.9514076709747314,1.0,6.9514076709747314,6.059069526590407,0.36917077072633636,0.040311656920177304,0.32178101919911845,2.2368313670158386,0.24425113201141357,2,0.16588064626752905,0.21642252280204857,0.14458686237904275,1.005082368850708,1.31131911277771,3,0.18167377762016618,-0.013832093164423609,0.15835265941925405,1.1007740497589111,-0.08380961418151855,4,0.3312686031846835,-0.08290772245276577,0.28874428100499483,2.0071794986724854,-0.5023436546325684,7,0.7978600558329668,0.04156392049585001,0.6954402739931822,4.83428955078125,0.25183868408203125,4,1,0.8303571428571428,1.0,1.0,0.75,0.5714285714285714,0.75,0.5,0.75,0.75,1.0,0.7502705627705628,0.6666666666666666,0.8571428571428571,0.75,0.7272727272727273
bert,490,EV00491,NEG,NEG,1,17,-5.4537553787231445,-1.0,5.4537553787231445,6.059069526590407,0.6189158290070523,0.1299436879125035,0.6876093794162195,3.7500540390610695,0.7873378396034241,2,0.06804255954912516,0.17409975603817082,0.07559461230863429,0.4122745990753174,1.054882526397705,4,0.22817541260621368,0.34040289296578874,0.2535006320841903,1.382530689239502,2.0625247955322266,6,0.9374755365167481,-0.12517618753918028,1.041526071350202,5.68022945523262,-0.7584512233734131,9,1.2419698073561223,0.13044829018523466,1.3798162019218512,7.525181412696838,0.7903952598571777,3,1,0.3958333333333333,0.5,0.25,0.5,0.3333333333333333,0.6666666666666666,0.3333333333333333,0.3333333333333333,1.0,1.0,0.4630952380952381,0.4,0.28571428571428575,0.6666666666666666,0.5
bert,491,EV00492,NEG,NEG,1,12,-5.119523286819458,-1.0,5.119523286819458,6.059069526590407,1.0686433436028913,0.19455732278681553,1.2647628871862606,6.47498431801796,1.1788363456726074,2,0.5655410219086324,0.18691038743066124,0.6693302306828639,3.4266523718833923,1.1325030326843262,3,1.239821290659015,0.30771603756584326,1.467355750218935,7.512163400650024,1.8644728660583496,4,1.124565144076189,-0.029540584728493056,1.330947567273076,6.813818395137787,-0.17898845672607422,6,1.3446459177677286,0.3131434508792507,1.5914180005701675,8.147303104400635,1.8973579406738281,1,1,0.0,0.0,0.0,0.0,0.0,0.0,0.0,0.0,0.0,0.0,0.0,0.0,0.0,0.0,0.0
bert,492,EV00493,POS,POS,1,29,7.209877252578735,1.0,7.209877252578735,6.059069526590407,0.7025476697392834,0.05370415242865905,0.5904101328163041,4.256785176694393,0.32539719343185425,3,0.36564219460356995,0.03399989357043123,0.30728001241432,2.21545147895813,0.206007719039917,6,1.0468854779359917,0.028453252660854474,0.879786270305364,6.343151897192001,0.17240023612976074,9,0.7519188298979564,0.0834638031092225,0.6319008877958124,4.555928468704224,0.5057129859924316,15,0.6457441765196154,0.06889966037412801,0.5426733607497195,3.9126088619232178,0.4174678325653076,3,1,0.25555555555555554,0.3333333333333333,0.3333333333333333,0.2222222222222222,0.13333333333333333,0.5833333333333333,0.3333333333333333,0.6666666666666666,0.6666666666666666,0.6666666666666666,0.33333333333333326,0.3333333333333333,0.4444444444444444,0.3333333333333333,0.2222222222222222
bert,493,EV00494,POS,POS,1,17,6.695197343826294,1.0,6.695197343826294,6.059069526590407,0.9394076419387309,0.7381069867340868,0.8501519931169337,5.691936216317117,4.472241550683975,2,1.426857299905112,0.12891658939035536,1.291287746929882,8.645427584648132,0.7811145782470703,4,1.074162311684106,0.8353323055829214,0.9721032589480417,6.508424129337072,5.061336517333984,6,0.7561702380783896,1.5972540750307074,0.6843244682482337,4.581688046455383,9.677873492240906,9,0.5004407180873166,0.39092497693236333,0.4528924983415773,3.032205104827881,2.3686416149139404,3,1,0.6458333333333334,1.0,0.75,0.5,0.3333333333333333,0.9166666666666666,0.6666666666666666,1.0,1.0,1.0,0.7059523809523809,0.8,0.8571428571428571,0.6666666666666666,0.5
bert,494,EV00495,NEG,NEG,1,13,-3.875194787979126,-1.0,3.875194787979126,6.059069526590407,0.7127898161096295,0.03921632224119518,1.1144838325461919,4.318843053653836,0.23761442303657532,2,0.5428940744831372,0.08615854352785576,0.8488430321562369,3.289432942867279,0.522040605545044,3,1.2058260402754972,0.0554792762323839,1.8853715308181989,7.306183815002441,0.3361527919769287,4,0.6961986010387474,0.041074300370723286,1.0885426076003646,4.218315728008747,0.2488720417022705,7,0.4062405486411364,-0.02584683116618222,0.635178159609967,2.4614397287368774,-0.1566077470779419,0,0,NA,NA,NA,NA,NA,NA,NA,NA,NA,NA,NA,NA,NA,NA,NA
bert,495,EV00496,NEG,NEG,1,14,-5.200748682022095,-1.0,5.200748682022095,6.059069526590407,0.31454446336216874,0.6719617520841453,0.3664561629073523,1.9058467727154493,4.071462975087343,2,-0.11598684844882061,0.9503177676489905,-0.13512905290382388,-0.7027723789215088,5.758041426539421,3,-0.08847718580649375,0.8368579695085466,-0.10307925839456428,-0.5360894203186035,5.0705806211335585,5,0.4806109948098196,0.24841423803238155,0.5599299352673799,2.9120554327964783,1.5051591396331787,7,0.9820308928941697,0.6522570331466627,1.1441030276604174,5.950193457305431,3.952070713043213,0,0,NA,NA,NA,NA,NA,NA,NA,NA,NA,NA,NA,NA,NA,NA,NA
bert,496,EV00497,NEG,NEG,1,3,-6.3829779624938965,-1.0,6.3829779624938965,6.059069526590407,0.8378173844704362,0.31045791321773103,0.7953016628945772,5.076393783092499,1.8810860812664032,1,0.40528863630030193,0.3752908353824727,0.3847219362792769,2.455672025680542,2.273913264274597,1,0.40528863630030193,0.3752908353824727,0.3847219362792769,2.455672025680542,2.273913264274597,1,0.40528863630030193,0.3752908353824727,0.3847219362792769,2.455672025680542,2.273913264274597,2,2.135403628980839,0.11595914672350605,2.027040842740478,12.93855905532837,0.7026045322418213,0,0,NA,NA,NA,NA,NA,NA,NA,NA,NA,NA,NA,NA,NA,NA,NA
bert,497,EV00498,POS,POS,1,3,8.336641311645508,1.0,8.336641311645508,6.059069526590407,0.2700142746932629,0.04571547064586121,0.19624630665189663,1.6360352635383606,0.2769932150840759,1,0.08471718813258194,0.04576014164538304,0.06157243093847406,0.5133073329925537,0.277263879776001,1,0.08471718813258194,0.04576014164538304,0.06157243093847406,0.5133073329925537,0.277263879776001,1,0.08471718813258194,0.04576014164538304,0.06157243093847406,0.5133073329925537,0.277263879776001,2,0.8259055343753058,0.04558145764729572,0.6002679337921644,5.004219055175781,0.2761812210083008,2,1,1.0,1.0,1.0,1.0,1.0,0.625,0.5,0.5,0.5,1.0,0.75,0.6666666666666666,0.6666666666666666,0.6666666666666666,1.0
bert,498,EV00499,NEG,NEG,1,16,-6.943268299102783,-1.0,6.943268299102783,6.059069526590407,0.9009513883988767,0.02440922376712462,0.7862185473768617,5.4589271023869514,0.14789718389511108,2,1.0235550942214569,0.010683186107181268,0.8932091228241721,6.201791480183601,0.06473016738891602,4,0.4897397265387933,-0.018629410274049532,0.42737317612257497,2.9673670530319214,-0.11287689208984375,5,0.872049929249564,0.05574984024270065,0.7609975826033615,5.283811151981354,0.33779215812683105,8,1.2184608035856925,0.0498332789926661,1.0632943079573385,7.382738724350929,0.301943302154541,3,1,0.5375,1.0,0.5,0.4,0.25,0.6666666666666666,0.6666666666666666,0.6666666666666666,0.6666666666666666,0.6666666666666666,0.5587662337662338,0.8,0.5714285714285715,0.5,0.36363636363636365
bert,499,EV00500,POS,POS,1,21,7.868791818618774,1.0,7.868791818618774,6.059069526590407,0.19122319979057364,0.06458281473744751,0.14724427105091215,1.1586346626281738,0.39131176471710205,3,-0.03447597762523379,0.15010384476717253,-0.026546936772079623,-0.2088923454284668,0.909489631652832,5,0.04862801784723238,0.07335645087740122,0.03744418589589693,0.29464054107666016,0.4444718360900879,7,0.21971068611765493,0.011781339161270854,0.16917999413732546,1.331242322921753,0.07138395309448242,11,0.531030072822641,0.023089624143945428,0.4088998409425058,3.217548131942749,0.13990163803100586,2,1,0.3002164502164502,0.3333333333333333,0.4,0.2857142857142857,0.18181818181818182,0.875,0.5,1.0,1.0,1.0,0.4308913308913309,0.4,0.5714285714285715,0.4444444444444445,0.3076923076923077
clip,0,EV00001,NEG,POS,0,15,0.00027936697006225586,1.0,0.00027936697006225586,0.004617031037807464,1.1086202208760039,0.07192981307853442,18.25655128986449,0.005118533968925476,0.0003321021795272827,2,1.2389859470698046,-0.8065873004592368,20.40338978503186,0.0057204365730285645,-0.003724038600921631,3,1.4169595465853384,0.1702793977665669,23.334225869935416,0.0065421462059021,0.0007861852645874023,5,0.8100858385028106,0.8563543268724373,13.3403426902436,0.0037401914596557617,0.003953814506530762,8,0.9684495513460613,0.06767282813437026,15.94824681424708,0.0044713616371154785,0.00031244754791259766,2,1,0.08125,0.0,0.0,0.2,0.125,0.25,0.0,0.0,0.5,0.5,0.12142857142857144,0.0,0.0,0.28571428571428575,0.2
clip,1,EV00002,NEG,NEG,1,17,-0.001034080982208252,-1.0,0.001034080982208252,0.004617031037807464,0.6874239963588352,-0.4999133304975811,3.0662894806078347,0.0031738579273223877,-0.0023081153631210327,2,0.909348786905171,-1.4745627818267655,4.05619622570655,0.00419849157333374,-0.006808102130889893,4,0.27548082402886814,-0.2057037091745623,1.2287961393596172,0.0012719035148620605,-0.0009497404098510742,6,0.4736839774716355,-0.18267274286557403,2.1128913231821116,0.002187013626098633,-0.0008434057235717773,9,1.0911823970296664,-0.13671408812342253,4.867274234183059,0.005038022994995117,-0.0006312131881713867,1,1,0.0,0.0,0.0,0.0,0.0,0.0,0.0,0.0,0.0,0.0,0.0,0.0,0.0,0.0,0.0
clip,2,EV00003,POS,POS,1,14,0.00231856107711792,1.0,0.00231856107711792,0.004617031037807464,-0.3739304591591061,0.1570921039971546,-0.7442996664111645,-0.0017264485359191895,0.0007252991199493408,2,-0.3998661157256742,1.5832240169292062,-0.7959239726366101,-0.0018461942672729492,0.0073097944259643555,3,0.04943137331676911,0.6021358355290533,0.09839197040180732,0.0002282261848449707,0.0027800798416137695,5,-0.5463786923179993,-0.9234203974863353,-1.0875537642506377,-0.0025226473808288574,-0.004263460636138916,7,-0.5989084019095202,-0.6335710389833058,-1.1921128991592178,-0.002765178680419922,-0.0029252171516418457,1,1,0.08571428571428572,0.0,0.0,0.2,0.14285714285714285,0.5,0.0,0.0,1.0,1.0,0.14583333333333334,0.0,0.0,0.33333333333333337,0.25
clip,3,EV00004,NEG,POS,0,4,0.0010361075401306152,1.0,0.0010361075401306152,0.004617031037807464,-0.22748243123917172,0.5754514143627535,-1.0127141158908963,-0.0010502934455871582,0.002656877040863037,1,-0.5440936693153698,0.8466074773414473,-2.4222149213062663,-0.0025120973587036133,0.003908812999725342,1,-0.5440936693153698,0.8466074773414473,-2.4222149213062663,-0.0025120973587036133,0.003908812999725342,2,0.08912880683702637,0.3042953513840598,0.39678668952447355,0.0004115104675292969,0.0014049410820007324,2,0.08912880683702637,0.3042953513840598,0.39678668952447355,0.0004115104675292969,0.0014049410820007324,1,1,0.75,1.0,1.0,0.5,0.5,1.0,1.0,1.0,1.0,1.0,0.8333333333333333,1.0,1.0,0.6666666666666666,0.6666666666666666
clip,4,EV00005,NEG,NEG,1,24,-0.0013783574104309082,-1.0,0.0013783574104309082,0.004617031037807464,1.3457946352746335,-1.1537365154434571,4.504688599626004,0.006213575601577759,-0.0053268373012542725,3,1.0431194555675793,-1.9826124724791896,3.4915641631937837,0.004816114902496338,-0.009153783321380615,5,0.8992275550743152,-0.6642574778378266,3.0099244042433013,0.004151761531829834,-0.0030668973922729492,8,1.4908548667381687,-0.9096715302671242,4.990239034889515,0.0068833231925964355,-0.004199981689453125,12,1.9499766637184708,-1.058404581189688,6.527026796177417,0.009003102779388428,-0.0048866868019104,2,1,0.28750000000000003,0.3333333333333333,0.4,0.25,0.16666666666666666,0.875,0.5,1.0,1.0,1.0,0.41428571428571426,0.4,0.5714285714285715,0.4,0.2857142857142857
clip,5,EV00006,POS,NEG,0,29,-0.001865983009338379,-1.0,0.001865983009338379,0.004617031037807464,1.1429246128180213,0.5656561533274705,2.8264415824142484,0.005276918411254883,0.0026116520166397095,3,0.76577962977386,1.7193184377976785,1.8937656642304295,0.003535628318786621,0.007938146591186523,6,1.4487174934015443,1.2744489876812346,3.582664437005202,0.0066887736320495605,0.0058841705322265625,9,1.3268754193969303,-0.7599831589931786,3.281350159062473,0.006126224994659424,-0.0035088658332824707,15,1.03032590869975,0.02884034682414787,2.547986069358889,0.004757046699523926,0.00013315677642822266,7,1,0.37222222222222223,0.6666666666666666,0.3333333333333333,0.2222222222222222,0.26666666666666666,0.3571428571428571,0.2857142857142857,0.2857142857142857,0.2857142857142857,0.5714285714285714,0.3303321678321678,0.4,0.30769230769230765,0.25,0.36363636363636365
clip,6,EV00007,POS,POS,1,14,0.010594666004180908,1.0,0.010594666004180908,0.004617031037807464,1.444060306688558,1.3147144495185297,0.6292451322848439,0.006667271256446838,0.006070077419281006,2,1.2374109594634726,1.525982254253167,0.5391982725872663,0.005713164806365967,0.0070455074310302734,3,1.6323455566185001,1.3190779397721384,0.7112898893152049,0.007536590099334717,0.006090223789215088,5,0.6202611027363513,1.649864066305326,0.2702769945512075,0.002863764762878418,0.007617473602294922,7,2.2862236079359084,0.7639335377434872,0.9962153726856969,0.010555565357208252,0.0035271048545837402,2,1,0.37976190476190474,0.5,0.3333333333333333,0.4,0.2857142857142857,0.75,0.5,0.5,1.0,1.0,0.478968253968254,0.5,0.4,0.5714285714285715,0.4444444444444445
clip,7,EV00008,POS,NEG,0,17,-0.003081798553466797,-1.0,0.003081798553466797,0.004617031037807464,0.49735397563729133,0.7360743307396773,0.7448747306929875,0.0022962987422943115,0.0033984780311584473,2,0.08578518560719006,1.2568659293220181,0.1284783477295532,0.0003960728645324707,0.0058029890060424805,4,0.2750160735876554,0.20279901891698252,0.4118847617280168,0.0012697577476501465,0.0009363293647766113,6,0.7913279943060841,0.8711101533809427,1.1851523372127046,0.003653585910797119,0.004021942615509033,9,0.8372866490482357,0.6135222213387661,1.253983476101675,0.0038657784461975098,0.002832651138305664,4,1,0.29166666666666663,0.0,0.5,0.3333333333333333,0.3333333333333333,0.4375,0.0,0.5,0.5,0.75,0.3403846153846154,0.0,0.5,0.4,0.46153846153846156
clip,8,EV00009,NEG,NEG,1,9,-0.004198312759399414,-1.0,0.004198312759399414,0.004617031037807464,0.7005693334911937,-0.23526054626224652,0.7702570735235101,0.003234550356864929,-0.001086205244064331,1,0.05317519631542752,-0.017169946855916145,0.05846469312872687,0.000245511531829834,-7.927417755126953e-05,2,0.2858860700182429,-0.4664287066949251,0.314324017804238,0.0013199448585510254,-0.0021535158157348633,3,1.1635285490451206,-0.24319357809905892,1.2792682355683163,0.005372047424316406,-0.0011228322982788086,5,1.2996875185859835,-0.21424995339908598,1.4289713475927597,0.006000697612762451,-0.0009891986846923828,2,1,0.13333333333333333,0.0,0.0,0.3333333333333333,0.2,0.25,0.0,0.0,0.5,0.5,0.17142857142857143,0.0,0.0,0.4,0.28571428571428575
clip,9,EV00010,POS,POS,1,19,0.0007958412170410156,1.0,0.0007958412170410156,0.004617031037807464,0.7605995988145094,-0.08557862985553995,4.4070410515546135,0.0035117119550704956,-0.00039511919021606445,2,0.7962078739388182,-1.0132979689230934,4.613361342141764,0.003676116466522217,-0.0046784281730651855,4,0.552885198494978,0.20989937287995536,3.203509139844432,0.0025526881217956543,0.0009691119194030762,6,0.8040182632980883,0.15088897658041195,4.658616041971448,0.003712177276611328,0.0006966590881347656,10,0.8892870595261532,0.3101951000405663,5.152677682260809,0.004105865955352783,0.001432180404663086,4,1,0.3833333333333333,0.5,0.5,0.3333333333333333,0.2,0.4375,0.25,0.5,0.5,0.5,0.3797619047619048,0.3333333333333333,0.5,0.4,0.28571428571428575
clip,10,EV00011,POS,POS,1,20,0.002215266227722168,1.0,0.002215266227722168,0.004617031037807464,0.28920387177912293,0.8596430817307416,0.6024832375985155,0.0013352632522583008,0.0039689987897872925,2,0.004040746891655454,-0.22972872503836678,0.008417875786462609,1.8656253814697266e-05,-0.0010606646537780762,4,1.3853048776449577,0.11518065101389763,2.8859328978209047,0.006395995616912842,0.0005317926406860352,6,0.9127440470729198,2.837624186965901,1.9014717375542471,0.004214167594909668,0.013101398944854736,10,-1.1452741844930414,0.7154962139815343,-2.3858895607675525,-0.005287766456604004,0.0033034682273864746,7,1,0.22916666666666666,0.0,0.25,0.16666666666666666,0.5,0.25,0.0,0.14285714285714285,0.14285714285714285,0.7142857142857143,0.23097490744549565,0.0,0.18181818181818182,0.15384615384615383,0.588235294117647
clip,11,EV00012,NEG,NEG,1,17,-0.004973709583282471,-1.0,0.004973709583282471,0.004617031037807464,0.3020619673193428,-0.12806779345669334,0.2803438984943457,0.0013946294784545898,-0.0005912929773330688,2,-0.5039831242918124,-0.14229109341797574,-0.4677470490349928,-0.0023269057273864746,-0.0006569623947143555,4,-0.05849400692041809,0.01698921057322229,-0.05428832396264127,-0.0002700686454772949,7.843971252441406e-05,6,0.2647270152085838,-0.25033266126546616,0.24569330637341025,0.0012222528457641602,-0.0011557936668395996,9,1.505997985281018,-0.13663662971655374,1.3977176606016066,0.006953239440917969,-0.0006308555603027344,2,1,0.38888888888888884,0.5,0.5,0.3333333333333333,0.2222222222222222,0.875,0.5,1.0,1.0,1.0,0.5075757575757576,0.5,0.6666666666666666,0.5,0.3636363636363636
clip,12,EV00013,NEG,POS,0,19,0.004916548728942871,1.0,0.004916548728942871,0.004617031037807464,0.26921637537335436,0.171509049975609,0.2527642184141623,0.0012429803609848022,0.0007918626070022583,2,-0.09081998205366172,1.5097418082796763,-0.0852698568144162,-0.00041931867599487305,0.006970524787902832,4,0.19753184724990447,-0.033397483094928626,0.18546042347084327,0.000912010669708252,-0.00015419721603393555,6,0.3055734150973949,-0.7974601181831971,0.2868994329491445,0.001410841941833496,-0.0036818981170654297,10,0.6645802211997799,0.007151992900885372,0.6239668740510778,0.003068387508392334,3.3020973205566406e-05,3,1,0.3208333333333333,0.5,0.25,0.3333333333333333,0.2,0.5,0.3333333333333333,0.3333333333333333,0.6666666666666666,0.6666666666666666,0.35946275946275946,0.4,0.28571428571428575,0.4444444444444444,0.30769230769230765
clip,13,EV00014,POS,POS,1,23,0.008137524127960205,1.0,0.008137524127960205,0.004617031037807464,0.5812220656744788,0.8379676375419571,0.32973058442602665,0.0026835203170776367,0.0038689225912094116,3,0.1141736917246033,1.0990056961234147,0.06477138484882455,0.0005271434783935547,0.005074143409729004,5,-0.05955260514762495,1.1280396889647344,-0.03378453169466618,-0.00027495622634887695,0.005208194255828857,7,0.4681973403184292,0.4551843279644717,0.2656110147345455,0.002161681652069092,0.002101600170135498,12,1.8020698358025073,0.6696408371152078,1.0223244698154026,0.008320212364196777,0.003091752529144287,6,1,0.4779761904761905,0.6666666666666666,0.4,0.42857142857142855,0.4166666666666667,0.5,0.3333333333333333,0.3333333333333333,0.5,0.8333333333333334,0.45629370629370625,0.4444444444444444,0.3636363636363636,0.4615384615384615,0.5555555555555556
clip,14,EV00015,NEG,POS,0,24,0.0009099841117858887,1.0,0.0009099841117858887,0.004617031037807464,0.33881275394496635,0.12342028904456566,1.717163867877201,0.001564309000968933,0.0005698353052139282,3,-0.4539966323924835,0.03555340875277674,-2.3009364441131095,-0.002096116542816162,0.00016415119171142578,5,0.4669580058085285,0.021985277816259547,2.3666270116875276,0.0021559596061706543,0.00010150671005249023,8,0.5506647241647392,-0.12172588639431078,2.7908676891302835,0.002542436122894287,-0.0005620121955871582,12,0.7916249181990812,0.5578683560035371,4.012097214804102,0.003654956817626953,0.002575695514678955,2,1,0.20625,0.3333333333333333,0.2,0.125,0.16666666666666666,0.625,0.5,0.5,0.5,1.0,0.2928571428571428,0.4,0.28571428571428575,0.2,0.2857142857142857
clip,15,EV00016,NEG,NEG,1,20,-0.004768073558807373,-1.0,0.004768073558807373,0.004617031037807464,1.028370083926313,-0.40478149712822314,0.99558468480151,0.004748016595840454,-0.0018688887357711792,2,-0.2580010435454768,-0.10565326696903589,-0.2497757292160683,-0.0011911988258361816,-0.0004878044128417969,4,1.1556277915445035,-0.17767667562253678,1.1187852977986275,0.005335569381713867,-0.0008203387260437012,6,1.3308128884127608,-0.9947724999469734,1.288385330095953,0.006144404411315918,-0.0045928955078125,10,1.8850406992934645,-0.34102354597434653,1.824943840527528,0.008703291416168213,-0.0015745162963867188,8,1,0.7916666666666666,1.0,1.0,0.6666666666666666,0.5,0.46875,0.25,0.5,0.5,0.625,0.5484126984126985,0.4,0.6666666666666666,0.5714285714285715,0.5555555555555556
clip,16,EV00017,POS,NEG,0,13,-0.005996227264404297,-1.0,0.005996227264404297,0.004617031037807464,1.717517529837979,0.903016562143647,1.3222496653256353,0.007929831743240356,0.004169255495071411,2,1.2344675400024583,1.059269533399723,0.9503683445825385,0.005699574947357178,0.0048906803131103516,3,1.6606695140635228,1.0782468430825776,1.2784845982876925,0.007667362689971924,0.004978299140930176,4,1.675309152961725,0.17838671101883405,1.2897550844966232,0.007734954357147217,0.0008236169815063477,7,2.29962391232421,1.2961631610734532,1.7703906339356867,0.010617434978485107,0.0059844255447387695,1,1,0.306547619047619,0.5,0.3333333333333333,0.25,0.14285714285714285,1.0,1.0,1.0,1.0,1.0,0.4541666666666666,0.6666666666666666,0.5,0.4,0.25
clip,17,EV00018,POS,POS,1,22,0.006264030933380127,1.0,0.006264030933380127,0.004617031037807464,1.3323426919484194,-0.31623685577633226,0.9818734539596191,0.006151467561721802,-0.0014600753784179688,3,0.934212935510054,-0.6244051275038317,0.6884706819546419,0.004313290119171143,-0.0028828978538513184,5,1.4213230368389473,-0.6992299485390874,1.0474477533498268,0.006562292575836182,-0.0032283663749694824,7,1.329767199920032,-0.20242463661711665,0.9799754383298264,0.006139576435089111,-0.000934600830078125,11,1.6440675955246444,0.2611122895547067,1.2115999422041814,0.0075907111167907715,0.0012055635452270508,4,1,0.3002164502164502,0.3333333333333333,0.4,0.2857142857142857,0.18181818181818182,0.4375,0.25,0.5,0.5,0.5,0.34011544011544015,0.28571428571428575,0.4444444444444445,0.36363636363636365,0.26666666666666666
clip,18,EV00019,POS,NEG,0,29,-0.004383862018585205,-1.0,0.004383862018585205,0.004617031037807464,1.169996326018665,-0.16786850485277566,1.2319451167341011,0.005401909351348877,-0.0007750540971755981,3,0.7180910706116389,0.3878858821299673,0.756112449361878,0.003315448760986328,0.0017908811569213867,6,1.0095283264554786,-0.3195159283337779,1.0629806814980853,0.0046610236167907715,-0.001475214958190918,9,1.6178350150650793,-0.21801959586670064,1.703495901797447,0.007469594478607178,-0.0010066032409667969,15,1.3345308919424628,-0.5218243773405914,1.4051914342789942,0.0061615705490112305,-0.0024092793464660645,2,1,0.21388888888888888,0.3333333333333333,0.16666666666666666,0.2222222222222222,0.13333333333333333,0.75,0.5,0.5,1.0,1.0,0.31223262032085564,0.4,0.25,0.3636363636363636,0.23529411764705882
clip,19,EV00020,POS,POS,1,20,0.002827882766723633,1.0,0.002827882766723633,0.004617031037807464,0.535189179959078,-0.2151794542815115,0.873484431393261,0.0024709850549697876,-0.000993490219116211,2,0.8435091410666955,-0.9036297745313583,1.376694690494299,0.003894507884979248,-0.004172086715698242,4,0.5357410711080182,-0.32804926282382346,0.8743851751759733,0.0024735331535339355,-0.0015146136283874512,6,0.43434801651676597,0.4590701580423896,0.7089011595169912,0.0020053982734680176,0.0021195411682128906,10,0.3271584911448323,-0.08810893781325391,0.5339567003857807,0.0015105009078979492,-0.000406801700592041,2,1,0.5083333333333333,1.0,0.5,0.3333333333333333,0.2,1.0,1.0,1.0,1.0,1.0,0.625,1.0,0.6666666666666666,0.5,0.33333333333333337
clip,20,EV00021,POS,POS,1,23,0.0023847222328186035,1.0,0.0023847222328186035,0.004617031037807464,0.6380991283515107,0.1116498386341284,1.2348979442238446,0.002946123480796814,0.0005154907703399658,3,-0.28014123817547393,-0.24244481349932723,-0.5421506216580246,-0.0012934207916259766,-0.001119375228881836,5,0.9471226699881865,-0.45491322354043096,1.8329437952968193,0.004372894763946533,-0.002100348472595215,7,1.473336357051343,-0.09820435017515347,2.8513125275273605,0.0068024396896362305,-0.0004534125328063965,12,0.4120787245419875,1.2421617417514252,0.7974860757292234,0.0019025802612304688,0.0057350993156433105,0,0,NA,NA,NA,NA,NA,NA,NA,NA,NA,NA,NA,NA,NA,NA,NA
clip,21,EV00022,NEG,NEG,1,30,-0.009577453136444092,-1.0,0.009577453136444092,0.004617031037807464,1.2870359787974137,-0.031402929118057164,0.6203804493518235,0.005942285060882568,-0.0001449882984161377,3,0.6855843591957014,0.33628567342087196,0.33046716628996375,0.0031653642654418945,0.0015526413917541504,6,1.5044617268781202,-0.19648615875717573,0.7251845772216606,0.006946146488189697,-0.0009071826934814453,9,1.4684177482151743,-0.4051461971272304,0.7078105643364578,0.006779730319976807,-0.001870572566986084,15,1.4896800809006585,0.13973496599130553,0.7180594895592117,0.006877899169921875,0.0006451606750488281,7,1,0.5138888888888888,0.6666666666666666,0.5,0.5555555555555556,0.3333333333333333,0.5357142857142857,0.2857142857142857,0.42857142857142855,0.7142857142857143,0.7142857142857143,0.48527097902097904,0.4,0.4615384615384615,0.6250000000000001,0.4545454545454545
clip,22,EV00023,POS,POS,1,19,0.005454957485198975,1.0,0.005454957485198975,0.004617031037807464,0.4561751500856684,0.726046694483788,0.38603211853019026,0.0021061748266220093,0.0033521801233291626,2,0.08872860506820426,1.9126546213421898,0.07508539512131475,0.00040966272354125977,0.008830785751342773,4,0.17421686678239728,0.3168565230312826,0.14742869302519168,0.0008043646812438965,0.0014629364013671875,6,0.5794534320509745,0.34603252295186193,0.4903547155565564,0.002675354480743408,0.0015976428985595703,10,0.9823016964410973,0.32864311060981755,0.8312596704176981,0.004535317420959473,0.0015173554420471191,4,1,0.2791666666666667,0.5,0.25,0.16666666666666666,0.2,0.3125,0.25,0.25,0.25,0.5,0.26726190476190476,0.3333333333333333,0.25,0.2,0.28571428571428575
clip,23,EV00024,NEG,NEG,1,18,-0.0016020536422729492,-1.0,0.0016020536422729492,0.004617031037807464,0.7202728157384433,-0.9108818178744492,2.0744919934420625,0.003325521945953369,-0.004205569624900818,2,1.0283378095901177,-1.4301403854875117,2.9617646340870887,0.004747867584228516,-0.0066030025482177734,4,0.34545158490034594,-0.774842263377509,0.9949515396647635,0.0015949606895446777,-0.0035774707794189453,6,0.6425691239145641,-0.7945554279256173,1.8506938949614686,0.002966761589050293,-0.003668487071990967,9,0.8647327445487453,-0.6439891947071587,2.490557905054929,0.00399249792098999,-0.002973318099975586,3,1,0.2569444444444444,0.5,0.25,0.16666666666666666,0.1111111111111111,0.3333333333333333,0.3333333333333333,0.3333333333333333,0.3333333333333333,0.3333333333333333,0.26865079365079364,0.4,0.28571428571428575,0.2222222222222222,0.16666666666666666
clip,24,EV00025,POS,NEG,0,33,-0.00021284818649291992,-1.0,0.00021284818649291992,0.004617031037807464,0.5678895373921874,-0.09853677583796538,12.260864415947056,0.002621963620185852,-0.0004549473524093628,4,0.028543422931150825,-0.5784077435582459,0.6162590001797926,0.00013178586959838867,-0.0026705265045166016,7,0.9593352788044998,0.4419260306554297,20.71226710192699,0.004429280757904053,0.002040386199951172,10,1.0234579299573836,-0.14455029695164892,22.096689740503663,0.004725337028503418,-0.0006673932075500488,17,0.2602215178757156,-0.11311509349739644,5.618241821177784,0.0012014508247375488,-0.0005222558975219727,3,1,0.09012605042016807,0.0,0.14285714285714285,0.1,0.11764705882352941,0.3333333333333333,0.0,0.3333333333333333,0.3333333333333333,0.6666666666666666,0.13846153846153847,0.0,0.2,0.15384615384615383,0.2
clip,25,EV00026,POS,POS,1,14,0.008948266506195068,1.0,0.008948266506195068,0.004617031037807464,0.6254637257310386,1.0856376660713085,0.3226840359177874,0.0028877854347229004,0.005012422800064087,2,0.05822290249637731,1.6503159070120605,0.030037874919796505,0.0002688169479370117,0.0076195597648620605,3,0.09100071833635558,1.2754946761739632,0.04694833266289258,0.0004201531410217285,0.005888998508453369,5,0.7630685855334522,1.4735816420064274,0.3936759890818918,0.003523111343383789,0.006803572177886963,7,1.5895626965579692,-0.056841560907217134,0.8200739470065685,0.007339060306549072,-0.0002624392509460449,2,1,0.16904761904761906,0.0,0.3333333333333333,0.2,0.14285714285714285,0.375,0.0,0.5,0.5,0.5,0.22698412698412698,0.0,0.4,0.28571428571428575,0.22222222222222224
clip,26,EV00027,POS,NEG,0,19,-0.0031290054321289062,-1.0,0.0031290054321289062,0.004617031037807464,0.32553186460058764,0.4667256305879221,0.48018789591492017,0.00150299072265625,0.0021548867225646973,2,-0.4176944590399751,0.6225719452079369,-0.6161357619101857,-0.0019285082817077637,0.002874433994293213,4,0.3681468981129028,0.20898278173200793,0.5430487875874753,0.0016997456550598145,0.0009648799896240234,6,0.5691127347339905,0.5001360234173289,0.8394909265352689,0.0026276111602783203,0.002309143543243408,10,0.7825622845954323,0.5352117719944147,1.1543476314471222,0.003613114356994629,0.0024710893630981445,6,1,0.7541666666666667,1.0,0.75,0.6666666666666666,0.6,0.625,0.3333333333333333,0.5,0.6666666666666666,1.0,0.6291666666666667,0.5,0.6,0.6666666666666666,0.7499999999999999
clip,27,EV00028,NEG,NEG,1,15,-0.009041011333465576,-1.0,0.009041011333465576,0.004617031037807464,1.6493541317934397,-0.16536078893039843,0.8421930628025004,0.007615119218826294,-0.0007634758949279785,2,0.8717814595738056,0.21471470384029875,0.4451489727888514,0.0040250420570373535,0.0009913444519042969,3,1.3794051289884512,-0.18183361012449542,0.7043517265543511,0.006368756294250488,-0.000839531421661377,5,1.6100375354402874,-0.39809748210217005,0.822117225804641,0.007433593273162842,-0.0018380284309387207,8,2.7361924031712146,-0.29622676733522696,1.3971543260621582,0.012633085250854492,-0.0013676881790161133,1,1,0.2895833333333333,0.5,0.3333333333333333,0.2,0.125,1.0,1.0,1.0,1.0,1.0,0.4305555555555556,0.6666666666666666,0.5,0.33333333333333337,0.2222222222222222
clip,28,EV00029,POS,POS,1,17,0.00010603666305541992,1.0,0.00010603666305541992,0.004617031037807464,-0.3097368044665926,0.31826368408939903,-13.360510305082299,-0.0014300644397735596,0.001469433307647705,2,0.28152257976463413,0.08220918915674738,12.14348851611669,0.0012997984886169434,0.0003795623779296875,4,-0.33935819022666747,1.1207973279225023,-14.638230046460285,-0.0015668272972106934,0.005174756050109863,6,-0.5961715382001561,0.2948196062771105,-25.715884792693572,-0.002752542495727539,0.0013611912727355957,9,-0.5849400692041808,-0.22477138699876392,-25.231414897292026,-0.0027006864547729492,-0.0010377764701843262,1,1,0.13194444444444442,0.0,0.25,0.16666666666666666,0.1111111111111111,0.75,0.0,1.0,1.0,1.0,0.22142857142857142,0.0,0.4,0.2857142857142857,0.19999999999999998
clip,29,EV00030,POS,POS,1,19,0.012274026870727539,1.0,0.012274026870727539,0.004617031037807464,2.8111818233210664,2.0677618536633315,1.0573755860482497,0.012979313731193542,0.009546920657157898,2,1.6509872132049235,0.9907575725242741,0.6209892073286017,0.007622659206390381,0.0045743584632873535,4,3.74601765351969,0.600160646153899,1.4089973045777942,0.017295479774475098,0.0027709603309631348,6,3.2489025079702443,4.496163594840532,1.2220163651030824,0.01500028371810913,0.02075892686843872,10,2.598819918589407,2.1839656011346213,0.9774994671835201,0.01199883222579956,0.010083436965942383,3,1,0.1958333333333333,0.0,0.25,0.3333333333333333,0.2,0.41666666666666663,0.0,0.3333333333333333,0.6666666666666666,0.6666666666666666,0.2594627594627595,0.0,0.28571428571428575,0.4444444444444444,0.30769230769230765
clip,30,EV00031,POS,POS,1,18,0.0082930326461792,1.0,0.0082930326461792,0.004617031037807464,0.8761320400929362,0.8481663277796818,0.48771556550240064,0.00404512882232666,0.00391601026058197,2,0.6464162247890476,0.18823683842564912,0.35983988736386713,0.0029845237731933594,0.0008690953254699707,4,0.9588447088943307,1.2741778832571937,0.5337591459134147,0.004427015781402588,0.005882918834686279,6,0.8325358667602829,1.2086222515772371,0.46344692635022416,0.003843843936920166,0.005580246448516846,9,1.0667313599280834,0.7216283378586471,0.5938163023820966,0.004925131797790527,0.003331780433654785,3,1,0.0,0.0,0.0,0.0,0.0,0.0,0.0,0.0,0.0,0.0,0.0,0.0,0.0,0.0,0.0
clip,31,EV00032,NEG,NEG,1,15,-0.0015832185745239258,-1.0,0.0015832185745239258,0.004617031037807464,-0.5247000206955954,-1.0812483563487434,-1.52918058154809,-0.0024225562810897827,-0.004992157220840454,2,-1.0104707370723824,-1.3344663432700723,-2.944905981336173,-0.004665374755859375,-0.0061612725257873535,3,-0.8688896790507039,-1.9186318284055652,-2.5322835378402386,-0.004011690616607666,-0.00885838270187378,5,-0.9018095019699416,-0.8520941144946536,-2.6282247460936015,-0.004163682460784912,-0.003934144973754883,8,0.6823698353106464,-0.21980113922468292,1.9886919390776536,0.0031505227088928223,-0.0010148286819458008,4,1,0.74375,1.0,1.0,0.6,0.375,0.6875,0.5,0.75,0.75,0.75,0.6726190476190476,0.6666666666666666,0.8571428571428571,0.6666666666666665,0.5
clip,32,EV00033,POS,POS,1,22,0.005389511585235596,1.0,0.005389511585235596,0.004617031037807464,0.2974273726416933,0.4915575048566099,0.2547497374352098,0.0013732314109802246,0.002269536256790161,3,0.9343678523237916,0.030118410537482983,0.8002960955921776,0.004314005374908447,0.00013905763626098633,5,-0.04488714678046649,0.9335932682551037,-0.038446323063597576,-0.0002072453498840332,0.004310429096221924,7,0.06536198566278455,0.4583213934426579,0.055983242355764885,0.00030177831649780273,0.002116084098815918,11,0.2348667993606635,0.5441969471911949,0.20116593485649428,0.0010843873023986816,0.0025125741958618164,2,1,0.05844155844155844,0.0,0.0,0.14285714285714285,0.09090909090909091,0.25,0.0,0.0,0.5,0.5,0.09401709401709402,0.0,0.0,0.22222222222222224,0.15384615384615385
clip,33,EV00034,NEG,NEG,1,9,-0.003801584243774414,-1.0,0.003801584243774414,0.004617031037807464,-0.3652131609527472,0.7290514351835733,-0.4434354090366971,-0.001686200499534607,0.0033660531044006348,1,-1.5860770682488734,1.6083721796926083,-1.925786934095903,-0.007322967052459717,0.007425904273986816,2,-1.1254061031311955,0.8810893781325391,-1.3664483349189749,-0.005196034908294678,0.00406801700592041,3,0.1829438472896148,0.36374467865585963,0.22212720796256719,0.0008446574211120605,0.0016794204711914062,5,1.0676866802794653,0.0629995042532863,1.2963664249055222,0.004929542541503906,0.00029087066650390625,1,1,0.2583333333333333,0.0,0.5,0.3333333333333333,0.2,0.75,0.0,1.0,1.0,1.0,0.375,0.0,0.6666666666666666,0.5,0.33333333333333337
clip,34,EV00035,POS,NEG,0,18,-0.0034616589546203613,-1.0,0.0034616589546203613,0.004617031037807464,0.9162425851164937,0.6559371539666702,1.2216971145827449,0.004230320453643799,0.00302848219871521,2,0.281122377995812,1.0625098767537342,0.3748422127732215,0.0012979507446289062,0.004905641078948975,4,0.7859833642321373,0.5642844940391689,1.0480124191895686,0.0036289095878601074,0.0026053190231323242,6,0.8433542242529579,0.3309797725503595,1.1245094247720537,0.0038937926292419434,0.0015281438827514648,9,1.7545103739850674,0.6659744725234182,2.339424401596135,0.008100628852844238,0.003074824810028076,1,1,0.2569444444444444,0.5,0.25,0.16666666666666666,0.1111111111111111,1.0,1.0,1.0,1.0,1.0,0.3880952380952381,0.6666666666666666,0.4,0.2857142857142857,0.19999999999999998
clip,35,EV00036,NEG,NEG,1,18,-2.104043960571289e-05,-1.0,2.104043960571289e-05,0.004617031037807464,0.23874617457134228,0.07161029715020065,50.012545932521704,0.0011022984981536865,0.0003306269645690918,2,-0.3344524911249771,0.9229556470451226,-70.06110403513883,-0.001544177532196045,0.004261314868927002,4,0.729219261731789,-0.18259528445870524,152.75684264981865,0.003366827964782715,-0.000843048095703125,6,0.1552395570995426,0.1962279640676131,32.519580654747536,0.0007167458534240723,0.0009059906005859375,9,0.40497837057901465,-0.6501471380532278,84.83486446065946,0.001869797706604004,-0.0030017495155334473,3,1,0.1875,0.0,0.25,0.16666666666666666,0.3333333333333333,0.41666666666666663,0.0,0.3333333333333333,0.3333333333333333,1.0,0.251984126984127,0.0,0.28571428571428575,0.2222222222222222,0.5
clip,36,EV00037,POS,POS,1,26,0.0006595849990844727,1.0,0.0006595849990844727,0.004617031037807464,-0.5878318497272825,0.15541383851499738,-4.108536977019028,-0.0027140378952026367,0.00071755051612854,3,-0.961504114196826,-0.1016770687497711,-6.720246969548034,-0.004439294338226318,-0.00046944618225097656,6,-0.7036321679961305,0.24234153562350216,-4.9179008959337,-0.0032486915588378906,0.0011188983917236328,8,-0.4272734820227494,0.4035712095208982,-2.986345331585162,-0.0019727349281311035,0.0018633008003234863,13,-0.2589176346934242,0.07741967766536025,-1.8096547110092156,-0.0011954307556152344,0.0003574490547180176,4,1,0.18429487179487178,0.0,0.3333333333333333,0.25,0.15384615384615385,0.375,0.0,0.5,0.5,0.5,0.24215686274509807,0.0,0.4,0.3333333333333333,0.23529411764705882
clip,37,EV00038,NEG,POS,0,16,0.003461599349975586,1.0,0.003461599349975586,0.004617031037807464,0.88322593918867,-1.096943366040533,1.1776937388553166,0.004077881574630737,-0.005064621567726135,2,0.9961151123326991,-1.2810071327961259,1.3282201970324887,0.004599094390869141,-0.005914449691772461,4,1.2344546302679802,-1.5639368736188763,1.6460221835230773,0.005699515342712402,-0.007220745086669922,5,1.1684729773502454,-0.9381891337293188,1.5580422272370087,0.005394876003265381,-0.004331648349761963,8,0.13386103680375527,-0.604640324017811,0.17849034762869204,0.0006180405616760254,-0.0027916431427001953,4,1,0.5875,0.5,0.75,0.6,0.5,0.6875,0.25,0.75,0.75,1.0,0.6041666666666666,0.3333333333333333,0.75,0.6666666666666665,0.6666666666666666
clip,38,EV00039,POS,NEG,0,8,-0.003043830394744873,-1.0,0.003043830394744873,0.004617031037807464,0.5380196392434086,-1.051707656429157,0.8158265161908735,0.002484053373336792,-0.0048557668924331665,1,-0.2454527816327321,-0.6677818353503567,-0.3721925244409084,-0.001133263111114502,-0.003083169460296631,2,0.18854667205312428,-1.0683321670033719,0.2859028990406284,0.0008705258369445801,-0.004932522773742676,3,0.680575382218186,-1.3830714935802408,1.0319910326342927,0.003142237663269043,-0.006385684013366699,4,1.5284092843350559,-1.0876451297826581,2.3176046575294813,0.007056713104248047,-0.00502169132232666,1,1,0.14583333333333331,0.0,0.0,0.3333333333333333,0.25,0.5,0.0,0.0,1.0,1.0,0.225,0.0,0.0,0.5,0.4
clip,39,EV00040,POS,POS,1,1,0.0038442611694335938,1.0,0.0038442611694335938,0.004617031037807464,1.0821326731604954,0.0,1.2993240039774758,0.004996240139007568,0.0,1,1.0821326731604954,0.0,1.2993240039774758,0.004996240139007568,0.0,1,1.0821326731604954,0.0,1.2993240039774758,0.004996240139007568,0.0,1,1.0821326731604954,0.0,1.2993240039774758,0.004996240139007568,0.0,1,1.0821326731604954,0.0,1.2993240039774758,0.004996240139007568,0.0,1,1,1.0,1.0,1.0,1.0,1.0,1.0,1.0,1.0,1.0,1.0,1.0,1.0,1.0,1.0,1.0
clip,40,EV00041,NEG,POS,0,22,0.003670334815979004,1.0,0.003670334815979004,0.004617031037807464,0.4090417095060068,1.253590084198192,0.5144064388590645,0.001888558268547058,0.005787864327430725,3,0.37589273879978224,1.9598009716563294,0.4727186510942766,0.0017355084419250488,0.0090484619140625,5,1.175082761403049,0.9769699761016287,1.477771397415748,0.005425393581390381,0.004510700702667236,7,0.07550903696259664,1.1691959224810207,0.09495934987294101,0.00034862756729125977,0.005398213863372803,11,0.00968230085859933,0.9083934665537892,0.012176357053292146,4.470348358154297e-05,0.004194080829620361,2,1,0.1917748917748918,0.3333333333333333,0.2,0.14285714285714285,0.09090909090909091,0.5,0.5,0.5,0.5,0.5,0.26544566544566545,0.4,0.28571428571428575,0.22222222222222224,0.15384615384615385
clip,41,EV00042,POS,POS,1,18,0.006881147623062134,1.0,0.006881147623062134,0.004617031037807464,0.747744730707909,1.5757976921706605,0.5016400140076205,0.0034523606300354004,0.007275506854057312,2,0.5179450021299126,0.20873104190968436,0.34747411443160053,0.0023913681507110596,0.0009637176990509033,4,0.7607512881946275,3.4488420207003205,0.5103657320392959,0.0035124123096466064,0.015923410654067993,6,1.0776465404293445,2.3566526643813597,0.7229614645688631,0.00497552752494812,0.010880738496780396,9,0.6346360920777517,0.28896504169127746,0.42575874499072214,0.0029301345348358154,0.001334160566329956,6,1,0.5555555555555556,0.5,0.5,0.6666666666666666,0.5555555555555556,0.5,0.16666666666666666,0.3333333333333333,0.6666666666666666,0.8333333333333334,0.49583333333333335,0.25,0.4,0.6666666666666666,0.6666666666666667
clip,42,EV00043,POS,POS,1,27,0.01206350326538086,1.0,0.01206350326538086,0.004617031037807464,1.2532189293319458,0.8010651615362155,0.4796012373337256,0.005786150693893433,0.0036985427141189575,3,0.3549015105383389,1.7728421969440156,0.13581920892028834,0.0016385912895202637,0.008185267448425293,6,0.6202869222053075,0.9355426381613017,0.23738101015612434,0.0028638839721679688,0.004319429397583008,9,1.7957440659082224,0.7659474563220758,0.6872231625190829,0.008291006088256836,0.003536403179168701,14,2.241943218675914,-0.27007164528253064,0.8579815677394068,0.010351121425628662,-0.0012469291687011719,8,1,0.4503968253968254,0.6666666666666666,0.3333333333333333,0.4444444444444444,0.35714285714285715,0.40625,0.25,0.25,0.5,0.625,0.3936210847975554,0.36363636363636365,0.28571428571428575,0.47058823529411764,0.45454545454545453
clip,43,EV00044,NEG,NEG,1,39,-0.008373737335205078,-1.0,0.008373737335205078,0.004617031037807464,1.5108488180111763,-0.6281812248386854,0.8329378710026736,0.006975635886192322,-0.00290033221244812,4,0.5839072904459303,0.49757989599065866,0.321910762724226,0.002695918083190918,0.002297341823577881,8,1.5512466046268722,-1.390494590905167,0.855209355730836,0.007162153720855713,-0.006419956684112549,12,1.6857660378890122,-1.1048408961075304,0.9293705352043367,0.007783234119415283,-0.0051010847091674805,20,2.2224753390828904,-0.514969308332703,1.225260830351296,0.010261237621307373,-0.002377629280090332,4,1,0.17291666666666666,0.25,0.125,0.16666666666666666,0.15,0.4375,0.25,0.25,0.5,0.75,0.22916666666666666,0.25,0.16666666666666666,0.25,0.24999999999999997
clip,44,EV00045,POS,NEG,0,19,-0.004216015338897705,-1.0,0.004216015338897705,0.004617031037807464,0.991858127388535,1.012713803437958,1.0859433488452725,0.004579439759254456,0.004675731062889099,2,0.39993066439806485,0.7425808369166561,0.4378671031771691,0.0018464922904968262,0.003428518772125244,4,0.7873776155557757,1.4399388739564143,0.8620663187926892,0.0036353468894958496,0.006648242473602295,6,0.8087432261170848,0.9770861637119319,0.8854586186008888,0.003733992576599121,0.004511237144470215,10,1.9713810034832142,0.8912493391668292,2.1583813548103428,0.009101927280426025,0.004114925861358643,3,1,0.45,0.5,0.5,0.5,0.3,0.75,0.3333333333333333,0.6666666666666666,1.0,1.0,0.5249084249084249,0.4,0.5714285714285715,0.6666666666666666,0.4615384615384615
clip,45,EV00046,POS,NEG,0,16,-0.003649592399597168,-1.0,0.003649592399597168,0.004617031037807464,2.5960798274464234,-0.6169884850461447,3.2833523515987766,0.011986181139945984,-0.0028486549854278564,2,2.480824945459277,-0.8568707162515626,3.1375854981280327,0.01145404577255249,-0.003956198692321777,4,2.695191086468666,-1.1811761560767275,3.4087018042389463,0.012443780899047852,-0.005453526973724365,5,2.5048886905265153,-0.4403381333146194,3.168019752544819,0.011565148830413818,-0.002033054828643799,8,2.703414587331236,0.010431065458331012,3.4191023514833097,0.012481749057769775,4.8160552978515625e-05,2,1,0.3,0.5,0.25,0.2,0.25,0.625,0.5,0.5,0.5,1.0,0.37976190476190474,0.5,0.3333333333333333,0.28571428571428575,0.4
clip,46,EV00047,NEG,NEG,1,12,-0.00297468900680542,-1.0,0.00297468900680542,0.004617031037807464,0.8320582065845921,-0.6430790584264503,1.2910080846075058,0.0038416385650634766,-0.002969115972518921,2,0.9195603868773737,-0.48261751373050316,1.426775055337191,0.004245638847351074,-0.002228260040283203,3,1.1439315721073156,-0.8373253782516701,1.774905765175186,0.005281567573547363,-0.003865957260131836,4,0.16812347210871878,-0.7233582422787169,0.26085766595052984,0.0007762312889099121,-0.0033397674560546875,6,1.09661739524496,-0.5290150994449111,1.7014938519671163,0.005063116550445557,-0.002442479133605957,0,0,NA,NA,NA,NA,NA,NA,NA,NA,NA,NA,NA,NA,NA,NA,NA
clip,47,EV00048,NEG,NEG,1,6,-0.006418049335479736,-1.0,0.006418049335479736,0.004617031037807464,0.33837705040632937,0.13832135006595003,0.2433845360203955,0.0015622973442077637,0.0006386339664459229,1,0.4268861899884054,0.3342588451078051,0.3070465244586783,0.001970946788787842,0.001543283462524414,2,0.123404151876468,0.09963733070222618,0.08876093166300257,0.000569760799407959,0.00046002864837646484,2,0.123404151876468,0.09963733070222618,0.08876093166300257,0.000569760799407959,0.00046002864837646484,3,0.6798137078839762,0.019751893751542633,0.4889697562968985,0.003138720989227295,9.119510650634766e-05,3,1,0.6666666666666666,1.0,0.5,0.5,0.6666666666666666,0.41666666666666663,0.3333333333333333,0.3333333333333333,0.3333333333333333,0.6666666666666666,0.4916666666666667,0.5,0.4,0.4,0.6666666666666666
clip,48,EV00049,NEG,NEG,1,29,-0.004419505596160889,-1.0,0.004419505596160889,0.004617031037807464,1.2688816646875398,-0.41646157939731343,1.3252932049797932,0.005858466029167175,-0.0019228160381317139,3,1.3714269130809653,0.2162380525087184,1.432397377638981,0.006331920623779297,0.000998377799987793,6,1.2167682940329387,-0.4778925509115067,1.2708629945518226,0.005617856979370117,-0.00220644474029541,9,1.0137885388332624,-1.1131031261735354,1.0588592295034596,0.00468069314956665,-0.0051392316818237305,15,1.473542912802993,-0.2910886930129303,1.5390532182249093,0.006803393363952637,-0.0013439655303955078,1,1,0.0,0.0,0.0,0.0,0.0,0.0,0.0,0.0,0.0,0.0,0.0,0.0,0.0,0.0,0.0
clip,49,EV00050,NEG,NEG,1,5,-0.005749106407165527,-1.0,0.005749106407165527,0.004617031037807464,0.9387862089489325,-0.6672170344669385,0.7537956270133508,0.004334405064582825,-0.0030805617570877075,1,0.203431595906411,-0.9669907513500323,0.1633448019675173,0.0009392499923706055,-0.004464626312255859,1,0.203431595906411,-0.9669907513500323,0.1633448019675173,0.0009392499923706055,-0.004464626312255859,2,1.9819282565518486,-0.40200913164904417,1.5913834679310312,0.00915062427520752,-0.001856088638305664,3,1.3663533874310594,-0.332877503518645,1.0971094361873375,0.006308495998382568,-0.0015369057655334473,1,1,0.20833333333333331,0.0,0.0,0.5,0.3333333333333333,0.5,0.0,0.0,1.0,1.0,0.29166666666666663,0.0,0.0,0.6666666666666666,0.5
clip,50,EV00051,POS,POS,1,24,0.003563523292541504,1.0,0.003563523292541504,0.004617031037807464,-0.6157685151379612,1.1792848799756812,-0.797588376668878,-0.002843022346496582,0.0054447948932647705,3,-0.5592496975926973,1.1746438304307927,-0.7243810742021844,-0.002582073211669922,0.005423367023468018,5,-0.40135073519065945,1.7986874853692367,-0.5198587999970385,-0.0018530488014221191,0.008304595947265625,8,-0.8537078313044202,1.1494956676673906,-1.1057847658337085,-0.003941595554351807,0.005307257175445557,12,-0.6487657964640676,0.594312536435305,-0.8403288666425802,-0.0029953718185424805,0.002743959426879883,4,1,0.18541666666666667,0.3333333333333333,0.2,0.125,0.08333333333333333,0.25,0.25,0.25,0.25,0.25,0.19990079365079366,0.28571428571428575,0.22222222222222224,0.16666666666666666,0.125
clip,51,EV00052,NEG,NEG,1,26,-0.011526226997375488,-1.0,0.011526226997375488,0.004617031037807464,2.2673979876331716,0.959935581457733,0.9081669760080229,0.010468646883964539,0.004432052373886108,3,1.7239401227408497,0.2828135532124474,0.6904943448956392,0.007959485054016113,0.0013057589530944824,6,1.964241920316807,1.1535493242935242,0.7867430661277037,0.009068965911865234,0.005325973033905029,8,2.5004864710694723,1.7659483987326927,1.0015265292488755,0.01154482364654541,0.008153438568115234,13,2.880923436405557,0.6374310495922674,1.1539039637598731,0.013301312923431396,0.0029430389404296875,1,1,0.0,0.0,0.0,0.0,0.0,0.0,0.0,0.0,0.0,0.0,0.0,0.0,0.0,0.0,0.0
clip,52,EV00053,POS,POS,1,10,0.007655918598175049,1.0,0.007655918598175049,0.004617031037807464,1.5284318763703926,0.2167189401180288,0.921626281107171,0.007056817412376404,0.0010005980730056763,1,1.2337962338095954,1.0705268218646544,0.7439644855551365,0.005696475505828857,0.004942655563354492,2,1.4939532030129203,0.3637963175937722,0.900836050286144,0.006897628307342529,0.0016796588897705078,3,1.9652617893405795,-0.3058703389903919,1.1850295340693724,0.00907367467880249,-0.00141221284866333,5,1.420716279318475,-0.2615770399959195,0.8566750545180314,0.006559491157531738,-0.0012077093124389648,2,1,0.3916666666666666,0.0,0.5,0.6666666666666666,0.4,0.625,0.0,0.5,1.0,1.0,0.46785714285714286,0.0,0.5,0.8,0.5714285714285715
clip,53,EV00054,POS,POS,1,21,0.0043866634368896484,1.0,0.0043866634368896484,0.004617031037807464,0.46887510137853117,0.26866125679079467,0.49338581389788705,0.0021648108959198,0.0012404173612594604,3,0.07038387237477807,0.19164500832787607,0.07406322932230015,0.0003249645233154297,0.0008848309516906738,5,0.19714455521556049,0.4290033864428191,0.20745039893265693,0.0009102225303649902,0.001980721950531006,7,0.44632825011247285,0.2538053798400838,0.4696603131621209,0.00206071138381958,0.0011718273162841797,11,1.1616437278113132,0.20019125255239975,1.2223693141744703,0.005363345146179199,0.0009242892265319824,3,1,0.05844155844155844,0.0,0.0,0.14285714285714285,0.09090909090909091,0.16666666666666666,0.0,0.0,0.3333333333333333,0.3333333333333333,0.08571428571428572,0.0,0.0,0.2,0.14285714285714288
clip,54,EV00055,POS,POS,1,27,0.012218892574310303,1.0,0.012218892574310303,0.004617031037807464,1.702861753771679,1.0840336315624006,0.6433907272464578,0.007862165570259094,0.005005016922950745,3,1.8075822924246698,0.5709588267643634,0.6829571943259823,0.00834566354751587,0.002636134624481201,6,1.6479663353370404,1.4667523924674952,0.6226496405957463,0.0076087117195129395,0.006772041320800781,9,1.737030593501676,1.2787737487314088,0.6563007092777989,0.00801992416381836,0.005904138088226318,14,1.6188677938233298,1.0196495582863345,0.6116553647863034,0.007474362850189209,0.004707753658294678,2,1,0.04563492063492063,0.0,0.0,0.1111111111111111,0.07142857142857142,0.25,0.0,0.0,0.5,0.5,0.07670454545454544,0.0,0.0,0.1818181818181818,0.125
clip,55,EV00056,POS,POS,1,28,0.006776034832000732,1.0,0.006776034832000732,0.004617031037807464,0.6377699301223183,0.6080162195838426,0.43449733332501234,0.0029446035623550415,0.00280722975730896,3,0.30358531598776245,1.759932462465883,0.20682538326636926,0.001401662826538086,0.008125662803649902,6,0.5516071347816429,0.6636636300518325,0.375796690602374,0.0025467872619628906,0.0030641555786132812,9,0.6540846070690582,0.011786587578534917,0.4456121308289618,0.0030199289321899414,5.441904067993164e-05,14,1.04180266265081,-0.0033178017608800374,0.7097551286023445,0.004810035228729248,-1.531839370727539e-05,3,1,0.26190476190476186,0.0,0.5,0.3333333333333333,0.21428571428571427,0.75,0.0,1.0,1.0,1.0,0.3799019607843137,0.0,0.6666666666666666,0.5,0.35294117647058826
clip,56,EV00057,POS,POS,1,22,0.007546961307525635,1.0,0.007546961307525635,0.004617031037807464,1.5612322842457076,1.9446836725824364,0.954994020226699,0.0072082579135894775,0.008978664875030518,3,-0.07217832546723847,2.004094270650802,-0.04415093763225113,-0.000333249568939209,0.009252965450286865,5,3.1785444550644226,2.2298726169388603,1.944291684358692,0.014675438404083252,0.010295391082763672,7,1.712566646665615,2.746972031460455,1.0475641090111854,0.007906973361968994,0.012682855129241943,11,1.4259963607200312,0.7977957712796285,0.8722712251691697,0.006583869457244873,0.00368344783782959,5,1,0.4170995670995671,0.3333333333333333,0.4,0.5714285714285714,0.36363636363636365,0.55,0.2,0.4,0.8,0.8,0.4541666666666667,0.25,0.4000000000000001,0.6666666666666666,0.5000000000000001
clip,57,EV00058,NEG,NEG,1,12,-0.0004112720489501953,-1.0,0.0004112720489501953,0.004617031037807464,0.050661025525811226,-0.11775614304228506,0.5673523777695718,0.00023390352725982666,-0.0005436837673187256,2,0.19271651628956107,-0.19915847379414917,2.1582305651638323,0.0008897781372070312,-0.0009195208549499512,3,0.08364216968382009,-0.34214669287394406,0.9367079201297207,0.00038617849349975586,-0.0015797019004821777,4,-0.09860455194397558,-0.008856077851998854,-1.104271507015096,-0.0004552602767944336,-4.088878631591797e-05,6,0.024889968073839346,0.07913667235095186,0.27874253279983047,0.00011491775512695312,0.00036537647247314453,1,1,0.0,0.0,0.0,0.0,0.0,0.0,0.0,0.0,0.0,0.0,0.0,0.0,0.0,0.0,0.0
clip,58,EV00059,POS,NEG,0,8,-0.0001398921012878418,-1.0,0.0001398921012878418,0.004617031037807464,-0.5578296268001027,-0.36209868750989777,-18.28006451179873,-0.002575516700744629,-0.001671820878982544,1,-0.12185498373909211,-0.09182694134295605,-3.9931851174929,-0.0005626082420349121,-0.0004239678382873535,2,-0.8845491869726786,-0.5983532833269605,-28.9866572603431,-0.004083991050720215,-0.00276261568069458,3,-0.6648513256238207,-0.446341159846951,-21.78716321123894,-0.003069639205932617,-0.0020607709884643555,4,-0.5600630108648197,-0.3118733655227235,-18.35325245811998,-0.0025858283042907715,-0.0014399290084838867,2,1,0.14583333333333331,0.0,0.0,0.3333333333333333,0.25,0.25,0.0,0.0,0.5,0.5,0.18333333333333335,0.0,0.0,0.4,0.3333333333333333
clip,59,EV00060,NEG,NEG,1,28,-0.004845321178436279,-1.0,0.004845321178436279,0.004617031037807464,0.6458449690383902,-0.45582335982113925,0.6152886195264896,0.0029818862676620483,-0.00210455060005188,3,0.15139245622505912,-1.6351211495312987,0.14422974531509297,0.0006989836692810059,-0.007549405097961426,6,1.2444854939574892,-0.23503462590887922,1.1856061412662786,0.005745828151702881,-0.0010851621627807617,9,0.963647130120196,0.007371458387013623,0.9180548596439938,0.004449188709259033,3.403425216674805e-05,14,0.22385479585081652,0.03949087776860714,0.21326373188059283,0.0010335445404052734,0.00018233060836791992,4,1,0.17063492063492064,0.3333333333333333,0.16666666666666666,0.1111111111111111,0.07142857142857142,0.25,0.25,0.25,0.25,0.25,0.1876678876678877,0.28571428571428575,0.2,0.15384615384615383,0.11111111111111112
clip,60,EV00061,NEG,NEG,1,16,-0.013342618942260742,-1.0,0.013342618942260742,0.004617031037807464,2.2843613787374375,-0.12388503948577843,0.790412813258326,0.010546967387199402,-0.0005719810724258423,2,0.9765955938017629,0.013684318546820387,0.3379122401111387,0.00450897216796875,6.318092346191406e-05,4,2.686722300651011,-0.512529368516336,0.9296338801153995,0.012404680252075195,-0.002366364002227783,5,2.861081174512668,0.16020980487362357,0.9899638652431099,0.013209700584411621,0.0007396936416625977,8,2.6130464459843092,-0.1569049128472217,0.9041412675636563,0.012064516544342041,-0.0007244348526000977,2,1,0.26875,0.5,0.25,0.2,0.125,0.5,0.5,0.5,0.5,0.5,0.32976190476190476,0.5,0.3333333333333333,0.28571428571428575,0.2
clip,61,EV00062,POS,POS,1,25,0.007963895797729492,1.0,0.007963895797729492,0.004617031037807464,1.1717133207042565,0.9183049151993753,0.6792099867328028,0.005409836769104004,0.0042398422956466675,3,0.3701349972225352,0.8463621923863628,0.2145570781782705,0.0017089247703552246,0.003907680511474609,5,1.3068136920179125,0.8483244720270389,0.7575239563584035,0.006033599376678467,0.003916740417480469,8,1.2527864532269282,1.0684870838171094,0.7262058519261876,0.005784153938293457,0.0049332380294799805,13,1.75711814034965,0.9100459125669901,1.0185530604683493,0.008112668991088867,0.004201710224151611,3,1,0.253525641025641,0.3333333333333333,0.2,0.25,0.23076923076923078,0.5833333333333333,0.3333333333333333,0.3333333333333333,0.6666666666666666,1.0,0.3304924242424242,0.3333333333333333,0.25,0.36363636363636365,0.375
clip,62,EV00063,NEG,NEG,1,34,-0.004222869873046875,-1.0,0.004222869873046875,0.004617031037807464,1.1109794748518824,0.8151206349492823,1.2143903273369743,0.005129426717758179,0.003763437271118164,4,0.5103476233895317,-0.1517797482594031,0.5578511857802663,0.002356290817260742,-0.0007007718086242676,7,1.1850878056236018,0.4288226501601253,1.2953967204355177,0.005471587181091309,0.0019798874855041504,11,1.3721498582117408,1.4025264634387864,1.4998706575486427,0.006335258483886719,0.006475508213043213,17,1.3763326121826558,1.5809131744576206,1.5044427455834704,0.006354570388793945,0.0072991251945495605,2,1,0.11058059587471353,0.0,0.14285714285714285,0.18181818181818182,0.11764705882352941,0.625,0.0,0.5,1.0,1.0,0.1851102114260009,0.0,0.22222222222222224,0.3076923076923077,0.21052631578947367
clip,63,EV00064,NEG,NEG,1,18,-0.007960915565490723,-1.0,0.007960915565490723,0.004617031037807464,1.0147761335208396,1.482018153487887,0.5884579993788466,0.004685252904891968,0.006842523813247681,2,0.30536685934574476,1.676096646764891,0.1770790277691413,0.0014098882675170898,0.007738590240478516,4,0.39849768387099216,1.7228944342481212,0.231084612715729,0.0018398761749267578,0.007954657077789307,6,1.137734899557812,1.3394107715751968,0.6597604936710249,0.005252957344055176,0.006184101104736328,9,2.2175050913088095,1.1896707613633388,1.285907863359491,0.010238289833068848,0.005492746829986572,2,1,0.0,0.0,0.0,0.0,0.0,0.0,0.0,0.0,0.0,0.0,0.0,0.0,0.0,0.0,0.0
clip,64,EV00065,NEG,NEG,1,11,-0.009553730487823486,-1.0,0.009553730487823486,0.004617031037807464,1.508825217131729,0.11605205809117157,0.7290936010180087,0.006966292858123779,0.000535815954208374,2,0.6085519735646852,-0.20793709323927922,0.2940641134407522,0.0028097033500671387,-0.0009600520133972168,3,0.8986982559607117,0.18742352515352675,0.434268423026889,0.004149317741394043,0.0008653402328491211,4,2.133243254370039,0.7352351979985987,1.0308245040686101,0.009849250316619873,0.003394603729248047,6,2.39480738463148,-0.25051339754816,1.1572173635357832,0.011056900024414062,-0.001156628131866455,3,1,0.7291666666666666,1.0,0.6666666666666666,0.75,0.5,0.8333333333333333,0.6666666666666666,0.6666666666666666,1.0,1.0,0.7476190476190476,0.8,0.6666666666666666,0.8571428571428571,0.6666666666666666
clip,65,EV00066,NEG,NEG,1,11,-0.005703926086425781,-1.0,0.005703926086425781,0.004617031037807464,0.4626945659971253,1.1418724694580533,0.3744614986891072,0.0021362751722335815,0.0052720606327056885,2,0.2990152699825036,1.0811515333401576,0.24199485871911447,0.0013805627822875977,0.004991710186004639,3,-0.13539729520665303,1.080802970509248,-0.10957784639694641,-0.0006251335144042969,0.004990100860595703,4,1.0839658554563902,1.02935767861389,0.877260094652899,0.005004703998565674,0.0047525763511657715,6,0.6031944337562601,1.3761776953689182,0.4881688877813619,0.0027849674224853516,0.006353855133056641,1,1,0.3125,0.5,0.3333333333333333,0.25,0.16666666666666666,1.0,1.0,1.0,1.0,1.0,0.463095238095238,0.6666666666666666,0.5,0.4,0.2857142857142857
clip,66,EV00067,NEG,NEG,1,13,-0.00160980224609375,-1.0,0.00160980224609375,0.004617031037807464,-0.33185440706125297,0.15703723762562255,-0.9511919300774451,-0.0015321820974349976,0.0007250458002090454,2,-0.3820377724113733,-1.1621859366593947,-1.0950321537703367,-0.0017638802528381348,-0.005365848541259766,3,-0.423826582917088,0.5027050605784772,-1.214811124532158,-0.0019568204879760742,0.002321004867553711,4,-0.3594328273401634,0.8716007232911117,-1.030239760256605,-0.0016595125198364258,0.004024207592010498,7,-0.1621204455763872,0.41602910329229603,-0.46468468175068045,-0.0007485151290893555,0.0019208192825317383,1,1,0.0,0.0,0.0,0.0,0.0,0.0,0.0,0.0,0.0,0.0,0.0,0.0,0.0,0.0,0.0
clip,67,EV00068,POS,POS,1,7,0.008760631084442139,1.0,0.008760631084442139,0.004617031037807464,1.7642055845781448,1.5302682860999068,0.9296661617645801,0.008145391941070557,0.007065296173095703,1,2.562466106298986,0.9794486451214302,1.350317701360437,0.01183098554611206,0.004522144794464111,2,1.798442200414152,1.8438844657771782,0.9477074963540972,0.008303463459014893,0.008513271808624268,3,1.4798686826972778,0.8751509002725981,0.7798319255903271,0.006832599639892578,0.0040405988693237305,4,1.2160453489021634,2.422589133228421,0.6408075237534585,0.005614519119262695,0.011185169219970703,1,1,0.5208333333333333,1.0,0.5,0.3333333333333333,0.25,1.0,1.0,1.0,1.0,1.0,0.6416666666666666,1.0,0.6666666666666666,0.5,0.4
clip,68,EV00069,NEG,NEG,1,13,-0.001629650592803955,-1.0,0.001629650592803955,0.004617031037807464,0.24450391614858935,-0.1689755145842755,0.6922894301852627,0.0011288821697235107,-0.0007801651954650879,2,0.7922316757195534,-0.5984823806717418,2.243128142885452,0.0036577582359313965,-0.002763211727142334,3,0.48979532610034476,-0.2767847072111595,1.3868085736808715,0.0022614002227783203,-0.001277923583984375,4,0.10771882448553709,-0.14674495181293146,0.3049955387135791,0.0004973411560058594,-0.0006775259971618652,7,-0.4117301617110779,0.3461099813587307,-1.1657745345388517,-0.0019009709358215332,0.0015980005264282227,3,1,0.306547619047619,0.5,0.3333333333333333,0.25,0.14285714285714285,0.3333333333333333,0.3333333333333333,0.3333333333333333,0.3333333333333333,0.3333333333333333,0.3047619047619048,0.4,0.3333333333333333,0.28571428571428575,0.2
clip,69,EV00070,NEG,POS,0,16,0.0008651614189147949,1.0,0.0008651614189147949,0.004617031037807464,0.4007988440417193,0.3356498689978239,2.136438615768,0.0018505007028579712,0.0015497058629989624,2,0.4882848871664033,-0.03774806361405925,2.6027786854835306,0.0022544264793395996,-0.0001742839813232422,4,0.27305379394697926,0.5819837400086886,1.4554998804077455,0.0012606978416442871,0.0026870369911193848,5,0.3472589477272845,0.24815091613866178,1.8510468196817145,0.0016033053398132324,0.0011457204818725586,8,0.49459774732621004,0.5502128834580046,2.636429077499009,0.0022835731506347656,0.0025403499603271484,3,1,0.4125,0.5,0.5,0.4,0.25,0.5833333333333333,0.3333333333333333,0.6666666666666666,0.6666666666666666,0.6666666666666666,0.4587662337662338,0.4,0.5714285714285715,0.5,0.36363636363636365
clip,70,EV00071,NEG,POS,0,26,0.0030500292778015137,1.0,0.0030500292778015137,0.004617031037807464,-0.1996329065362205,1.0097026078709335,-0.3020984860261997,-0.0009217113256454468,0.004661828279495239,3,-0.05428543348054691,0.47445856154032345,-0.08214851725746793,-0.0002506375312805176,0.0021905899047851562,6,-0.1990551959183241,1.0989024182475895,-0.3012242538865394,-0.000919044017791748,0.005073666572570801,8,0.1744621517374818,0.8892354205882406,0.2640083382205521,0.0008054971694946289,0.004105627536773682,13,-0.7196531484834929,1.5762140311075803,-1.0890295111813435,-0.0033226609230041504,0.007277429103851318,5,1,0.4014423076923077,0.6666666666666666,0.3333333333333333,0.375,0.23076923076923078,0.5,0.4,0.4,0.6,0.6,0.4146270396270396,0.5,0.3636363636363636,0.4615384615384615,0.33333333333333337
clip,71,EV00072,POS,POS,1,23,0.0024470090866088867,1.0,0.0024470090866088867,0.004617031037807464,1.0480445192709869,0.6193090098185889,1.9766487391520222,0.004838854074478149,0.002859368920326233,3,1.2457248284673899,-0.6700281291495518,2.349480738884296,0.005751550197601318,-0.003093540668487549,5,0.5141559950605807,0.7074405396671796,0.9697162483812101,0.0023738741874694824,0.003266274929046631,7,1.326927058334843,0.9257054204889648,2.502630993794729,0.006126463413238525,0.00427401065826416,12,1.1053701952211339,1.5141182082677633,2.0847669755478533,0.0051035284996032715,0.0069907307624816895,6,1,0.14821428571428572,0.0,0.2,0.14285714285714285,0.25,0.20833333333333331,0.0,0.16666666666666666,0.16666666666666666,0.5,0.16724941724941722,0.0,0.1818181818181818,0.15384615384615383,0.3333333333333333
clip,72,EV00073,NEG,POS,0,17,0.0009128451347351074,1.0,0.0009128451347351074,0.004617031037807464,0.4531768642531221,0.6747046804642552,2.2895910568910787,0.002092331647872925,0.003115132451057434,2,0.7280315661598008,0.5183387490314956,3.678242855051932,0.003361344337463379,0.002393186092376709,4,0.38523938656195017,1.5743937585461636,1.9463497009895503,0.0017786622047424316,0.007269024848937988,6,0.27309252315041366,0.3263193584037537,1.3797487207108659,0.0012608766555786133,0.0015066266059875488,9,0.42634398114032385,0.2797668558756081,2.154022950811967,0.0019684433937072754,0.0012916922569274902,3,1,0.0,0.0,0.0,0.0,0.0,0.0,0.0,0.0,0.0,0.0,0.0,0.0,0.0,0.0,0.0
clip,73,EV00074,NEG,NEG,1,15,-0.0019133687019348145,-1.0,0.0019133687019348145,0.004617031037807464,0.8073167004572512,0.38391291134432204,1.9470681168075017,0.0037274062633514404,0.0017725378274917603,2,0.9708120327555595,0.9269834842022999,2.3413824529095333,0.004482269287109375,0.004279911518096924,3,0.7707498775479411,0.7245459378507051,1.8588770822614078,0.0035585761070251465,0.0033452510833740234,5,0.5820095594776448,-0.2275469799115624,1.4036774617622405,0.0026871562004089355,-0.0010505914688110352,8,0.9056953320478595,0.1116692032358456,2.184335470296825,0.004181623458862305,0.0005155801773071289,3,1,0.3208333333333333,0.5,0.3333333333333333,0.2,0.25,0.41666666666666663,0.3333333333333333,0.3333333333333333,0.3333333333333333,0.6666666666666666,0.3367424242424243,0.4,0.3333333333333333,0.25,0.36363636363636365
clip,74,EV00075,NEG,POS,0,23,0.002097606658935547,1.0,0.002097606658935547,0.004617031037807464,0.005848109718593996,0.8768549852237116,0.012866109982204742,2.7000904083251953e-05,0.004048466682434082,3,-0.21428868260252038,1.5477867957867326,-0.4714449439174752,-0.000989377498626709,0.007146179676055908,5,0.36073671052245476,1.1319384287771306,0.7936373316396175,0.0016655325889587402,0.005226194858551025,7,-0.034843373356479454,0.5557124303456891,-0.07665702172620432,-0.0001608729362487793,0.002565741539001465,12,-0.08821221568907897,0.2719822859852942,-0.19407092606711898,-0.00040727853775024414,0.0012557506561279297,0,0,NA,NA,NA,NA,NA,NA,NA,NA,NA,NA,NA,NA,NA,NA,NA
clip,75,EV00076,NEG,NEG,1,14,-0.0014246106147766113,-1.0,0.0014246106147766113,0.004617031037807464,0.6660712955320042,0.18134949508156545,2.1571611581650414,0.0030752718448638916,0.0008372962474822998,2,0.4487940093977962,-0.2629196523816453,1.4534795472860382,0.0020720958709716797,-0.0012139081954956055,3,-0.17393285262387836,0.6188023027403222,-0.5633048538886433,-0.0008030533790588379,0.002857029438018799,5,1.0497034201514268,0.3431536521632384,3.399605208531097,0.004846513271331787,0.0015843510627746582,7,1.3397206052026722,0.026361677804346444,4.338864730731674,0.0061855316162109375,0.00012171268463134766,3,1,0.6238095238095237,1.0,0.6666666666666666,0.4,0.42857142857142855,0.75,0.6666666666666666,0.6666666666666666,0.6666666666666666,1.0,0.6416666666666667,0.8,0.6666666666666666,0.5,0.6
clip,76,EV00077,POS,POS,1,17,0.005233049392700195,1.0,0.005233049392700195,0.004617031037807464,-0.05112900340064353,0.8308382366764085,-0.04510163697770364,-0.00023606419563293457,0.003836005926132202,2,-1.3892810758642224,1.286674506232026,-1.2255050279902993,-0.006414353847503662,0.005940616130828857,4,-0.2910112346060615,1.011710071582283,-0.25670523942719253,-0.0013436079025268555,0.0046710968017578125,6,0.04987030428902562,0.3984718644020359,0.04399132019817429,0.00023025274276733398,0.001839756965637207,9,1.4259059925786843,0.6264965044892892,1.2578123993085029,0.006583452224731445,0.0028925538063049316,4,1,0.26388888888888884,0.0,0.5,0.3333333333333333,0.2222222222222222,0.375,0.0,0.5,0.5,0.5,0.3019230769230769,0.0,0.5,0.4,0.30769230769230765
clip,77,EV00078,NEG,POS,0,12,0.0011563301086425781,1.0,0.0011563301086425781,0.004617031037807464,0.6025328098642558,1.4147907111930123,2.4037330953944442,0.002781912684440613,0.006532132625579834,2,0.020797582244271362,2.3585439404824062,0.08296948469246937,9.60230827331543e-05,0.01088947057723999,3,-0.0012909734478132441,0.8617764153532529,-0.005150185269551172,-5.9604644775390625e-06,0.003978848457336426,4,1.0713401351367768,1.1436475579487966,4.273984249642431,0.004946410655975342,0.005280256271362305,6,1.3192844955237886,1.2951949309875934,5.263128832512429,0.006091177463531494,0.005979955196380615,3,1,0.3125,0.5,0.3333333333333333,0.25,0.16666666666666666,0.3333333333333333,0.3333333333333333,0.3333333333333333,0.3333333333333333,0.3333333333333333,0.3103174603174603,0.4,0.3333333333333333,0.28571428571428575,0.2222222222222222
clip,78,EV00079,POS,NEG,0,8,-0.0018876194953918457,-1.0,0.0018876194953918457,0.004617031037807464,-0.30798108057756657,-0.043370252979285935,-0.7529087841958777,-0.0014219582080841064,-0.0002002418041229248,1,0.4459409580781289,0.13408050228988352,1.0901736689153145,0.0020589232444763184,0.000619053840637207,2,-0.22175050913088093,0.12106748993592603,-0.5421044237894322,-0.0010238289833068848,0.0005589723587036133,3,-0.7259143697053871,-0.15367747922768857,-1.7746132473470206,-0.003351569175720215,-0.00070953369140625,4,-0.7302004015521271,-0.2749515249152647,-1.7850911345623721,-0.0033713579177856445,-0.0012694597244262695,1,1,0.2708333333333333,0.0,0.5,0.3333333333333333,0.25,0.75,0.0,1.0,1.0,1.0,0.3916666666666666,0.0,0.6666666666666666,0.5,0.4
clip,79,EV00080,NEG,POS,0,20,0.0014858841896057129,1.0,0.0014858841896057129,0.004617031037807464,-0.6003252452684952,1.692169266190166,-1.8641130960703918,-0.002771720290184021,0.007812798023223877,2,-0.7723506846232295,1.4061411890926636,-2.398281660337586,-0.003565967082977295,0.006492197513580322,4,-0.6403357398498472,1.2524508001304968,-1.9883525604560583,-0.0029564499855041504,0.005782604217529297,6,-0.45659148902258817,0.9070250346991071,-1.4177950718374603,-0.0021080970764160156,0.00418776273727417,10,-0.532023067578316,3.203060040838396,-1.652023091650463,-0.002456367015838623,0.014788627624511719,3,1,0.575,1.0,0.5,0.5,0.3,0.8333333333333333,0.6666666666666666,0.6666666666666666,1.0,1.0,0.6249084249084249,0.8,0.5714285714285715,0.6666666666666666,0.4615384615384615
clip,80,EV00081,POS,NEG,0,10,-0.001348733901977539,-1.0,0.001348733901977539,0.004617031037807464,-0.3447028203006143,0.7712017182546758,-1.1791239871918022,-0.001591503620147705,0.003560662269592285,1,-1.0164092149323234,1.5194111994037975,-3.4768281996773522,-0.004692792892456055,0.0070151686668396,2,-1.0090635760142659,0.9607295301281381,-3.4517009928793994,-0.004658877849578857,0.004435718059539795,3,0.36813398837842465,0.42890010856699406,1.2592749192450259,0.001699686050415039,0.0019802451133728027,5,0.2785275213657074,0.17576603491977316,0.9527583245445165,0.0012859702110290527,0.0008115172386169434,2,1,0.0,0.0,0.0,0.0,0.0,0.0,0.0,0.0,0.0,0.0,0.0,0.0,0.0,0.0,0.0
clip,81,EV00082,NEG,NEG,1,12,-0.00027936697006225586,-1.0,0.00027936697006225586,0.004617031037807464,1.4757795243013294,-0.542357310028061,24.302862306308683,0.006813719868659973,-0.0025040805339813232,2,1.3523334157878075,-1.1033950058459796,22.269974786152794,0.006243765354156494,-0.005094408988952637,3,1.527363595842327,-0.19954576582849312,25.152339187655947,0.00705188512802124,-0.0009213089942932129,4,1.791432214592526,-0.5368771277420938,29.50097201202141,0.008271098136901855,-0.00247877836227417,6,1.231988870982657,-0.3296113406956775,20.288163239404575,0.005688130855560303,-0.0015218257904052734,1,1,0.3125,0.5,0.3333333333333333,0.25,0.16666666666666666,1.0,1.0,1.0,1.0,1.0,0.463095238095238,0.6666666666666666,0.5,0.4,0.2857142857142857
clip,82,EV00083,POS,NEG,0,31,-0.0005322694778442383,-1.0,0.0005322694778442383,0.004617031037807464,1.010680520257652,-1.0372132520438337,8.750441428226573,0.004666343331336975,-0.004788845777511597,4,0.9380858558534938,-0.383767676831443,8.121919015715434,0.00433117151260376,-0.0017718672752380371,7,1.7812077048858452,-1.6272978504375504,15.42164252768625,0.008223891258239746,-0.007513284683227539,10,0.6957959591679042,-1.3219180813573275,6.0241804058351995,0.0032125115394592285,-0.006103336811065674,16,0.6276325611233649,-0.8158693995490139,5.434023763669405,0.002897799015045166,-0.0037668943405151367,4,1,0.2558035714285714,0.25,0.2857142857142857,0.3,0.1875,0.5625,0.25,0.5,0.75,0.75,0.33555194805194805,0.25,0.36363636363636365,0.4285714285714285,0.3
clip,83,EV00084,NEG,NEG,1,21,-0.0013319849967956543,-1.0,0.0013319849967956543,0.004617031037807464,-0.9095069311525281,-0.7493132634470021,-3.150239305263521,-0.004199221730232239,-0.0034596025943756104,3,-0.36578441670340456,-2.361448630739986,-1.2669595000136493,-0.001688838005065918,-0.010902881622314453,5,-1.0491870307723015,0.10966819439173509,-3.6340462174634465,-0.0048441290855407715,0.0005063414573669434,7,-1.6822287706420038,-1.0678157776242467,-5.8266990741963225,-0.007766902446746826,-0.00493013858795166,11,-0.5408275064924023,0.3223431601844889,-1.8732524293806667,-0.0024970173835754395,0.0014882683753967285,1,1,0.0,0.0,0.0,0.0,0.0,0.0,0.0,0.0,0.0,0.0,0.0,0.0,0.0,0.0,0.0
clip,84,EV00085,NEG,POS,0,29,0.0007299184799194336,1.0,0.0007299184799194336,0.004617031037807464,0.6546494079524765,0.09811720946742608,4.135258196963398,0.0030225366353988647,0.0004530102014541626,3,0.7657021713669913,0.8532947198011199,4.836751003077181,0.0035352706909179688,0.003939688205718994,6,0.876119130358458,0.19235504372417336,5.534227590096993,0.004045069217681885,0.0008881092071533203,9,0.9672231265706387,-0.3647387282106758,6.1097089737750965,0.004465699195861816,-0.0016840100288391113,15,0.009553203513818005,-0.2884421974449131,0.06034522090432145,4.410743713378906e-05,-0.0013317465782165527,2,1,0.016666666666666666,0.0,0.0,0.0,0.06666666666666667,0.125,0.0,0.0,0.0,0.5,0.029411764705882353,0.0,0.0,0.0,0.11764705882352941
clip,85,EV00086,NEG,NEG,1,21,-0.0021216273307800293,-1.0,0.0021216273307800293,0.004617031037807464,0.67868087868352,-0.3249444716818326,1.4762321375070346,0.0031334906816482544,-0.0015002787113189697,3,0.6781225326673408,0.4152674289580862,1.4750176516436173,0.0031309127807617188,0.0019173026084899902,5,0.840242978243728,-0.7353126564054675,1.8276538013036185,0.0038794279098510742,-0.0033949613571166992,7,0.47892532966975726,-0.6028329611908725,1.0417340245331046,0.0022112131118774414,-0.0027832984924316406,11,0.7174326741532541,-0.3768996980890766,1.5605230725477983,0.003312408924102783,-0.0017401576042175293,0,0,NA,NA,NA,NA,NA,NA,NA,NA,NA,NA,NA,NA,NA,NA,NA
clip,86,EV00087,POS,POS,1,18,0.008809208869934082,1.0,0.008809208869934082,0.004617031037807464,0.7364519404731628,0.8667176162247581,0.3859410732725986,0.0034002214670181274,0.0040016621351242065,2,0.5035183738505996,0.4827853402787189,0.2638711515805362,0.0023247599601745605,0.002229034900665283,4,0.9335158098482349,1.201573536552177,0.4892133128718343,0.0043100714683532715,0.005547702312469482,6,1.1405879508774792,1.1741016215827111,0.5977304338971863,0.005266129970550537,0.005420863628387451,9,0.3681856273163372,0.6084099664854257,0.1929493947408377,0.0016999244689941406,0.0028090476989746094,1,1,0.2569444444444444,0.5,0.25,0.16666666666666666,0.1111111111111111,1.0,1.0,1.0,1.0,1.0,0.3880952380952381,0.6666666666666666,0.4,0.2857142857142857,0.19999999999999998
clip,87,EV00088,POS,POS,1,10,0.004353702068328857,1.0,0.004353702068328857,0.004617031037807464,0.9863488981999919,-0.121357958961684,1.0457669447049411,0.004554003477096558,-0.0005603134632110596,1,0.6147228266452324,0.17869654464630924,0.6517539720826295,0.0028381943702697754,0.000825047492980957,2,1.2686912461039874,-0.4387760554427654,1.3451177069628144,0.005857586860656738,-0.0020258426666259766,3,1.3079110194485537,0.3150491602043441,1.386700094916424,0.006038665771484375,0.0014545917510986328,5,0.7540705006021939,-0.540401485254624,0.7994960048578968,0.003481566905975342,-0.0024950504302978516,1,1,0.05,0.0,0.0,0.0,0.2,0.25,0.0,0.0,0.0,1.0,0.08333333333333334,0.0,0.0,0.0,0.33333333333333337
clip,88,EV00089,POS,POS,1,19,0.011433184146881104,1.0,0.011433184146881104,0.004617031037807464,1.7793325659528967,0.059500966209712416,0.7184800925063801,0.00821523368358612,0.0002747178077697754,2,1.87152420729486,0.6040852054352512,0.7557063313035193,0.008640885353088379,0.0027890801429748535,4,2.0273705219148748,-0.4797257332074015,0.8186358121029681,0.009360432624816895,-0.0022149085998535156,6,1.9884476724633053,0.2812772948095496,0.8029190804420719,0.009180724620819092,0.001298666000366211,10,1.2299878621385463,-0.16763290219854973,0.4966591461769615,0.005678892135620117,-0.0007739663124084473,3,1,0.12916666666666665,0.0,0.25,0.16666666666666666,0.1,0.25,0.0,0.3333333333333333,0.3333333333333333,0.3333333333333333,0.16544566544566544,0.0,0.28571428571428575,0.2222222222222222,0.15384615384615383
clip,89,EV00090,NEG,NEG,1,27,-0.002529442310333252,-1.0,0.002529442310333252,0.004617031037807464,-0.3858235520470856,-0.09563531301400512,-0.7039715181983018,-0.001781359314918518,-0.00044155120849609375,3,-0.7715373713511071,0.2634231320262924,-1.40774281864079,-0.0035622119903564453,0.0012162327766418457,6,-0.14384026155535165,-0.7207762953830904,-0.2624501453265458,-0.0006641149520874023,-0.0033278465270996094,9,-0.21521818348494592,-0.2759455744700809,-0.39268590672579834,-0.0009936690330505371,-0.0012740492820739746,14,-0.41269839179693785,0.3507574857708584,-0.7530072021000733,-0.0019054412841796875,0.0016194581985473633,6,1,0.363095238095238,0.3333333333333333,0.5,0.3333333333333333,0.2857142857142857,0.45833333333333326,0.16666666666666666,0.5,0.5,0.6666666666666666,0.38055555555555554,0.2222222222222222,0.5,0.4,0.4
clip,90,EV00091,POS,POS,1,25,0.006358504295349121,1.0,0.006358504295349121,0.004617031037807464,0.5496803569107817,1.0060104238101877,0.3990706116176685,0.0025378912687301636,0.0046447813510894775,3,0.3712194149186983,0.9618268575587793,0.26950710006907336,0.0017139315605163574,0.004440784454345703,5,0.24928697277273743,1.7074673015467527,0.1809835542456549,0.001150965690612793,0.007883429527282715,8,0.9167460647611408,1.1618631932974415,0.6655621001601474,0.004232645034790039,0.005364358425140381,13,0.6614689751905499,0.19288434283777678,0.4802296919957983,0.003054022789001465,0.0008905529975891113,3,1,0.019230769230769232,0.0,0.0,0.0,0.07692307692307693,0.08333333333333333,0.0,0.0,0.0,0.3333333333333333,0.03125,0.0,0.0,0.0,0.125
clip,91,EV00092,POS,NEG,0,4,-0.002913177013397217,-1.0,0.002913177013397217,0.004617031037807464,1.1496828588173236,0.4100389864944426,1.8214821606209946,0.0053081214427948,0.001893162727355957,1,1.100025565147187,0.5958100656347683,1.742808399530117,0.00507885217666626,0.002750873565673828,1,1.100025565147187,0.5958100656347683,1.742808399530117,0.00507885217666626,0.002750873565673828,2,1.19934015248746,0.22426790735411675,1.9001559217118722,0.00553739070892334,0.001035451889038086,2,1.19934015248746,0.22426790735411675,1.9001559217118722,0.00553739070892334,0.001035451889038086,2,1,1.0,1.0,1.0,1.0,1.0,0.75,0.5,0.5,1.0,1.0,0.8333333333333333,0.6666666666666666,0.6666666666666666,1.0,1.0
clip,92,EV00093,NEG,NEG,1,6,-0.005051076412200928,-1.0,0.005051076412200928,0.004617031037807464,0.8541951737809697,0.2741220744750447,0.7806385549053777,0.003943845629692078,0.0012656301259994507,1,0.23623523121534554,0.2540119355917339,0.21589249760965298,0.001090705394744873,0.001172780990600586,2,0.81762512343804,0.2783726045519698,0.7472176317618319,0.00377500057220459,0.001285254955291748,2,0.81762512343804,0.2783726045519698,0.7472176317618319,0.00377500057220459,0.001285254955291748,3,1.5452952170324532,0.2857311532045053,1.412226458488194,0.007134675979614258,0.0013192296028137207,2,1,0.6666666666666666,1.0,0.5,0.5,0.6666666666666666,0.625,0.5,0.5,0.5,1.0,0.6166666666666667,0.6666666666666666,0.5,0.5,0.8
clip,93,EV00094,NEG,POS,0,24,0.0015239119529724121,1.0,0.0015239119529724121,0.004617031037807464,0.13697228281298518,1.8994802373072557,0.4147159315225957,0.0006324052810668945,0.008769959211349487,3,-0.3000996876786667,2.607766364582753,-0.90862267145846,-0.0013855695724487305,0.012040138244628906,5,0.0670918900828543,2.167686425957696,0.2031365406336409,0.0003097653388977051,0.010008275508880615,8,0.24910623649004357,1.2421875612203814,0.7542279561413767,0.0011501312255859375,0.005735218524932861,12,0.5317906923577096,1.580280597468192,1.6101219007738252,0.002455294132232666,0.007296204566955566,4,1,0.18541666666666667,0.3333333333333333,0.2,0.125,0.08333333333333333,0.25,0.25,0.25,0.25,0.25,0.19990079365079366,0.28571428571428575,0.22222222222222224,0.16666666666666666,0.125
clip,94,EV00095,NEG,NEG,1,6,-0.005890250205993652,-1.0,0.005890250205993652,0.004617031037807464,1.7190699254089743,-0.6063573187034026,1.3472520983236524,0.007936999201774597,-0.0027995705604553223,1,1.714012536927166,0.5084886216246806,1.343288572964128,0.007913649082183838,0.002347707748413086,2,1.8580722639686458,-1.0305711936548345,1.4561896054770391,0.008578777313232422,-0.004758179187774658,2,1.8580722639686458,-1.0305711936548345,1.4561896054770391,0.008578777313232422,-0.004758179187774658,3,1.4461226367714397,-0.8727755091286218,1.1333406093764031,0.006676793098449707,-0.004029631614685059,3,1,0.9166666666666666,1.0,1.0,1.0,0.6666666666666666,0.5833333333333333,0.3333333333333333,0.6666666666666666,0.6666666666666666,0.6666666666666666,0.6916666666666667,0.5,0.8,0.8,0.6666666666666666
clip,95,EV00096,NEG,POS,0,32,0.010159552097320557,1.0,0.010159552097320557,0.004617031037807464,2.3844279581110617,0.8357729826806747,1.0835019381395457,0.011008977890014648,0.003858789801597595,4,1.5901436346094853,0.6236047239661875,0.7225731874845718,0.007341742515563965,0.002879202365875244,7,1.9948121715610247,1.5359614790047633,0.9064576041219415,0.00921010971069336,0.00709158182144165,10,3.132598710056749,1.1093463934403986,1.4234763362063525,0.014463305473327637,0.005121886730194092,16,2.8201573162169877,0.074179334311349,1.281500624745317,0.013020753860473633,0.00034248828887939453,7,1,0.2558035714285714,0.25,0.2857142857142857,0.3,0.1875,0.3214285714285714,0.14285714285714285,0.2857142857142857,0.42857142857142855,0.42857142857142855,0.2703358023051118,0.18181818181818182,0.2857142857142857,0.3529411764705882,0.26086956521739124
clip,96,EV00097,NEG,POS,0,5,0.0009455680847167969,1.0,0.0009455680847167969,0.004617031037807464,-2.1041931243606213,1.5477383842824397,-10.263524749644093,-0.00971512496471405,0.0071459561586380005,1,-2.6153831079248513,1.7736813296850942,-12.75693231159298,-0.012075304985046387,0.008189141750335693,1,-2.6153831079248513,1.7736813296850942,-12.75693231159298,-0.012075304985046387,0.008189141750335693,2,-1.845201258693948,1.2756108637842665,-9.000252195213466,-0.008519351482391357,0.005889534950256348,3,-1.3408050228988353,1.367980013975304,-6.539982180176943,-0.00619053840637207,0.006316006183624268,1,1,0.7083333333333334,1.0,1.0,0.5,0.3333333333333333,1.0,1.0,1.0,1.0,1.0,0.7916666666666666,1.0,1.0,0.6666666666666666,0.5
clip,97,EV00098,POS,POS,1,26,0.0059931278228759766,1.0,0.0059931278228759766,0.004617031037807464,1.2539935134006337,0.7584759474928566,0.9658998178991203,0.005789726972579956,0.003501906991004944,3,0.8486213959200359,0.31309979029814605,0.653658286924952,0.003918111324310303,0.0014455914497375488,6,1.1380060039818527,1.3866603997651616,0.8765593922677636,0.005254209041595459,0.006402254104614258,8,1.2562075328636333,1.138896775660844,0.9676051863665672,0.0057999491691589355,0.005258321762084961,13,1.7731391208370126,0.19524682424727502,1.3657764060371982,0.008186638355255127,0.0009014606475830078,1,1,0.019230769230769232,0.0,0.0,0.0,0.07692307692307693,0.25,0.0,0.0,0.0,1.0,0.03571428571428572,0.0,0.0,0.0,0.14285714285714288
clip,98,EV00099,POS,NEG,0,42,-0.0013526082038879395,-1.0,0.0013526082038879395,0.004617031037807464,0.5751448081688979,-0.09220777851006096,1.9617651717257605,0.0026554614305496216,-0.00042572617530822754,5,1.3518686653465948,-0.3727556733215961,4.6110976344683134,0.00624161958694458,-0.001721024513244629,9,0.6255799133413418,-0.03902612732739437,2.1337946004093467,0.002888321876525879,-0.00018018484115600586,13,0.14043209165312467,0.4393053545563688,0.4790007359621295,0.0006483793258666992,0.0020282864570617676,21,0.1826985623345303,-0.3963546679476222,0.6231677160632522,0.0008435249328613281,-0.001829981803894043,4,1,0.16086691086691085,0.0,0.2222222222222222,0.23076923076923078,0.19047619047619047,0.5625,0.0,0.5,0.75,1.0,0.24515837104072397,0.0,0.30769230769230765,0.3529411764705882,0.32
clip,99,EV00100,NEG,NEG,1,28,-0.00788867473602295,-1.0,0.00788867473602295,0.004617031037807464,2.4298799057749467,-1.4620790685864113,1.4219636827212003,0.011218830943107605,-0.00675046443939209,3,1.8937547700662039,-1.554654774529099,1.1082237029962865,0.008743524551391602,-0.007177889347076416,6,2.48425893483046,-1.3841042723384915,1.4537862449123633,0.011469900608062744,-0.0063904523849487305,9,2.0054239733020496,-1.755749708494968,1.1735724270638421,0.00925910472869873,-0.008106350898742676,14,3.3360819449010726,-1.1538075189830868,1.9522723559123087,0.015402793884277344,-0.005327165126800537,6,1,0.5099206349206349,0.6666666666666666,0.5,0.4444444444444444,0.42857142857142855,0.625,0.3333333333333333,0.5,0.6666666666666666,1.0,0.5194444444444445,0.4444444444444444,0.5,0.5333333333333333,0.6
clip,100,EV00101,POS,NEG,0,21,-0.0006076693534851074,-1.0,0.0006076693534851074,0.004617031037807464,0.1574729411642595,-1.416478658976028,1.1945031449460088,0.0007270574569702148,-0.006539925932884216,3,-0.07734221925849145,-1.348563773320193,-0.5866755485630054,-0.00035709142684936523,-0.00622636079788208,5,0.1362235182132535,-0.6721711450729217,1.0333167064658375,0.0006289482116699219,-0.0031034350395202637,7,0.2279471816803845,-2.1146532367215283,1.7290819831375372,0.0010524392127990723,-0.00976341962814331,11,0.34306328402189146,-1.5305264807894696,2.602289438743666,0.0015839338302612305,-0.007066488265991211,2,1,0.022727272727272728,0.0,0.0,0.0,0.09090909090909091,0.125,0.0,0.0,0.0,0.5,0.038461538461538464,0.0,0.0,0.0,0.15384615384615385
clip,101,EV00102,NEG,NEG,1,12,-0.0048136115074157715,-1.0,0.0048136115074157715,0.004617031037807464,1.5080861348328558,0.3353610136888757,1.4461977838680682,0.006962880492210388,0.001548372209072113,2,1.0759876395489045,1.2220871046379294,1.0318316068581348,0.004967868328094482,0.005642414093017578,3,1.440016332363283,1.1803628428046054,1.3809214079329868,0.006648600101470947,0.005449771881103516,4,1.568778024048176,-0.6020583771221845,1.5043990189664138,0.007243096828460693,-0.002779722213745117,6,1.94756254337106,-0.4589475155648473,1.8676391017147373,0.00899195671081543,-0.0021189749240875244,0,0,NA,NA,NA,NA,NA,NA,NA,NA,NA,NA,NA,NA,NA,NA,NA
clip,102,EV00103,POS,POS,1,10,0.012063801288604736,1.0,0.012063801288604736,0.004617031037807464,0.9752368442479394,1.0779660563576783,0.3732095267378304,0.00450269877910614,0.004977002739906311,1,0.6688017043741292,1.5656022293665555,0.2559410763068599,0.0030878782272338867,0.007228434085845947,2,1.0113615087513734,1.2423941169720316,0.3870339315707778,0.004669487476348877,0.005736172199249268,3,0.5172156021318981,1.069700598858054,0.1979311910040929,0.00238800048828125,0.004938840866088867,5,1.7035685617343568,0.4341672802340721,0.6519319080695911,0.007865428924560547,0.002004563808441162,2,1,0.30833333333333335,0.0,0.5,0.3333333333333333,0.4,0.5,0.0,0.5,0.5,1.0,0.3678571428571429,0.0,0.5,0.4,0.5714285714285715
clip,103,EV00104,NEG,POS,0,29,0.0109635591506958,1.0,0.0109635591506958,0.004617031037807464,1.5032223923682195,1.0067107769056263,0.632987094775336,0.00694042444229126,0.0046480149030685425,3,0.9701923655006092,1.5291580489347876,0.4085351907537384,0.004479408264160156,0.0070601701736450195,6,1.5562168524009532,0.580473301074747,0.6553023619411346,0.007185101509094238,0.002680063247680664,9,1.6501351707293666,1.136198641154914,0.6948501253104853,0.007618725299835205,0.005245864391326904,15,1.8363451808419489,0.7810131164580564,0.7732607010959857,0.00847846269607544,0.003605961799621582,1,1,0.016666666666666666,0.0,0.0,0.0,0.06666666666666667,0.25,0.0,0.0,0.0,1.0,0.03125,0.0,0.0,0.0,0.125
clip,104,EV00105,POS,POS,1,26,0.007699191570281982,1.0,0.007699191570281982,0.004617031037807464,1.7738233367643537,0.4968343588245465,1.063583590963609,0.008189797401428223,0.002293899655342102,3,1.4334323677794356,0.3644159848487225,0.8594853351672053,0.006618201732635498,0.0016825199127197266,6,2.039492762589841,0.767819367821405,1.2228788466253906,0.009416401386260986,0.003545045852661133,8,2.019921605120992,0.7003530954386848,1.211143990335811,0.009326040744781494,0.0032335519790649414,13,1.6024466115671454,0.15474898718937355,0.9608261917260295,0.007398545742034912,0.0007144808769226074,5,1,0.28685897435897434,0.3333333333333333,0.3333333333333333,0.25,0.23076923076923078,0.4,0.2,0.4,0.4,0.6,0.3136655011655012,0.25,0.3636363636363636,0.3076923076923077,0.33333333333333337
clip,105,EV00106,NEG,NEG,1,7,-0.00822681188583374,-1.0,0.00822681188583374,0.004617031037807464,0.7367520917997793,0.30601880093689043,0.41342793469377725,0.0034016072750091553,0.001412898302078247,1,-0.21050613040042757,0.21295897995127275,-0.11812537175052754,-0.0009719133377075195,0.0009832382202148438,2,-0.12847767752637404,0.2763715957078593,-0.07209516126954803,-0.0005931854248046875,0.0012760162353515625,3,1.3975303961957493,0.6372890425130079,0.7842232303128669,0.006452441215515137,0.002942383289337158,4,1.8884617789301696,0.09745558557542179,1.0597090414823176,0.008719086647033691,0.00044995546340942383,3,1,0.7916666666666666,1.0,1.0,0.6666666666666666,0.5,0.5833333333333333,0.3333333333333333,0.6666666666666666,0.6666666666666666,0.6666666666666666,0.6345238095238096,0.5,0.8,0.6666666666666666,0.5714285714285715
clip,106,EV00107,NEG,NEG,1,18,-0.007953822612762451,-1.0,0.007953822612762451,0.004617031037807464,1.449182243842757,0.5946643266998342,0.8411148462979914,0.006690919399261475,0.002745583653450012,2,0.40904493693962635,0.604446678000639,0.23741235495035282,0.001888573169708252,0.0027907490730285645,4,1.2290841807250772,-0.0005809380515159598,0.7133684918858543,0.00567471981048584,-2.682209014892578e-06,6,0.98567113713989,1.2192211435837839,0.5720899704217891,0.00455087423324585,0.005629181861877441,9,3.1729287205664347,0.5555704232664296,1.8415885679339692,0.014649510383605957,0.0025650858879089355,3,1,0.38888888888888884,0.5,0.5,0.3333333333333333,0.2222222222222222,0.5833333333333333,0.3333333333333333,0.6666666666666666,0.6666666666666666,0.6666666666666666,0.4373015873015873,0.4,0.5714285714285715,0.4444444444444444,0.3333333333333333
clip,107,EV00108,POS,NEG,0,7,-0.00568157434463501,-1.0,0.00568157434463501,0.004617031037807464,1.4982715091958556,-0.24578843472916354,1.2173296188462293,0.0069175660610198975,-0.0011348128318786621,1,0.9969413353392995,0.5342435419085547,0.8100042003815454,0.004602909088134766,0.0024666190147399902,2,2.439113593360431,-1.2648183257605476,1.9817537760707509,0.011261463165283203,-0.005839705467224121,3,1.3102089521856615,-0.35707034593066517,1.0645307973780567,0.0060492753982543945,-0.0016486048698425293,4,1.246822155898031,0.10449139086600397,1.013029701554564,0.0057566165924072266,0.0004824399948120117,0,0,NA,NA,NA,NA,NA,NA,NA,NA,NA,NA,NA,NA,NA,NA,NA
clip,108,EV00109,NEG,POS,0,11,0.003888368606567383,1.0,0.003888368606567383,0.004617031037807464,-0.2181712852468187,1.3342597875184221,-0.2589889767305747,-0.0010073035955429077,0.006160318851470947,2,-1.6209591708087874,1.8132238463916137,-1.9242246132201772,-0.007484018802642822,0.008371710777282715,3,0.010882906165065646,1.3950388174414696,0.01291899036280859,5.02467155456543e-05,0.006440937519073486,4,-0.0901357661263207,0.9241046134136763,-0.10699927723977412,-0.00041615962982177734,0.004266619682312012,6,0.8275268897827676,1.2046718728269286,0.9823489931748439,0.0038207173347473145,0.005562007427215576,2,1,0.41666666666666663,0.5,0.3333333333333333,0.5,0.3333333333333333,0.75,0.5,0.5,1.0,1.0,0.5166666666666666,0.5,0.4,0.6666666666666666,0.5
clip,109,EV00110,POS,NEG,0,5,-0.0037344694137573242,-1.0,0.0037344694137573242,0.004617031037807464,0.7969985951756039,1.087832320932591,0.9850883097750793,0.0036797672510147095,0.005022555589675903,1,0.7487645997316815,1.0248650910155,0.9254712096532363,0.0034570693969726562,0.0047318339347839355,1,0.7487645997316815,1.0248650910155,0.9254712096532363,0.0034570693969726562,0.0047318339347839355,2,0.7896884580273613,2.061684596157751,0.9760529981808356,0.0036460161209106445,0.009518861770629883,3,0.900776723211691,0.23991450554161328,1.1133578216130096,0.004158914089202881,0.0011076927185058594,1,1,0.20833333333333331,0.0,0.0,0.5,0.3333333333333333,0.5,0.0,0.0,1.0,1.0,0.29166666666666663,0.0,0.0,0.6666666666666666,0.5
clip,110,EV00111,POS,POS,1,30,0.005400300025939941,1.0,0.005400300025939941,0.004617031037807464,0.37765169012242783,-0.018396371631338726,0.3228166490292801,0.0017436295747756958,-8.493661880493164e-05,3,0.16082947212857393,-0.3443155282662703,0.137477026094768,0.0007425546646118164,-0.0015897154808044434,6,0.3254027672558063,-0.17096361369390792,0.2781542719332736,0.001502394676208496,-0.000789344310760498,9,-0.05030923526128212,0.34826590701657884,-0.04300433221153563,-0.00023227930068969727,0.0016079545021057129,15,1.0746837563666132,0.09342774841824447,0.9186396303006146,0.004961848258972168,0.00043135881423950195,3,1,0.06111111111111111,0.0,0.0,0.1111111111111111,0.13333333333333333,0.25,0.0,0.0,0.3333333333333333,0.6666666666666666,0.09722222222222221,0.0,0.0,0.16666666666666666,0.2222222222222222
clip,111,EV00112,NEG,POS,0,23,0.004617512226104736,1.0,0.004617512226104736,0.004617031037807464,0.8272138287216728,1.1446254703355152,0.8269485356180801,0.0038192719221115112,0.0052847713232040405,3,1.0301839016204906,0.3959931953822345,1.029853514633423,0.0047563910484313965,0.001828312873840332,5,1.1589585030398617,2.0046622989678395,1.1585868171618805,0.005350947380065918,0.009255588054656982,7,0.22515867903310788,2.228000705439531,0.22508646911266467,0.0010395646095275879,0.01028674840927124,12,0.8945542311932312,-0.05015431844754453,0.8942673415643525,0.004130184650421143,-0.00023156404495239258,3,1,0.11309523809523808,0.0,0.0,0.2857142857142857,0.16666666666666666,0.3333333333333333,0.0,0.0,0.6666666666666666,0.6666666666666666,0.16666666666666669,0.0,0.0,0.4,0.26666666666666666
clip,112,EV00113,NEG,NEG,1,20,-0.0005530118942260742,-1.0,0.0005530118942260742,0.004617031037807464,0.05866828833587288,-0.5952291275832524,0.48893049229594354,0.0002708733081817627,-0.0027481913566589355,2,-0.8645778277350077,-0.6780063450570376,-7.2052291780287465,-0.0039917826652526855,-0.0031303763389587402,4,0.663224699079576,-0.7174455838877323,5.527190034373816,0.003062129020690918,-0.0033124685287475586,6,0.04369945120847831,-0.5890324550337489,0.3641830160461589,0.00020176172256469727,-0.002719581127166748,10,0.39232683079044484,-0.396432126354491,3.269578096792546,0.001811385154724121,-0.0018303394317626953,2,1,0.5083333333333333,1.0,0.5,0.3333333333333333,0.2,1.0,1.0,1.0,1.0,1.0,0.625,1.0,0.6666666666666666,0.5,0.33333333333333337
clip,113,EV00114,POS,POS,1,7,0.0019778013229370117,1.0,0.0019778013229370117,0.004617031037807464,0.26158349486315857,0.325418904423904,0.6103387443509389,0.0012077391147613525,0.0015024691820144653,1,0.05975916089927506,1.0963333810864413,0.13943284627269567,0.0002759099006652832,0.005061805248260498,2,0.43410273156168144,-0.18156250570045465,1.0128686301070782,0.002004265785217285,-0.0008382797241210938,3,0.32137493009862894,-0.1185500917126902,0.7498468946019629,0.0014837980270385742,-0.0005473494529724121,4,0.2310971568930488,0.5054548340223194,0.5392066064220189,0.0010669827461242676,0.002333700656890869,2,1,0.0625,0.0,0.0,0.0,0.25,0.125,0.0,0.0,0.0,0.5,0.08333333333333333,0.0,0.0,0.0,0.3333333333333333
clip,114,EV00115,NEG,POS,0,15,0.0007761120796203613,1.0,0.0007761120796203613,0.004617031037807464,-0.657140986706756,1.3200397149907592,-3.9042506369515184,-0.003034040331840515,0.0060946643352508545,2,-0.6345521788036438,1.1623795826765668,-3.7700444781092965,-0.0029297471046447754,0.0053667426109313965,3,-1.2238815577303896,1.3324266052225273,-7.27140818786637,-0.005650699138641357,0.006151854991912842,5,-1.0427192537987573,1.5654989514907303,-6.195074410450794,-0.004814267158508301,0.007227957248687744,8,0.27258904350576646,1.2198537205732125,1.6195245286203852,0.001258552074432373,0.0056321024894714355,1,1,0.0,0.0,0.0,0.0,0.0,0.0,0.0,0.0,0.0,0.0,0.0,0.0,0.0,0.0,0.0
clip,115,EV00116,POS,POS,1,30,0.001076817512512207,1.0,0.001076817512512207,0.004617031037807464,0.9239787435025145,0.7787216385881879,3.9580341639486356,0.004266038537025452,0.00359538197517395,3,1.22858070108043,-0.01296137341604497,5.262853092930568,0.0056723952293396,-5.984306335449219e-05,6,1.5401442329756783,0.6579187982090635,6.5974932155023245,0.007110893726348877,0.0030376315116882324,9,0.5751544904697565,1.2636693593919939,2.4637808378560075,0.002655506134033203,0.005834400653839111,15,0.3520355494841935,1.2062597701677389,1.5080095095056445,0.001625359058380127,0.005569338798522949,1,1,0.08611111111111111,0.0,0.16666666666666666,0.1111111111111111,0.06666666666666667,0.75,0.0,1.0,1.0,1.0,0.1526785714285714,0.0,0.2857142857142857,0.19999999999999998,0.125
clip,116,EV00117,NEG,NEG,1,5,-0.003413975238800049,-1.0,0.003413975238800049,0.004617031037807464,0.717474630790308,-0.6305662982835204,0.970022447472352,0.0033126026391983032,-0.0029113441705703735,1,0.5166733932838166,-0.5730502037498209,0.6985400848876718,0.0023854970932006836,-0.0026457905769348145,1,0.5166733932838166,-0.5730502037498209,0.6985400848876718,0.0023854970932006836,-0.0026457905769348145,2,1.0557322661527146,-0.9621108717172983,1.427345236668433,0.0048743486404418945,-0.004442095756530762,3,0.7808194704408844,-0.41405391391714175,1.0556643834456312,0.003605067729949951,-0.0019116997718811035,2,1,0.7083333333333334,1.0,1.0,0.5,0.3333333333333333,0.5,0.5,0.5,0.5,0.5,0.5583333333333333,0.6666666666666666,0.6666666666666666,0.5,0.4
clip,117,EV00118,NEG,NEG,1,11,-0.00478893518447876,-1.0,0.00478893518447876,0.004617031037807464,2.163242249863599,-0.38714679983109423,2.0851548560157713,0.009987756609916687,-0.0017874687910079956,2,2.246435806274304,-0.43220500059339595,2.1653453423794424,0.010371863842010498,-0.0019955039024353027,3,2.695591288237488,-0.23974667899339755,2.598287484842077,0.012445628643035889,-0.0011069178581237793,4,2.1157892933556037,-0.19476916407158412,2.0394148272690185,0.009768664836883545,-0.0008992552757263184,6,1.5951526115870005,-0.6818663556659992,1.5375717695725482,0.007364869117736816,-0.003148198127746582,1,1,0.0,0.0,0.0,0.0,0.0,0.0,0.0,0.0,0.0,0.0,0.0,0.0,0.0,0.0,0.0
clip,118,EV00119,NEG,NEG,1,12,-0.003919363021850586,-1.0,0.003919363021850586,0.004617031037807464,-0.03945537599879227,-0.4946719782994593,-0.04646679263615665,-0.0001821666955947876,-0.002283915877342224,2,0.44067378641105087,-1.245350446167524,0.5189837109644848,0.002034604549407959,-0.005749821662902832,3,0.1935298295616834,0.33767992474451025,0.22792104324208562,0.0008935332298278809,0.0015590786933898926,4,-0.3426372627841131,-0.652509619462726,-0.40352560927811315,-0.0015819668769836426,-0.0030126571655273438,6,-0.44938785718379026,-0.41850777231209746,-0.5292463154730839,-0.0020748376846313477,-0.0019322633743286133,2,1,0.49999999999999994,0.5,0.6666666666666666,0.5,0.3333333333333333,0.875,0.5,1.0,1.0,1.0,0.6166666666666667,0.5,0.8,0.6666666666666666,0.5
clip,119,EV00120,POS,NEG,0,13,-0.007660388946533203,-1.0,0.007660388946533203,0.004617031037807464,1.1427438765353273,0.9426268549561768,0.6886589341760893,0.005276083946228027,0.004352137446403503,2,0.5173188800077232,1.073508970529103,0.31175513240588637,0.002388477325439453,0.004956424236297607,3,1.2408320391001777,0.6531163769831982,0.7477704209004835,0.005728960037231445,0.003015458583831787,4,1.6293375884850954,0.8903327480188818,0.9818979651863375,0.007522702217102051,0.00411069393157959,7,1.1834869985483134,1.1535493242935242,0.7132122182116497,0.00546419620513916,0.005325973033905029,2,1,0.07142857142857142,0.0,0.0,0.0,0.2857142857142857,0.25,0.0,0.0,0.0,1.0,0.11111111111111112,0.0,0.0,0.0,0.4444444444444445
clip,120,EV00121,NEG,NEG,1,19,-0.008213162422180176,-1.0,0.008213162422180176,0.004617031037807464,1.3976885404431063,-0.9929038158812636,0.7856152630959123,0.006453171372413635,-0.004584267735481262,2,0.5261362286562876,-1.2584796461317846,0.295731588075452,0.002429187297821045,-0.005810439586639404,4,1.3727824352011693,-1.2734807575953746,0.7716159951215641,0.006338179111480713,-0.005879700183868408,6,1.3404435503334475,-0.8712779799291583,0.7534388971426902,0.006188869476318359,-0.004022717475891113,10,2.351391947581521,-0.568376879868737,1.3216745720439433,0.010856449604034424,-0.002624213695526123,2,1,0.2791666666666667,0.5,0.25,0.16666666666666666,0.2,0.625,0.5,0.5,0.5,1.0,0.35416666666666663,0.5,0.3333333333333333,0.25,0.33333333333333337
clip,121,EV00122,NEG,NEG,1,15,-0.012557387351989746,-1.0,0.012557387351989746,0.004617031037807464,1.6981109714837264,1.1749633463591265,0.6243023758730891,0.00784023106098175,0.0054248422384262085,2,1.4581157801016247,2.2833318274128067,0.5360692917613664,0.006732165813446045,0.010542213916778564,3,1.6427895318113093,1.78808859336269,0.603963713203692,0.007584810256958008,0.00825566053390503,5,2.123599682714874,0.9029326488695392,0.7807312652622711,0.009804725646972656,0.004168868064880371,8,1.5679388913070973,-0.2744996842085301,0.576445233265027,0.007239222526550293,-0.0012673735618591309,1,1,0.03125,0.0,0.0,0.0,0.125,0.25,0.0,0.0,0.0,1.0,0.05555555555555555,0.0,0.0,0.0,0.2222222222222222
clip,122,EV00123,POS,POS,1,15,0.00997692346572876,1.0,0.00997692346572876,0.004617031037807464,1.3374000804302277,-0.21344954986144177,0.6188479699730358,0.006174817681312561,-0.0009855031967163086,2,0.4290292059117754,0.012935553947088705,0.19852238460478927,0.0019808411598205566,5.9723854064941406e-05,3,0.7591698457210563,-0.21439196047834544,0.3512865931173604,0.003505110740661621,-0.0009898543357849121,5,1.404617840424244,-0.41573217939929896,0.64995128372867,0.006485164165496826,-0.0019194483757019043,8,2.7567834296638356,-0.23660961351521137,1.275631618441324,0.01272815465927124,-0.0010924339294433594,3,1,0.37083333333333335,0.5,0.3333333333333333,0.4,0.25,0.5,0.3333333333333333,0.3333333333333333,0.6666666666666666,0.6666666666666666,0.3992424242424243,0.4,0.3333333333333333,0.5,0.36363636363636365
clip,123,EV00124,POS,POS,1,13,0.005360901355743408,1.0,0.005360901355743408,0.004617031037807464,0.02825618133901238,0.638809163747808,0.02433085907341323,0.00013045966625213623,0.0029494017362594604,2,-0.018383461896860596,0.8927726878352489,-0.015829648575917964,-8.487701416015625e-05,0.004121959209442139,3,-0.1870749623226172,0.8163857889281393,-0.16108668364721013,-0.0008637309074401855,0.0037692785263061523,4,-0.18855958178760243,0.4730901296856414,-0.1623650611656305,-0.0008705854415893555,0.002184271812438965,7,0.5070427313631297,0.37298804854220247,0.4366048296824115,0.002341032028198242,0.001722097396850586,4,1,0.5238095238095237,0.5,0.6666666666666666,0.5,0.42857142857142855,0.5,0.25,0.5,0.5,0.75,0.4875541125541126,0.3333333333333333,0.5714285714285715,0.5,0.5454545454545454
clip,124,EV00125,NEG,NEG,1,21,-0.0033999085426330566,-1.0,0.0033999085426330566,0.004617031037807464,0.33656000527853225,-0.6122473850590505,0.45690966721867754,0.0015539079904556274,-0.0028267651796340942,3,-0.00010327787582505952,-1.1361211827480453,-0.00014020875663829153,-4.76837158203125e-07,-0.005245506763458252,5,0.38842809097804887,-1.1949379330304168,0.5273251337166145,0.0017933845520019531,-0.005517065525054932,7,0.2416831391651174,-0.1861196419712354,0.328106016628182,0.0011158585548400879,-0.0008593201637268066,11,0.7162320688467878,0.06818921751349555,0.9723477272865518,0.003306865692138672,0.0003148317337036133,6,1,0.7422077922077922,1.0,0.8,0.7142857142857143,0.45454545454545453,0.7083333333333334,0.5,0.6666666666666666,0.8333333333333334,0.8333333333333334,0.6878513643219525,0.6666666666666666,0.7272727272727272,0.7692307692307692,0.5882352941176471
clip,125,EV00126,POS,POS,1,26,0.0036478638648986816,1.0,0.0036478638648986816,0.004617031037807464,0.7916475102344179,0.278046633756397,1.0016984083501292,0.00365506112575531,0.0012837499380111694,3,0.28642827886632444,-0.39823948918142954,0.3624274027741269,0.0013224482536315918,-0.00183868408203125,6,0.6688017043741292,-0.045158251204507276,0.8462574493224148,0.0030878782272338867,-0.0002084970474243164,8,1.4787713552666366,0.5226247808782356,1.871139482830843,0.00682753324508667,0.0024129748344421387,13,0.7325887024305816,1.0329594945332892,0.9269692984731319,0.003382384777069092,0.0047692060470581055,3,1,0.13060897435897434,0.0,0.16666666666666666,0.125,0.23076923076923078,0.41666666666666663,0.0,0.3333333333333333,0.3333333333333333,1.0,0.194760101010101,0.0,0.2222222222222222,0.18181818181818182,0.375
clip,126,EV00127,POS,POS,1,20,0.0035669803619384766,1.0,0.0035669803619384766,0.004617031037807464,1.050897570590654,0.561076425021353,1.3598804390104362,0.004852026700973511,0.0025905072689056396,2,1.297092661955879,0.3315348911329192,1.6784613343300296,0.005988717079162598,0.0015307068824768066,4,1.2848025947326966,0.6537489539726268,1.6625577653442005,0.005931973457336426,0.0030183792114257812,6,0.9988777955110194,0.7190205714940644,1.2925659104091776,0.004611849784851074,0.0033197402954101562,10,0.6228172301630215,0.5400012834858019,0.805936745958337,0.0028755664825439453,0.0024932026863098145,5,1,0.14166666666666666,0.0,0.0,0.16666666666666666,0.4,0.25,0.0,0.0,0.2,0.8,0.17878787878787877,0.0,0.0,0.1818181818181818,0.5333333333333333
clip,127,EV00128,POS,POS,1,16,0.003502190113067627,1.0,0.003502190113067627,0.004617031037807464,0.16286598274249933,0.7845471562714451,0.21464929765592147,0.0007519572973251343,0.003622278571128845,2,-0.021430159233699852,1.349635281281878,-0.0282438883228369,-9.894371032714844e-05,0.0062313079833984375,4,0.5619865613020614,0.5662080444764107,0.7406704496805638,0.0025947093963623047,0.0026142001152038574,5,0.12065437843262579,0.8059676332042863,0.15901649413568295,0.0005570650100708008,0.003721177577972412,8,-0.009746849530989992,0.4163776661232056,-0.012845864869724012,-4.500150680541992e-05,0.0019224286079406738,2,1,0.26875,0.5,0.25,0.2,0.125,0.5,0.5,0.5,0.5,0.5,0.32976190476190476,0.5,0.3333333333333333,0.28571428571428575,0.2
clip,128,EV00129,POS,POS,1,5,0.011906206607818604,1.0,0.011906206607818604,0.004617031037807464,1.4021940377759745,1.0155797644921032,0.543702113070689,0.006473973393440247,0.004688963294029236,1,0.9463997248574111,1.9910941680313226,0.36696742130685284,0.004369556903839111,0.009192943572998047,1,0.9463997248574111,1.9910941680313226,0.36696742130685284,0.004369556903839111,0.009192943572998047,2,1.4703025694489817,0.17200930218663663,0.5701112630108005,0.006788432598114014,0.0007941722869873047,3,2.245674131940094,-0.09187858028086858,0.8707623466582503,0.01036834716796875,-0.0004242062568664551,3,1,0.29166666666666663,0.0,0.0,0.5,0.6666666666666666,0.25,0.0,0.0,0.3333333333333333,0.6666666666666666,0.26666666666666666,0.0,0.0,0.4,0.6666666666666666
clip,129,EV00130,POS,POS,1,20,0.0027019381523132324,1.0,0.0027019381523132324,0.004617031037807464,-0.7147474493818026,0.7686036341909516,-1.2208977682916207,-0.003300011157989502,0.003548666834831238,2,-0.6925168866104585,0.8224920933362959,-1.182924573005823,-0.0031973719596862793,0.003797471523284912,4,-0.49960672430372544,0.9343936717927479,-0.853404563043181,-0.002306699752807617,0.004314124584197998,6,-0.5143625508122308,0.601529078008581,-0.8786097675795727,-0.0023748278617858887,0.002777278423309326,10,-1.1525036358007954,0.7159996936261814,-1.9686521695379053,-0.005321145057678223,0.003305792808532715,2,1,0.3208333333333333,0.5,0.25,0.3333333333333333,0.2,0.75,0.5,0.5,1.0,1.0,0.41666666666666663,0.5,0.3333333333333333,0.5,0.33333333333333337
clip,130,EV00131,POS,POS,1,11,0.008519172668457031,1.0,0.008519172668457031,0.004617031037807464,1.26943355583648,0.715912552918454,0.6878985151826424,0.005861014127731323,0.003305390477180481,2,1.1296792252434573,1.7700536942967389,0.6121664722858118,0.005215764045715332,0.008172392845153809,3,1.4222912669248071,0.4978768198836557,0.7707312022566734,0.006566762924194336,0.002298712730407715,4,1.2809942230616476,0.47944171904888255,0.6941631721882413,0.0059143900871276855,0.002213597297668457,6,1.244769508116008,0.1162779784445389,0.674533213999843,0.0057471394538879395,0.0005368590354919434,2,1,0.3125,0.5,0.3333333333333333,0.25,0.16666666666666666,0.5,0.5,0.5,0.5,0.5,0.37083333333333335,0.5,0.4,0.3333333333333333,0.25
clip,131,EV00132,NEG,NEG,1,25,-0.0038452744483947754,-1.0,0.0038452744483947754,0.004617031037807464,1.384223687382414,-0.6858780556550789,1.6616088668816023,0.006391003727912903,-0.0031667202711105347,3,1.346730591024298,-1.9052057045483075,1.616602512833941,0.006217896938323975,-0.008796393871307373,5,1.7895732128276751,-1.527234498497546,2.148186557904759,0.0082625150680542,-0.007051289081573486,8,1.4892798791318365,0.3032754823602873,1.7877173140371003,0.006876051425933838,0.0014002323150634766,13,0.911311066545847,0.38565249806525037,1.0939290827506085,0.0042075514793396,0.0017805695533752441,3,1,0.4181089743589744,0.6666666666666666,0.4,0.375,0.23076923076923078,0.8333333333333333,0.6666666666666666,0.6666666666666666,1.0,1.0,0.521780303030303,0.6666666666666666,0.5,0.5454545454545454,0.375
clip,132,EV00133,POS,NEG,0,25,-0.0014197230339050293,-1.0,0.0014197230339050293,0.004617031037807464,0.29579106379659,-0.6972224848277377,0.9612545792977092,0.0013656765222549438,-0.003219097852706909,3,0.615458681510486,-1.2431299718372852,2.0001026007240226,0.0028415918350219727,-0.005739569664001465,5,-0.2663407320183504,-1.250914541727599,-0.8655476099244307,-0.001229703426361084,-0.005775511264801025,8,0.23267214449938098,-0.01068926014789366,0.7561322560063989,0.0010742545127868652,-4.935264587402344e-05,13,0.6013741611948434,-0.28415616559817314,1.954331070384846,0.0027765631675720215,-0.001311957836151123,4,1,0.2842948717948718,0.3333333333333333,0.4,0.25,0.15384615384615385,0.4375,0.25,0.5,0.5,0.5,0.3246965452847806,0.28571428571428575,0.4444444444444445,0.3333333333333333,0.23529411764705882
clip,133,EV00134,POS,NEG,0,4,-0.008961677551269531,-1.0,0.008961677551269531,0.004617031037807464,0.9587801602219401,0.2961428540611191,0.4939057254772803,0.004426717758178711,0.0013673007488250732,1,0.6412394212633165,0.3500732698435174,0.33032788401710006,0.0029606223106384277,0.0016162991523742676,1,0.6412394212633165,0.3500732698435174,0.33032788401710006,0.0029606223106384277,0.0016162991523742676,2,1.2763208991805637,0.24221243827872085,0.6574835669374605,0.005892813205718994,0.001118302345275879,2,1.2763208991805637,0.24221243827872085,0.6574835669374605,0.005892813205718994,0.001118302345275879,3,1,1.0,1.0,1.0,1.0,1.0,0.5,0.3333333333333333,0.3333333333333333,0.6666666666666666,0.6666666666666666,0.65,0.5,0.5,0.8,0.8
clip,134,EV00135,NEG,NEG,1,2,-0.004633307456970215,-1.0,0.004633307456970215,0.004617031037807464,1.455120721702698,-0.6233723487455811,1.4496961192666362,0.006718337535858154,-0.002878129482269287,1,1.455120721702698,-0.6233723487455811,1.4496961192666362,0.006718337535858154,-0.002878129482269287,1,1.455120721702698,-0.6233723487455811,1.4496961192666362,0.006718337535858154,-0.002878129482269287,1,1.455120721702698,-0.6233723487455811,1.4496961192666362,0.006718337535858154,-0.002878129482269287,1,1.455120721702698,-0.6233723487455811,1.4496961192666362,0.006718337535858154,-0.002878129482269287,1,1,1.0,1.0,1.0,1.0,1.0,1.0,1.0,1.0,1.0,1.0,1.0,1.0,1.0,1.0,1.0
clip,135,EV00136,POS,POS,1,20,0.003003716468811035,1.0,0.003003716468811035,0.004617031037807464,0.050954721985188745,0.5289440959052815,0.0782967495836833,0.0002352595329284668,0.0024421513080596924,2,0.3076906115518086,-0.29088213726128015,0.47279572576070633,0.0014206171035766602,-0.0013430118560791016,4,-0.2533793586023054,0.6392900513571185,-0.38934134889256455,-0.0011698603630065918,0.0029516220092773438,6,0.23480225068827282,0.9838766840474296,0.3607958655758885,0.0010840892791748047,0.00454258918762207,10,-0.08529461569702103,0.7834917854778578,-0.1310632441092971,-0.00039380788803100586,0.003617405891418457,0,0,NA,NA,NA,NA,NA,NA,NA,NA,NA,NA,NA,NA,NA,NA,NA
clip,136,EV00137,NEG,POS,0,23,9.47713851928711e-06,1.0,9.47713851928711e-06,0.004617031037807464,0.4928872075078575,0.787409889891971,217.2039179412194,0.0022756755352020264,0.003635495901107788,3,-0.1377726863506294,0.8122934030985712,-60.713215528456196,-0.0006361007690429688,0.0037503838539123535,5,0.5990633187232578,0.8742084896556944,263.99325837541994,0.0027658939361572266,0.004036247730255127,7,1.0192751759864687,0.8718330985117181,449.17084134498975,0.004706025123596191,0.004025280475616455,12,0.490983021672333,0.5913045683019001,216.36478757292412,0.0022668838500976562,0.002730071544647217,8,1,0.5845238095238094,0.6666666666666666,0.6,0.5714285714285714,0.5,0.46875,0.25,0.375,0.5,0.75,0.4896270396270397,0.36363636363636365,0.4615384615384615,0.5333333333333333,0.6
clip,137,EV00138,NEG,NEG,1,11,-0.010415136814117432,-1.0,0.010415136814117432,0.004617031037807464,1.3095441008600375,-0.09682946345323237,0.5804652787253892,0.006046205759048462,-0.0004470646381378174,2,1.352281776849895,0.3561150255792834,0.5994090752643798,0.006243526935577393,0.0016441941261291504,3,1.4032752280385181,-0.0668982440656823,0.6220123062956479,0.0064789652824401855,-0.0003088712692260742,4,1.579906215168326,-0.28232298330227834,0.7003053207183846,0.00729447603225708,-0.0013034939765930176,6,0.9027131833834109,-0.3942116520242522,0.4001344126231445,0.0041678547859191895,-0.0018200874328613281,2,1,0.49999999999999994,0.5,0.6666666666666666,0.5,0.3333333333333333,0.875,0.5,1.0,1.0,1.0,0.6166666666666667,0.5,0.8,0.6666666666666666,0.5
clip,138,EV00139,POS,POS,1,8,0.011191844940185547,1.0,0.011191844940185547,0.004617031037807464,2.0299040573062084,1.4145002421672543,0.8373322498827274,0.009372130036354065,0.006530791521072388,1,1.4063606545787917,1.9314382850078726,0.5801215711681131,0.006493210792541504,0.008917510509490967,2,2.1320555587980508,1.6907750148665275,0.879469584534185,0.009843766689300537,0.007806360721588135,3,2.3179170060797234,1.7813109827616704,0.9561371409434024,0.010701894760131836,0.00822436809539795,4,2.263283009768267,0.25447668603294665,0.9336007028852091,0.010449647903442383,0.0011749267578125,2,1,0.2708333333333333,0.0,0.5,0.3333333333333333,0.25,0.375,0.0,0.5,0.5,0.5,0.30833333333333335,0.0,0.5,0.4,0.3333333333333333
clip,139,EV00140,POS,NEG,0,26,-0.0060010552406311035,-1.0,0.0060010552406311035,0.004617031037807464,1.8223090720305994,0.9583605938514008,1.4017960862950534,0.008413657546043396,0.004424780607223511,3,1.2339124214198987,0.727269891825591,0.9491768601304654,0.005697011947631836,0.003357827663421631,6,1.8732024727770171,1.1975586091294776,1.4409454112254712,0.00864863395690918,0.005529165267944336,8,2.0194697644142576,1.5498007143653214,1.5534603079117881,0.009323954582214355,0.007155478000640869,13,2.1626516295112244,0.358813160085213,1.6636017659124889,0.009985029697418213,0.001656651496887207,4,1,0.2139423076923077,0.3333333333333333,0.16666666666666666,0.125,0.23076923076923078,0.375,0.25,0.25,0.25,0.75,0.25133053221288515,0.28571428571428575,0.2,0.16666666666666666,0.3529411764705882
clip,140,EV00141,POS,POS,1,10,0.007391095161437988,1.0,0.007391095161437988,0.004617031037807464,0.2021438498922173,1.0081179379637428,0.12625709067207194,0.0009333044290542603,0.00465451180934906,1,0.1548393553307205,2.2377862841739553,0.09671116156153023,0.0007148981094360352,0.010331928730010986,2,0.42400731919978185,1.2153611329748224,0.26483086462622135,0.0019576549530029297,0.0056113600730896,3,0.34452208401792045,0.6172531346029464,0.2151851566276936,0.0015906691551208496,0.002849876880645752,5,-0.11479335897955366,-0.03792879989675311,-0.07169882012715748,-0.0005300045013427734,-0.00017511844635009766,4,1,0.8166666666666667,1.0,1.0,0.6666666666666666,0.6,0.5,0.25,0.5,0.5,0.75,0.5761904761904761,0.4,0.6666666666666666,0.5714285714285715,0.6666666666666665
clip,141,EV00142,POS,POS,1,24,0.00891965627670288,1.0,0.00891965627670288,0.004617031037807464,1.2718960876881837,1.3851725528665568,0.6582905485394055,0.005872383713722229,0.006395384669303894,3,1.3107382512992647,0.8320065676466795,0.6783939433351793,0.0060517191886901855,0.003841400146484375,5,0.9309080434836521,1.1302601632949734,0.48180662910792216,0.004298031330108643,0.005218446254730225,8,1.5692815036928232,1.4153845589790064,0.8122072171448891,0.007245421409606934,0.006534874439239502,12,1.2766565522769953,2.1630389215455685,0.6607544045696312,0.005894362926483154,0.009986817836761475,3,1,0.0,0.0,0.0,0.0,0.0,0.0,0.0,0.0,0.0,0.0,0.0,0.0,0.0,0.0,0.0
clip,142,EV00143,NEG,POS,0,13,0.00015044212341308594,1.0,0.00015044212341308594,0.004617031037807464,-0.11399618287552898,-0.05369158569455282,-3.4754129344333666,-0.0005263239145278931,-0.0002478957176208496,2,0.014988201729111764,-0.04736581580026792,0.45694679277224753,6.920099258422852e-05,-0.0002186894416809082,3,-0.20877622598035783,0.39825239891590763,-6.36498150965787,-0.0009639263153076172,0.0018387436866760254,4,0.8097114562029448,-0.443126635961896,24.685753479300722,0.0037384629249572754,-0.002045929431915283,7,-1.0719081634538146,-0.122526289931955,-32.679370500148565,-0.004949033260345459,-0.0005657076835632324,2,1,0.09821428571428571,0.0,0.0,0.25,0.14285714285714285,0.25,0.0,0.0,0.5,0.5,0.1388888888888889,0.0,0.0,0.3333333333333333,0.22222222222222224
clip,143,EV00144,POS,POS,1,24,0.0014042258262634277,1.0,0.0014042258262634277,0.004617031037807464,-0.3627990406053364,0.3423564760592137,-1.1920179658351926,-0.0016750544309616089,0.0015806704759597778,3,-0.5502774321303953,0.42436879176516956,-1.8079997791577367,-0.0025406479835510254,0.0019593238830566406,5,-0.5051062711914098,0.19079296585231934,-1.6595847357026536,-0.0023320913314819336,0.000880897045135498,8,-0.2524885869233143,0.3832641971867959,-0.8295802857657951,-0.0011657476425170898,0.0017695426940917969,12,-0.14332387217622636,0.3709999494325701,-0.4709070627145852,-0.0006617307662963867,0.0017129182815551758,3,1,0.38958333333333334,0.3333333333333333,0.6,0.375,0.25,0.8333333333333333,0.3333333333333333,1.0,1.0,1.0,0.5071969696969697,0.3333333333333333,0.7499999999999999,0.5454545454545454,0.4
clip,144,EV00145,NEG,NEG,1,9,-0.00816798210144043,-1.0,0.00816798210144043,0.004617031037807464,1.785606696909269,0.13958327661118747,1.009207932955719,0.00824420154094696,0.0006444603204727173,1,0.5610957896230703,0.1238818120521589,0.3171260070965274,0.0025905966758728027,0.0005719661712646484,2,1.7661420447498648,0.580370023198922,0.998206696566151,0.008154332637786865,0.002679586410522461,3,1.8920765045840466,0.3346977760800616,1.0693836562612165,0.0087357759475708,0.0015453100204467773,5,2.923112448680094,-0.4806165048863926,1.652115371898981,0.013496100902557373,-0.0022190213203430176,1,1,0.5083333333333333,1.0,0.5,0.3333333333333333,0.2,1.0,1.0,1.0,1.0,1.0,0.625,1.0,0.6666666666666666,0.5,0.33333333333333337
clip,145,EV00146,NEG,POS,0,23,0.00016003847122192383,1.0,0.00016003847122192383,0.004617031037807464,-0.5689739550883506,1.749336797892956,-16.312688455212736,-0.002626970410346985,0.0080767422914505,3,-1.0965657563070477,1.872892639149542,-31.43893563724538,-0.005062878131866455,0.00864720344543457,5,-0.6069769859583529,2.363462549318575,-17.40224905353558,-0.002802431583404541,0.010912179946899414,7,-0.11839517489895261,2.0446179271776597,-3.394432355743132,-0.0005466341972351074,0.009440064430236816,12,-0.4539579031890491,0.7163740759260473,-13.015136774326844,-0.002095937728881836,0.003307521343231201,4,1,0.5696428571428571,1.0,0.6,0.42857142857142855,0.25,0.75,0.75,0.75,0.75,0.75,0.6110660173160173,0.8571428571428571,0.6666666666666665,0.5454545454545454,0.375
clip,146,EV00147,NEG,POS,0,11,0.00016868114471435547,1.0,0.00016868114471435547,0.004617031037807464,-0.0593234573606381,0.8226534650172725,-1.6141937536147544,-0.00027389824390411377,0.0037982165813446045,2,-0.3400165866850522,1.142421133173374,-9.251865531299797,-0.0015698671340942383,0.005274593830108643,3,-0.26116392849261927,0.8568319870481282,-7.106281407023879,-0.0012058019638061523,0.003956019878387451,4,0.3660813405964016,0.9452636682233354,9.961088574343853,0.001690208911895752,0.004364311695098877,6,-0.002194654861282515,0.3460970716242526,-0.05971665047919226,-1.0132789611816406e-05,0.0015979409217834473,4,1,0.625,1.0,0.6666666666666666,0.5,0.3333333333333333,0.5,0.5,0.5,0.5,0.5,0.5345238095238095,0.6666666666666666,0.5714285714285715,0.5,0.4
clip,147,EV00148,NEG,NEG,1,18,-0.003440260887145996,-1.0,0.003440260887145996,0.004617031037807464,2.2259093284540734,0.04202441315994063,2.9864322391845493,0.010277092456817627,0.00019402801990509033,2,1.5745615850943793,0.14026426510490897,2.1125395451634197,0.007269799709320068,0.0006476044654846191,4,1.8976276904096436,0.42378785371365363,2.5459871344106304,0.008761405944824219,0.001956641674041748,6,3.125562904766167,-0.45524887663686237,4.193469026375744,0.014430820941925049,-0.002101898193359375,9,2.305885133546104,0.059294410458062295,3.0937332507884046,0.010646343231201172,0.00027376413345336914,2,1,0.027777777777777776,0.0,0.0,0.0,0.1111111111111111,0.125,0.0,0.0,0.0,0.5,0.04545454545454545,0.0,0.0,0.0,0.1818181818181818
clip,148,EV00149,POS,NEG,0,17,-0.0005623102188110352,-1.0,0.0005623102188110352,0.004617031037807464,0.20120143927531361,0.11747212888376614,1.6490971741048392,0.0009289532899856567,0.000542372465133667,2,0.4797257332074015,-0.6183891912370221,3.9319517485915094,0.0022149085998535156,-0.0028551220893859863,4,-0.12444984036919672,0.7889784226310641,-1.0200219283213712,-0.0005745887756347656,0.003642737865447998,6,-0.10028281742613279,0.39359198476930185,-0.8219429812448559,-0.0004630088806152344,0.0018172264099121094,9,0.5498126816891825,-0.09429270062827934,4.506401857394074,0.0025385022163391113,-0.0004353523254394531,4,1,0.2569444444444444,0.5,0.25,0.16666666666666666,0.1111111111111111,0.25,0.25,0.25,0.25,0.25,0.23429487179487177,0.3333333333333333,0.25,0.2,0.15384615384615383
clip,149,EV00150,POS,NEG,0,18,-0.0008713006973266602,-1.0,0.0008713006973266602,0.004617031037807464,1.0945324731267418,-0.19087365169280765,5.793289419350188,0.005053490400314331,-0.0008812695741653442,2,0.1723449552830681,0.31763110709997056,0.9122106748167392,0.0007957220077514648,0.001466512680053711,4,1.021147087485798,-0.9160102098958873,5.404865330886087,0.004714667797088623,-0.004229247570037842,6,1.436311238568059,-0.3847617263862593,7.60230226657384,0.00663149356842041,-0.0017764568328857422,9,1.748326611170042,0.21964622241094534,9.253779405124085,0.008072078227996826,0.001014113426208496,2,1,0.38888888888888884,0.5,0.5,0.3333333333333333,0.2222222222222222,0.875,0.5,1.0,1.0,1.0,0.5075757575757576,0.5,0.6666666666666666,0.5,0.3636363636363636
clip,150,EV00151,POS,POS,1,12,0.004765152931213379,1.0,0.004765152931213379,0.004617031037807464,-0.18727829064064777,1.2739777823727827,-0.18141878640374812,-0.000864669680595398,0.005881994962692261,2,-0.16808474290528438,1.931205909787266,-0.16282576035133992,-0.0007760524749755859,0.00891643762588501,3,-0.3643256167073756,1.226140761264063,-0.3529267114343444,-0.0016821026802062988,0.005661129951477051,4,-0.2605313515031908,1.09191825189492,-0.25237992854457686,-0.0012028813362121582,0.0050414204597473145,6,0.043828548553259634,0.8466462065448817,0.04245725471526874,0.00020235776901245117,0.003908991813659668,4,1,0.625,1.0,0.6666666666666666,0.5,0.3333333333333333,0.5,0.5,0.5,0.5,0.5,0.5345238095238095,0.6666666666666666,0.5714285714285715,0.5,0.4
clip,151,EV00152,POS,POS,1,9,0.00010114908218383789,1.0,0.00010114908218383789,0.004617031037807464,-0.7102677715178906,-0.5660014887247605,-32.103355959191376,-0.0032793283462524414,-0.002613246440887451,1,-0.4615230075932347,-0.4355873510266667,-20.860354348414912,-0.002130866050720215,-0.002011120319366455,2,-0.5338433401397327,-0.4366072200504391,-24.129157287151145,-0.002464771270751953,-0.002015829086303711,3,-0.8059030845318957,-1.6155499920624499,-36.42597148403215,-0.003720879554748535,-0.007459044456481934,5,-1.0398016538066992,0.2237386082405133,-46.99794071716729,-0.0048007965087890625,0.001033008098602295,1,1,0.05,0.0,0.0,0.0,0.2,0.25,0.0,0.0,0.0,1.0,0.08333333333333334,0.0,0.0,0.0,0.33333333333333337
clip,152,EV00153,NEG,NEG,1,8,-0.008339464664459229,-1.0,0.008339464664459229,0.004617031037807464,1.5753974904018384,0.720150173260901,0.8720927913122307,0.007273659110069275,0.003324955701828003,1,0.8936247303108057,0.40171220775604716,0.4946838434048837,0.0041258931159973145,0.00185471773147583,2,1.3836524316317569,0.9424751655760588,0.7659484788184515,0.006388366222381592,0.004351437091827393,3,1.7675492058079811,1.3373064848552614,0.9784622167206926,0.008160829544067383,0.0061743855476379395,4,2.25676359385681,0.19910683485623662,1.2492766263048949,0.01041954755783081,0.0009192824363708496,2,1,0.5208333333333333,1.0,0.5,0.3333333333333333,0.25,0.5,0.5,0.5,0.5,0.5,0.4749999999999999,0.6666666666666666,0.5,0.4,0.3333333333333333
clip,153,EV00154,NEG,NEG,1,14,-0.004876434803009033,-1.0,0.004876434803009033,0.004617031037807464,1.2405770718442346,-0.42135759619814517,1.1743432924953694,0.005727782845497131,-0.0019454210996627808,2,1.3318714866399677,-1.1553308676515064,1.2607635448850738,0.0061492919921875,-0.005334198474884033,3,1.6360635601482023,-0.2378618577595902,1.5487149581927562,0.007553756237030029,-0.0010982155799865723,5,0.7628362103128459,-0.3528488627563159,0.7221087727518126,0.003522038459777832,-0.0016291141510009766,7,1.2315370302759223,0.06061120337483181,1.1657858941518349,0.005686044692993164,0.000279843807220459,3,1,0.294047619047619,0.5,0.3333333333333333,0.2,0.14285714285714285,0.3333333333333333,0.3333333333333333,0.3333333333333333,0.3333333333333333,0.3333333333333333,0.29583333333333334,0.4,0.3333333333333333,0.25,0.2
clip,154,EV00155,NEG,NEG,1,17,-0.0020000338554382324,-1.0,0.0020000338554382324,0.004617031037807464,1.8822812435487637,-0.6374149124241697,4.343030428860093,0.008690550923347473,-0.0029429644346237183,2,1.4306051359287244,-0.9768150592878911,3.3008678476272655,0.0066051483154296875,-0.004509985446929932,4,2.0346645218950195,-1.5609547249544278,4.694627841295395,0.00939410924911499,-0.007206976413726807,6,1.8819810922221472,-0.42967469263568203,4.342337882860803,0.008689165115356445,-0.001983821392059326,9,2.1818742241491638,0.41778482718132204,5.0342881436569105,0.01007378101348877,0.0019289255142211914,2,1,0.38888888888888884,0.5,0.5,0.3333333333333333,0.2222222222222222,0.875,0.5,1.0,1.0,1.0,0.5075757575757576,0.5,0.6666666666666666,0.5,0.3636363636363636
clip,155,EV00156,NEG,POS,0,8,0.00040405988693237305,1.0,0.00040405988693237305,0.004617031037807464,0.12237782798545646,1.5408962250090295,1.394910353694561,0.0005650222301483154,0.0071143656969070435,1,-0.20380597820627683,0.16345014822763482,-2.323060262015511,-0.0009409785270690918,0.0007546544075012207,2,-0.32909495131655214,1.7826665048818742,-3.7511529865901947,-0.0015194416046142578,0.008230626583099365,3,0.4672291102325693,2.3529152962499404,5.325660163607105,0.0021572113037109375,0.01086348295211792,4,0.5551831312320856,1.8645529506766683,6.328194499776845,0.002563297748565674,0.008608698844909668,3,1,0.41666666666666663,0.0,0.5,0.6666666666666666,0.5,0.41666666666666663,0.0,0.3333333333333333,0.6666666666666666,0.6666666666666666,0.4095238095238095,0.0,0.4,0.6666666666666666,0.5714285714285715
clip,156,EV00157,POS,POS,1,31,0.004615426063537598,1.0,0.004615426063537598,0.004617031037807464,0.21710300471875324,0.18557743312315383,0.21713145567409353,0.0010023713111877441,0.0008568167686462402,4,-0.9099426346911651,0.02380555037767622,-0.9100618810244684,-0.004201233386993408,0.00010991096496582031,7,0.30500538678035705,0.2310584276896144,0.30504535718357223,0.001408219337463379,0.0010668039321899414,10,0.6224557575976337,0.7050651485232032,0.6225373292966697,0.0028738975524902344,0.003255307674407959,16,0.8508935091881873,-0.21761939409787853,0.8510050172406006,0.0039286017417907715,-0.0010047554969787598,3,1,0.15446428571428572,0.25,0.14285714285714285,0.1,0.125,0.41666666666666663,0.3333333333333333,0.3333333333333333,0.3333333333333333,0.6666666666666666,0.21252168883747832,0.28571428571428575,0.2,0.15384615384615383,0.21052631578947367
clip,157,EV00158,NEG,NEG,1,32,-0.001985490322113037,-1.0,0.001985490322113037,0.004617031037807464,0.22694022239109016,-0.35639581230418277,0.5274579185425144,0.0010477900505065918,-0.0016454905271530151,4,0.05663500515556701,0.24039216571730418,0.13163194087524951,0.00026148557662963867,0.0011098980903625488,7,-0.09533838912100807,-0.5569259453866334,-0.22158693489029352,-0.00044018030166625977,-0.0025713443756103516,10,0.15742130222634698,-0.8163986986626174,0.36588098633070265,0.0007268190383911133,-0.0037693381309509277,16,0.7890429713034548,-0.2926507708847843,1.8339056818543993,0.003643035888671875,-0.00135117769241333,2,1,0.27767857142857144,0.5,0.2857142857142857,0.2,0.125,1.0,1.0,1.0,1.0,1.0,0.41666666666666674,0.6666666666666666,0.4444444444444445,0.33333333333333337,0.2222222222222222
clip,158,EV00159,POS,NEG,0,8,-0.002109825611114502,-1.0,0.002109825611114502,0.004617031037807464,0.927867801014052,-0.5461075878939585,2.029534990340636,0.004283994436264038,-0.0025213956832885742,1,0.6128896443493376,-0.8404753534643344,1.3405799587667457,0.00282973051071167,-0.0038805007934570312,2,1.2744877168846689,-1.0517173387300156,2.7877003742881397,0.005884349346160889,-0.004855811595916748,3,0.8208009181196606,-0.06102431487813204,1.79534647242527,0.003789663314819336,-0.0002817511558532715,4,1.0032929247025408,-0.23121334450335201,2.194513155882389,0.004632234573364258,-0.001067519187927246,3,1,0.6666666666666666,1.0,0.5,0.6666666666666666,0.5,0.5,0.3333333333333333,0.3333333333333333,0.6666666666666666,0.6666666666666666,0.5345238095238095,0.5,0.4,0.6666666666666666,0.5714285714285715
clip,159,EV00160,NEG,NEG,1,20,-0.0012292265892028809,-1.0,0.0012292265892028809,0.004617031037807464,0.9098522665498181,-0.37982052551475404,3.4146686401908113,0.0042008161544799805,-0.0017536431550979614,2,0.9170817178575723,-0.7355450316260739,3.4418007159947055,0.004234194755554199,-0.0033960342407226562,4,0.9851289282918084,-0.14088393235985933,3.6971813794988595,0.004548370838165283,-0.0006504654884338379,6,0.551710412657468,-0.18710078179157347,2.070564984920039,0.0025472640991210938,-0.0008638501167297363,10,1.1854880073924239,-0.45575235628150956,4.449127480349641,0.005473434925079346,-0.0021042227745056152,0,0,NA,NA,NA,NA,NA,NA,NA,NA,NA,NA,NA,NA,NA,NA,NA
clip,160,EV00161,NEG,POS,0,10,0.0057190656661987305,1.0,0.0057190656661987305,0.004617031037807464,0.9933427468535202,-0.37549899189819924,0.8017904970051589,0.0045862942934036255,-0.0017336905002593994,1,1.5755556346491955,-0.2813934824198528,1.2717317757301148,0.0072743892669677734,-0.0012992024421691895,2,0.9641247902958869,-0.23131662237917708,0.7782068145511162,0.004451394081115723,-0.0010679960250854492,3,0.7287416015560981,-0.47932553143857937,0.5882139802709617,0.0033646225929260254,-0.0022130608558654785,5,0.7049489609129,-0.5099603313551877,0.5690094174684429,0.0032547712326049805,-0.0023545026779174805,3,1,0.7666666666666666,1.0,1.0,0.6666666666666666,0.4,0.5833333333333333,0.3333333333333333,0.6666666666666666,0.6666666666666666,0.6666666666666666,0.6166666666666667,0.5,0.8,0.6666666666666666,0.5
clip,161,EV00162,POS,POS,1,8,0.001781761646270752,1.0,0.001781761646270752,0.004617031037807464,0.18620355524534324,-0.26213861344571826,0.48223361531038966,0.0008597075939178467,-0.0012103021144866943,1,0.19760930565677326,-0.8789850914126035,0.5117724511773241,0.0009123682975769043,-0.0040583014488220215,2,-0.14474394296882093,0.5867861612345538,-0.37486069919645637,-0.0006682872772216797,0.00270920991897583,3,0.5348632091635052,-0.528317973783092,1.3851992176603982,0.002469480037689209,-0.002439260482788086,4,0.15708564912991554,-0.2280375498217314,0.40682349160029263,0.0007252693176269531,-0.0010528564453125,3,1,0.41666666666666663,0.0,0.5,0.6666666666666666,0.5,0.41666666666666663,0.0,0.3333333333333333,0.6666666666666666,0.6666666666666666,0.4095238095238095,0.0,0.4,0.6666666666666666,0.5714285714285715
clip,162,EV00163,NEG,POS,0,27,0.003072023391723633,1.0,0.003072023391723633,0.004617031037807464,0.7849473580402673,0.23174264361695543,1.1793357398051372,0.0036241263151168823,0.0010699629783630371,3,0.5596757188304757,-0.17086033581808285,0.8408787814329468,0.0025840401649475098,-0.0007888674736022949,6,0.5448166144461453,0.37138724146691404,0.8185538794093424,0.002515435218811035,0.0017147064208984375,9,0.9315922594109931,0.29838269299307507,1.3996607991549446,0.004301190376281738,0.0013776421546936035,14,1.1037048394734548,0.42806097582591546,1.6582494992233145,0.005095839500427246,0.0019763708114624023,5,1,0.35912698412698413,0.6666666666666666,0.3333333333333333,0.2222222222222222,0.21428571428571427,0.45000000000000007,0.4,0.4,0.4,0.6,0.366285030758715,0.5,0.3636363636363636,0.2857142857142857,0.3157894736842105
clip,163,EV00164,NEG,NEG,1,23,-0.0036232471466064453,-1.0,0.0036232471466064453,0.004617031037807464,0.6496178389396244,-0.025031975153098802,0.8275665548653459,0.0029993057250976562,-0.00011557340621948242,3,0.47522023587453327,-0.7936646562466262,0.6053965113503229,0.0021941065788269043,-0.003664374351501465,5,0.49308730839226855,-0.27826932667614473,0.6281578808243619,0.002276599407196045,-0.001284778118133545,7,0.24252227190619602,0.5447391560392765,0.30895598767290117,0.0011197328567504883,0.002515077590942383,12,1.3876415395854997,0.42706692627109927,1.7677558396137978,0.0064067840576171875,0.0019717812538146973,2,1,0.2464285714285714,0.3333333333333333,0.2,0.2857142857142857,0.16666666666666666,0.75,0.5,0.5,1.0,1.0,0.35396825396825393,0.4,0.28571428571428575,0.4444444444444445,0.2857142857142857
clip,164,EV00165,NEG,NEG,1,16,-0.006046175956726074,-1.0,0.006046175956726074,0.004617031037807464,1.1810664233336634,0.6289751735090906,0.9017465959756901,0.005453020334243774,0.0029039978981018066,2,0.9668616540052509,-0.11006839616055719,0.7382008226241394,0.0044640302658081055,-0.0005081892013549805,4,1.1870888144677123,0.7478996475216466,0.9063447037514019,0.005480825901031494,0.003453075885772705,5,1.1493923897915657,1.0090635760142659,0.8775634074918552,0.0053067803382873535,0.004658877849578857,8,1.420922835070125,0.8690058666610071,1.0848774500353637,0.0065604448318481445,0.0040122270584106445,1,1,0.0,0.0,0.0,0.0,0.0,0.0,0.0,0.0,0.0,0.0,0.0,0.0,0.0,0.0,0.0
clip,165,EV00166,POS,POS,1,23,0.0005664825439453125,1.0,0.0005664825439453125,0.004617031037807464,-0.6377537929542206,-0.38569768213592387,-5.188757060398376,-0.0029445290565490723,-0.001780778169631958,3,-1.1677887614229043,-0.42265179707957795,-9.501115082073568,-0.005391716957092285,-0.0019513964653015137,5,-0.9406936222180765,-0.050502881278454106,-7.653471806644572,-0.004343211650848389,-0.00023317337036132812,7,-0.5718366887088765,0.3597942999055511,-4.652456306357079,-0.0026401877403259277,0.0016611814498901367,12,0.12930390053297453,-1.4294303500912144,1.0520149534817136,0.0005970001220703125,-0.006599724292755127,2,1,0.020833333333333332,0.0,0.0,0.0,0.08333333333333333,0.125,0.0,0.0,0.0,0.5,0.03571428571428571,0.0,0.0,0.0,0.14285714285714285
clip,166,EV00167,POS,POS,1,19,0.007691740989685059,1.0,0.007691740989685059,0.004617031037807464,0.9230201957175133,0.6135351310732442,0.5539784711151896,0.004261612892150879,0.0028327107429504395,2,0.9381374947914063,0.5717592303020076,0.5630515751135655,0.004331409931182861,0.0026398301124572754,4,0.9311533284387367,0.7645790244673938,0.5588598165626506,0.004299163818359375,0.0035300850868225098,6,1.0229415405782583,0.3851877476240376,0.613949286612568,0.004722952842712402,0.00177842378616333,10,0.7998484190616516,0.7326145218995379,0.480053206171974,0.003692924976348877,0.0033825039863586426,2,1,0.3208333333333333,0.5,0.25,0.3333333333333333,0.2,0.75,0.5,0.5,1.0,1.0,0.41666666666666663,0.5,0.3333333333333333,0.5,0.33333333333333337
clip,167,EV00168,POS,NEG,0,19,-0.0021575093269348145,-1.0,0.0021575093269348145,0.004617031037807464,0.9378760726682241,-0.062018364432948246,2.006108050167776,0.00433020293712616,-0.00028634071350097656,2,0.03391387247405392,0.6124507133770811,0.07254145250662603,0.00015658140182495117,0.0028277039527893066,4,1.216303543591726,-0.45754680937396996,2.6016617774511905,0.005615711212158203,-0.0021125078201293945,6,1.6229989088563324,0.40581750332009325,3.4715793177314493,0.007493436336517334,0.0018736720085144043,10,0.8782879657507843,-0.8087948650549974,1.8786496529818382,0.00405508279800415,-0.0037342309951782227,5,1,0.7041666666666666,1.0,0.75,0.6666666666666666,0.4,0.65,0.4,0.6,0.8,0.8,0.6246753246753246,0.5714285714285715,0.6666666666666665,0.7272727272727272,0.5333333333333333
clip,168,EV00169,POS,NEG,0,22,-0.002622067928314209,-1.0,0.002622067928314209,0.004617031037807464,0.0900583077194519,-0.4163583015214884,0.1585174358104985,0.000415802001953125,-0.0019223392009735107,3,0.14062573767029668,-0.6504957008841374,0.24752443065994273,0.0006492733955383301,-0.003003358840942383,5,-0.12525024390684095,-0.7869774137869535,-0.2204610324302547,-0.0005782842636108398,-0.0036334991455078125,7,-0.555906076362861,-0.11609724216184504,-0.9784861386806016,-0.0025666356086730957,-0.0005360245704650879,11,0.9007638134772129,-0.1118628492530176,1.5854924836929076,0.0041588544845581055,-0.0005164742469787598,5,1,0.491991341991342,0.6666666666666666,0.6,0.42857142857142855,0.2727272727272727,0.55,0.4,0.6,0.6,0.6,0.49375,0.5,0.6,0.5,0.37499999999999994
clip,169,EV00170,POS,POS,1,27,0.004752695560455322,1.0,0.004752695560455322,0.004617031037807464,-0.6446960026698364,0.6861588423799783,-0.6261615655487902,-0.0029765814542770386,0.0031680166721343994,3,-0.7438201714265568,2.049058875838137,-0.7224360025476138,-0.0034342408180236816,0.00946056842803955,6,-0.8013201287921587,-0.11023622270877291,-0.7782828872404487,-0.0036997199058532715,-0.0005089640617370605,9,-0.519745910089612,0.5280081401556168,-0.5048036770843142,-0.0023996829986572266,0.0024378299713134766,14,-0.5138978003710181,0.277804576234932,-0.4991236953227843,-0.0023726820945739746,0.0012826323509216309,5,1,0.4742063492063492,0.6666666666666666,0.5,0.4444444444444444,0.2857142857142857,0.65,0.4,0.6,0.8,0.8,0.509483937115516,0.5,0.5454545454545454,0.5714285714285714,0.4210526315789473
clip,170,EV00171,NEG,NEG,1,16,-0.011445999145507812,-1.0,0.011445999145507812,0.004617031037807464,1.2437496390922356,0.46079038016160073,0.5016538058539305,0.005742430686950684,0.0021274834871292114,2,0.16341141902420042,1.4160042262339567,0.06591033894354541,0.0007544755935668945,0.006537735462188721,4,1.2733903894540277,0.4741616376473264,0.5136091019681965,0.0058792829513549805,0.0021892189979553223,5,1.5051588525399393,0.505416104818885,0.6070905615236928,0.006949365139007568,0.002333521842956543,8,2.0330378953507746,-0.5524204480537652,0.8200052209802872,0.009386599063873291,-0.0025505423545837402,4,1,0.44375,0.5,0.5,0.4,0.375,0.5,0.25,0.5,0.5,0.75,0.4444444444444444,0.3333333333333333,0.5,0.4444444444444445,0.5
clip,171,EV00172,POS,POS,1,14,0.007491469383239746,1.0,0.007491469383239746,0.004617031037807464,0.6134318531974192,2.2927688433163214,0.378010741308839,0.0028322339057922363,0.010585784912109375,2,0.010934545102978177,3.146218479931179,0.0067381168400485435,5.048513412475586e-05,0.014526188373565674,3,0.16128131283530858,3.6816109882082872,0.09938523457228625,0.0007446408271789551,0.016998112201690674,5,0.6603070990875181,1.5029383782097006,0.4068963401827661,0.0030486583709716797,0.006939113140106201,7,1.6212044557638718,0.8403075269161187,0.9990232736402551,0.007485151290893555,0.003879725933074951,3,1,0.37976190476190474,0.5,0.3333333333333333,0.4,0.2857142857142857,0.5,0.3333333333333333,0.3333333333333333,0.6666666666666666,0.6666666666666666,0.4083333333333333,0.4,0.3333333333333333,0.5,0.4
clip,172,EV00173,POS,POS,1,11,0.005081474781036377,1.0,0.005081474781036377,0.004617031037807464,0.2640040700778084,0.2557386125781841,0.2398270602747953,0.0012189149856567383,0.0011807531118392944,2,0.8607049073915679,0.22865721707668177,0.7818831264342727,0.003973901271820068,0.0010557174682617188,3,0.06373535911853986,0.7990996544619199,0.057898591519641295,0.0002942681312561035,0.0036894679069519043,4,0.13145982619082264,-0.2671927744939071,0.11942097578377704,0.0006069540977478027,-0.0012336373329162598,6,0.00011618761030319197,0.26239035326804183,0.00010554736149012997,5.364418029785156e-07,0.0012114644050598145,1,1,0.18749999999999997,0.0,0.3333333333333333,0.25,0.16666666666666666,0.75,0.0,1.0,1.0,1.0,0.29642857142857143,0.0,0.5,0.4,0.2857142857142857
clip,173,EV00174,POS,POS,1,17,0.010461509227752686,1.0,0.010461509227752686,0.004617031037807464,1.4310053376975467,0.8576937118245436,0.6314924953081151,0.006606996059417725,0.0039599984884262085,2,0.6720162282591842,1.759144968662717,0.29655599017802864,0.003102719783782959,0.008122026920318604,4,1.168343880005464,1.0201013989930692,0.515581858939617,0.005394279956817627,0.004709839820861816,6,1.544895015263631,0.43248901475191487,0.6817512013949574,0.007132828235626221,0.0019968152046203613,9,2.338766227261907,0.2190394648904731,1.0320809307198577,0.010798156261444092,0.0010113120079040527,4,1,0.26388888888888884,0.0,0.5,0.3333333333333333,0.2222222222222222,0.375,0.0,0.5,0.5,0.5,0.3019230769230769,0.0,0.5,0.4,0.30769230769230765
clip,174,EV00175,NEG,POS,0,13,0.004992306232452393,1.0,0.004992306232452393,0.004617031037807464,0.5593852498047177,0.9340902930325118,0.5172322585894371,0.0025826990604400635,0.004312723875045776,2,0.051187097205795125,0.9693145035560962,0.04732984630473033,0.00023633241653442383,0.00447535514831543,3,0.4340898218272033,1.1635930977175113,0.40137858310127555,0.0020042061805725098,0.005372345447540283,4,0.6375214177336143,0.7558520439601762,0.5894804035476666,0.0029434561729431152,0.0034897923469543457,7,1.114742662452258,0.8476015268962634,1.0307402014040756,0.005146801471710205,0.003913402557373047,2,1,0.03571428571428571,0.0,0.0,0.0,0.14285714285714285,0.125,0.0,0.0,0.0,0.5,0.05555555555555556,0.0,0.0,0.0,0.22222222222222224
clip,175,EV00176,NEG,NEG,1,26,-0.005436360836029053,-1.0,0.005436360836029053,0.004617031037807464,1.148027185370503,0.8214560871444258,0.9748253439389791,0.005300477147102356,0.003792688250541687,3,1.0652080112596638,1.6460169654308423,0.9045010250411774,0.004918098449707031,0.0075997114181518555,6,0.776197785497713,1.3610216670915907,0.6590935152535484,0.0035837292671203613,0.006283879280090332,8,1.2907927115305502,0.46274943236865734,1.096051962014824,0.005959630012512207,0.002136528491973877,13,1.4599102331940852,-0.18396371631338726,1.2396548734463664,0.006740450859069824,-0.0008493661880493164,2,1,0.11137820512820512,0.0,0.16666666666666666,0.125,0.15384615384615385,0.5,0.0,0.5,0.5,1.0,0.1791666666666667,0.0,0.25,0.2,0.2666666666666667
clip,176,EV00177,POS,POS,1,34,0.0027812719345092773,1.0,0.0027812719345092773,0.004617031037807464,-0.5459558985138404,0.40148628740267983,-0.9059845292070815,-0.0025206953287124634,0.0018536746501922607,4,-0.8427474667324857,0.6444281256794151,-1.3984942171455188,-0.0038909912109375,0.0029753446578979492,7,-1.229277826742249,0.7141406918613303,-2.039920616587216,-0.005675613880157471,0.0032972097396850586,11,-0.25300497630243957,0.6937691308548374,-0.41984818731032286,-0.0011681318283081055,0.003203153610229492,17,0.14120667572181264,-0.44639279878486354,0.23432490421473168,0.0006519556045532227,-0.002061009407043457,8,1,0.17742551566080977,0.0,0.14285714285714285,0.2727272727272727,0.29411764705882354,0.28125,0.0,0.125,0.375,0.625,0.21228070175438596,0.0,0.13333333333333333,0.3157894736842105,0.4
clip,177,EV00178,POS,POS,1,23,0.002160191535949707,1.0,0.002160191535949707,0.004617031037807464,1.401997164325183,0.5595175745831186,2.995136856189342,0.006473064422607422,0.0025833100080490112,3,2.5236852639266765,0.6268063381167643,5.391439397844254,0.011651933193206787,0.002893984317779541,5,1.8324851702329874,0.4736839774716355,3.914803832308033,0.008460640907287598,0.002187013626098633,7,1.2814718832373386,0.6276712903267992,2.737654372861684,0.005916595458984375,0.002897977828979492,12,-0.029653660096270216,0.5099086924172751,-0.06335017825660147,-0.00013691186904907227,0.002354264259338379,4,1,0.23154761904761906,0.3333333333333333,0.2,0.14285714285714285,0.25,0.375,0.25,0.25,0.25,0.75,0.26618867243867245,0.28571428571428575,0.22222222222222224,0.18181818181818182,0.375
clip,178,EV00179,POS,NEG,0,11,-0.0062372684478759766,-1.0,0.0062372684478759766,0.004617031037807464,1.1284334358663175,0.05579909984810794,0.8351696053202755,0.005210012197494507,0.00025762617588043213,2,0.3631766503388218,-0.5503936197406984,0.26879219463410714,0.001676797866821289,-0.002541184425354004,3,0.7682712085281397,0.18704914285366092,0.5686084279422136,0.0035471320152282715,0.0008636116981506348,4,1.1559247154375005,0.44856163417718975,0.8555162916018527,0.005336940288543701,0.0020710229873657227,6,2.2263611691608083,0.13797924210227952,1.6477615071029283,0.010279178619384766,0.000637054443359375,1,1,0.0,0.0,0.0,0.0,0.0,0.0,0.0,0.0,0.0,0.0,0.0,0.0,0.0,0.0,0.0
clip,179,EV00180,NEG,NEG,1,8,-0.004370570182800293,-1.0,0.004370570182800293,0.004617031037807464,2.1023825341000633,0.36045269636393584,2.220429961635992,0.009706765413284302,0.0016642212867736816,1,0.8256937074868728,0.7224029219273351,0.8720558782719112,0.003812253475189209,0.0033353567123413086,2,2.40863371025756,0.6594550566119614,2.5438769444266143,0.011120736598968506,0.003044724464416504,3,2.714710604999602,-0.1312919996426069,2.8671398600123608,0.012533903121948242,-0.0006061792373657227,4,2.460492113656218,0.19124480655905396,2.598647163833082,0.01136016845703125,0.0008829832077026367,2,1,0.5208333333333333,1.0,0.5,0.3333333333333333,0.25,0.5,0.5,0.5,0.5,0.5,0.4749999999999999,0.6666666666666666,0.5,0.4,0.3333333333333333
clip,180,EV00181,NEG,NEG,1,21,-0.006747424602508545,-1.0,0.006747424602508545,0.004617031037807464,0.8237733844832505,0.03770610697700533,0.563596321853409,0.0038033872842788696,0.00017409026622772217,3,-0.03104791141990852,0.20806619058406053,-0.021241871863179485,-0.00014334917068481445,0.0009606480598449707,5,0.3118733655227235,0.11578740853436986,0.21337261558032847,0.0014399290084838867,0.0005345940589904785,7,0.4350064129751507,0.35778038132696244,0.2976158479424931,0.0020084381103515625,0.0016518831253051758,11,2.5792616708550367,-0.5308095525373715,1.764638695753994,0.011908531188964844,-0.0024507641792297363,2,1,0.022727272727272728,0.0,0.0,0.0,0.09090909090909091,0.125,0.0,0.0,0.0,0.5,0.038461538461538464,0.0,0.0,0.0,0.15384615384615385
clip,181,EV00182,POS,POS,1,16,0.00718766450881958,1.0,0.00718766450881958,0.004617031037807464,1.2968409221335553,0.19194515965449266,0.8329161530967966,0.0059875547885894775,0.0008862167596817017,2,0.9123051161006633,-0.09341483868376634,0.5859420803154106,0.004212141036987305,-0.00043129920959472656,4,0.956236942529748,-0.117556042157874,0.6141579757604968,0.004414975643157959,-0.000542759895324707,5,1.5202890613483107,0.3977489192712605,0.9764291787539439,0.007019221782684326,0.0018364191055297852,8,1.7985325685554991,0.5810026001883505,1.155135377557335,0.00830388069152832,0.002682507038116455,5,1,0.3,0.5,0.25,0.2,0.25,0.25,0.2,0.2,0.2,0.4,0.25390720390720395,0.28571428571428575,0.22222222222222224,0.20000000000000004,0.3076923076923077
clip,182,EV00183,POS,NEG,0,20,-0.0013734102249145508,-1.0,0.0013734102249145508,0.004617031037807464,0.5495383498315222,-0.49386834732819557,1.8460540904338647,0.0025372356176376343,-0.002280205488204956,2,0.5909172762675562,-1.4475556172985125,1.9850575583964218,0.002728283405303955,-0.006683409214019775,4,0.8535270950217263,-1.0609090696784458,2.867237901675211,0.003940761089324951,-0.004898250102996826,6,0.19096079240053507,0.7015666104796293,0.6414910843466645,0.0008816719055175781,0.003239154815673828,10,0.5627482356362712,-0.1685753128154534,1.8904298173171614,0.0025982260704040527,-0.0007783174514770508,1,1,0.25416666666666665,0.5,0.25,0.16666666666666666,0.1,1.0,1.0,1.0,1.0,1.0,0.3835497835497836,0.6666666666666666,0.4,0.2857142857142857,0.18181818181818182
clip,183,EV00184,NEG,POS,0,12,0.00289231538772583,1.0,0.00289231538772583,0.004617031037807464,-0.41386026789996977,0.7939260783698083,-0.6604208135468362,-0.0019108057022094727,0.0036655813455581665,2,-0.29722081689004315,0.8484019304339077,-0.4742924820727684,-0.0013722777366638184,0.003917098045349121,3,-0.4221870466383652,1.4968578932705001,-0.6737083369337509,-0.0019492506980895996,0.006911039352416992,4,-0.4391375280081531,1.2620556425822274,-0.7007572023709895,-0.0020275115966796875,0.0058269500732421875,6,-0.49689568006331764,-0.43161115280740187,-0.7929252328098361,-0.002294182777404785,-0.0019927620887756348,1,1,0.3125,0.5,0.3333333333333333,0.25,0.16666666666666666,1.0,1.0,1.0,1.0,1.0,0.463095238095238,0.6666666666666666,0.5,0.4,0.2857142857142857
clip,184,EV00185,POS,POS,1,20,0.0027838945388793945,1.0,0.0027838945388793945,0.004617031037807464,0.5636486896161209,1.563517307248337,0.9344639296195041,0.0026023834943771362,0.007218807935714722,2,1.0187716963418216,1.0146664007777755,1.6890049072891138,0.004703700542449951,0.004684746265411377,4,0.4189596130188321,2.1418669570014313,0.6945862796205234,0.001934349536895752,0.009889066219329834,6,0.6755147663027581,1.8192268729239454,1.1199248657265433,0.00311887264251709,0.008399426937103271,10,0.1413486828010721,1.278308998290196,0.23433966584183624,0.000652611255645752,0.005901992321014404,4,1,0.13333333333333333,0.0,0.0,0.3333333333333333,0.2,0.25,0.0,0.0,0.5,0.5,0.17142857142857143,0.0,0.0,0.4,0.28571428571428575
clip,185,EV00186,POS,POS,1,16,0.000965416431427002,1.0,0.000965416431427002,0.004617031037807464,0.7718568872794409,0.9224779868694316,3.6875275392953815,0.0035636872053146362,0.0042591094970703125,2,1.145532379182604,0.14187798191467552,5.472753129507414,0.005288958549499512,0.000655055046081543,4,0.3068643885452081,1.6009103531642477,1.4660371660061668,0.0014168024063110352,0.007391452789306641,5,0.4896662287555635,1.667034013161242,2.3393685194200216,0.0022608041763305664,0.007696747779846191,8,1.1453645526343883,0.28008959923756144,5.471951342247923,0.005288183689117432,0.001293182373046875,1,1,0.0,0.0,0.0,0.0,0.0,0.0,0.0,0.0,0.0,0.0,0.0,0.0,0.0,0.0,0.0
clip,186,EV00187,POS,POS,1,10,0.009409129619598389,1.0,0.009409129619598389,0.004617031037807464,0.6490239911536303,1.7920647915819548,0.3184402375496585,0.0029965639114379883,0.00827401876449585,1,-0.20234717821024786,2.7579582155013456,-0.09928058804458263,-0.0009342432022094727,0.0127335786819458,2,0.2667409337871725,1.842386936577715,0.13087504849924503,0.001231551170349121,0.008506357669830322,3,1.2950787433772901,1.6575066291163802,0.6354236334985607,0.005979418754577637,0.007652759552001953,5,1.2366234656603063,0.9104073851323778,0.6067428562454109,0.005709528923034668,0.004203379154205322,3,1,0.18333333333333335,0.0,0.0,0.3333333333333333,0.4,0.25,0.0,0.0,0.3333333333333333,0.6666666666666666,0.20833333333333331,0.0,0.0,0.3333333333333333,0.5
clip,187,EV00188,POS,POS,1,31,7.927417755126953e-06,1.0,7.927417755126953e-06,0.004617031037807464,-1.0532180953630985,0.1448988597825585,-544.6973323365818,-0.004862740635871887,0.0006690025329589844,4,-1.430269482832293,0.172822615458759,-739.6986201158926,-0.006603598594665527,0.0007979273796081543,7,-1.3278952884207027,1.065427476745792,-686.7533176741648,-0.00613093376159668,0.004919111728668213,10,-0.9520541885588331,-0.5571066816693273,-492.3779595422577,-0.004395663738250732,-0.002572178840637207,16,-0.5026534216405647,-0.10154797140498978,-259.95943201401207,-0.0023207664489746094,-0.00046885013580322266,5,1,0.2714285714285714,0.25,0.2857142857142857,0.3,0.25,0.5,0.2,0.4,0.6,0.8,0.33412698412698416,0.22222222222222224,0.3333333333333333,0.4,0.38095238095238093
clip,188,EV00189,NEG,NEG,1,33,-0.006708621978759766,-1.0,0.006708621978759766,0.004617031037807464,0.44422073595891776,-0.023924965421598946,0.30567756753698805,0.0020509809255599976,-0.00011046230792999268,4,0.17705700836758642,-0.10193526343933375,0.12183662592055423,0.0008174777030944824,-0.0004706382751464844,7,0.6964801750952452,-0.20367688086149552,0.47926255693867303,0.0032156705856323242,-0.0009403824806213379,10,0.06049501576452861,0.2892167815136011,0.04162788400027102,0.00027930736541748047,0.0013353228569030762,17,0.8428507446083108,-0.07930449889916757,0.5799832032884539,0.003891468048095703,-0.0003661513328552246,4,1,0.17762605042016807,0.25,0.14285714285714285,0.2,0.11764705882352941,0.375,0.25,0.25,0.5,0.5,0.2270021645021645,0.25,0.18181818181818182,0.28571428571428575,0.19047619047619047
clip,189,EV00190,POS,POS,1,13,0.003477156162261963,1.0,0.003477156162261963,0.004617031037807464,0.624285712459909,-0.2656145594539554,0.8286995685129498,0.002882346510887146,-0.0012263506650924683,2,0.058855479485805794,-0.05361412728768403,0.07812690484670064,0.00027173757553100586,-0.00024753808975219727,3,0.9543133920925062,-0.4001759493531494,1.2667903180692706,0.004406094551086426,-0.0018476247787475586,4,1.6801115741875903,-0.6918197609486394,2.2302412321702483,0.007757127285003662,-0.003194153308868408,7,-0.19613759592626617,0.08315159977365105,-0.26036018103442043,-0.0009055733680725098,0.000383913516998291,1,1,0.306547619047619,0.5,0.3333333333333333,0.25,0.14285714285714285,1.0,1.0,1.0,1.0,1.0,0.4541666666666666,0.6666666666666666,0.5,0.4,0.25
clip,190,EV00191,POS,POS,1,17,0.0028005242347717285,1.0,0.0028005242347717285,0.004617031037807464,-0.45796637574450927,1.002876585765621,-0.7547480563761327,-0.0021144449710845947,0.0046303123235702515,2,-0.6126701788632094,0.02587110789417741,-1.0097065007117367,-0.0028287172317504883,0.00011944770812988281,4,-0.3811082715289478,1.9869888724672764,-0.628082633223296,-0.0017595887184143066,0.009173989295959473,6,-0.52266351008167,1.6192938150611083,-0.8613716841800197,-0.002413153648376465,0.007476329803466797,9,-0.3154235425042099,0.37935254763992177,-0.5198314073894784,-0.0014563202857971191,0.0017514824867248535,2,1,0.1388888888888889,0.0,0.0,0.3333333333333333,0.2222222222222222,0.5,0.0,0.0,1.0,1.0,0.21590909090909088,0.0,0.0,0.5,0.3636363636363636
clip,191,EV00192,POS,POS,1,15,0.004490017890930176,1.0,0.004490017890930176,0.004617031037807464,0.5656206515576556,0.5319488366050668,0.5814913605979173,0.002611488103866577,0.0024560242891311646,2,0.32856565220294875,0.14030299430834337,0.33778485212497505,0.0015169978141784668,0.0006477832794189453,3,0.09820435017515347,0.7093769998388995,0.10095985894914483,0.0004534125328063965,0.0032752156257629395,5,0.6305243416464665,0.7544448829020598,0.6482161786427215,0.0029111504554748535,0.003483295440673828,8,1.205188262206054,0.5236704693709643,1.239004552674828,0.005564391613006592,0.0024178028106689453,2,1,0.3208333333333333,0.5,0.3333333333333333,0.2,0.25,0.625,0.5,0.5,0.5,1.0,0.39642857142857146,0.5,0.4,0.28571428571428575,0.4
clip,192,EV00193,POS,POS,1,14,0.00018829107284545898,1.0,0.00018829107284545898,0.004617031037807464,-1.4464195606644368,0.6546655451205742,-35.27986769207932,-0.006678164005279541,0.003022611141204834,2,-1.101484365143216,0.5412406179957026,-26.866494151458767,-0.005085587501525879,0.002498924732208252,3,-1.9320966814662572,0.9883950911147759,-47.126101681812685,-0.008920550346374512,0.004563450813293457,5,-1.8330144693465908,0.43523878819575706,-44.709370444705655,-0.008463084697723389,0.0020095109939575195,7,-0.9190827267016828,0.6537876831760612,-22.417504490340168,-0.004243433475494385,0.0030185580253601074,2,1,0.0,0.0,0.0,0.0,0.0,0.0,0.0,0.0,0.0,0.0,0.0,0.0,0.0,0.0,0.0
clip,193,EV00194,NEG,NEG,1,22,-0.0039008259773254395,-1.0,0.0039008259773254395,0.004617031037807464,0.3409041309304238,-1.2309076807201134,0.403391889481817,0.0015739649534225464,-0.005683138966560364,3,0.40577877411665886,-0.8363571481658102,0.48015806073039935,0.0018734931945800781,-0.0038614869117736816,5,-0.039439238830694605,-1.6339592734282666,-0.04666845493545972,-0.00018209218978881836,-0.007544040679931641,7,-0.025845288425221144,-1.8649660621799686,-0.030582732170471475,-0.00011932849884033203,-0.00861060619354248,11,1.0231222768609523,-0.5883482391064079,1.2106606843027998,0.004723787307739258,-0.0027164220809936523,1,1,0.1917748917748918,0.3333333333333333,0.2,0.14285714285714285,0.09090909090909091,1.0,1.0,1.0,1.0,1.0,0.31250000000000006,0.5,0.33333333333333337,0.25,0.16666666666666669
clip,194,EV00195,POS,NEG,0,11,-0.0005291104316711426,-1.0,0.0005291104316711426,0.004617031037807464,-0.7059559202021943,-0.5517297772591852,-6.14856867581784,-0.003259420394897461,-0.002547353506088257,2,-1.1658523012511843,-0.7850538633497118,-10.154065905488945,-0.0053827762603759766,-0.0036246180534362793,3,-0.5979272620891821,0.11276653066648687,-5.207686101769788,-0.002760648727416992,0.0005206465721130371,4,-0.1214160527668356,-0.5304480799719838,-1.0574809523090263,-0.0005605816841125488,-0.0024490952491760254,6,-0.9386280647015753,-1.0041836963815318,-8.1750417437036,-0.004333674907684326,-0.00463634729385376,3,1,0.5416666666666666,0.5,0.6666666666666666,0.5,0.5,0.6666666666666666,0.3333333333333333,0.6666666666666666,0.6666666666666666,1.0,0.5761904761904761,0.4,0.6666666666666666,0.5714285714285715,0.6666666666666666
clip,195,EV00196,NEG,POS,0,21,0.002198457717895508,1.0,0.002198457717895508,0.004617031037807464,-0.3083490080101933,1.8918989957349723,-0.6472763394708005,-0.001423656940460205,0.00873495638370514,3,-0.8645390985315733,2.464068110106661,-1.8148127235369718,-0.003991603851318359,0.011376678943634033,5,-0.31096968410925424,2.57315536644688,-0.6527775786130476,-0.0014357566833496094,0.011880338191986084,7,-0.04057529546477026,1.394496608593388,-0.085174357754102,-0.00018733739852905273,0.00643843412399292,11,-0.0173119539351756,1.1358758977929608,-0.036340697979080745,-7.992982864379883e-05,0.0052443742752075195,3,1,0.21450216450216453,0.3333333333333333,0.2,0.14285714285714285,0.18181818181818182,0.41666666666666663,0.3333333333333333,0.3333333333333333,0.3333333333333333,0.6666666666666666,0.26726190476190476,0.3333333333333333,0.25,0.2,0.28571428571428575
clip,196,EV00197,NEG,NEG,1,10,-0.0021361708641052246,-1.0,0.0021361708641052246,0.004617031037807464,-0.15633042966294478,0.7414931917868735,-0.33772800201905395,-0.0007217824459075928,0.0034234970808029175,1,-0.44779995984297993,0.8488537711406423,-0.9674033780118855,-0.0020675063133239746,0.00391918420791626,2,-0.536502745442228,0.7631976828782336,-1.1590321902562324,-0.0024770498275756836,0.003523707389831543,3,0.17829634287748714,1.0005173317897422,0.38518200056857466,0.0008231997489929199,0.004619419574737549,5,0.18068464375594162,0.3534039813388756,0.3903415596233272,0.0008342266082763672,0.0016316771507263184,0,0,NA,NA,NA,NA,NA,NA,NA,NA,NA,NA,NA,NA,NA,NA,NA
clip,197,EV00198,POS,POS,1,15,0.005696535110473633,1.0,0.005696535110473633,0.004617031037807464,0.0689444369804663,0.5454169170993785,0.055869529410677375,0.00031831860542297363,0.002518206834793091,2,-0.3141325690563967,2.379470620071459,-0.25455917220297963,-0.00145035982131958,0.010986089706420898,3,-0.023999196394848207,0.6260446637825545,-0.019447889743366586,-0.00011080503463745117,0.002890467643737793,5,0.08022109004711499,-0.31894790001674006,0.06500763144985475,0.00037038326263427734,-0.0014725923538208008,8,0.5336884233259951,-0.5048997154397598,0.432477548139201,0.0024640560150146484,-0.0023311376571655273,4,1,0.3208333333333333,0.5,0.3333333333333333,0.2,0.25,0.3125,0.25,0.25,0.25,0.5,0.29365079365079366,0.3333333333333333,0.28571428571428575,0.22222222222222224,0.3333333333333333
clip,198,EV00199,NEG,NEG,1,23,-0.007839500904083252,-1.0,0.007839500904083252,0.004617031037807464,1.0810805298005277,-0.45466793858534643,0.6366152394496778,0.004991382360458374,-0.0020992159843444824,3,1.241051504586306,-0.0553956706456663,0.7308172508734125,0.005729973316192627,-0.00025576353073120117,5,1.1379027261060277,-0.5915240337880284,0.6700760919115725,0.005253732204437256,-0.0027310848236083984,7,0.8711747020533334,-0.39550262547206544,0.5130081212844666,0.00402224063873291,-0.0018260478973388672,12,1.074193186456444,-0.7762494244356255,0.6325594937292596,0.004959583282470703,-0.003583967685699463,3,1,0.30297619047619045,0.3333333333333333,0.2,0.42857142857142855,0.25,0.6666666666666666,0.3333333333333333,0.3333333333333333,1.0,1.0,0.39583333333333326,0.3333333333333333,0.25,0.6,0.4
clip,199,EV00200,POS,POS,1,8,0.011053919792175293,1.0,0.011053919792175293,0.004617031037807464,1.9966324441224415,1.8317525428013532,0.8338833875693592,0.00921851396560669,0.008457258343696594,1,1.645100374282895,1.3489381556200586,0.6870678061137004,0.007595479488372803,0.006228089332580566,2,2.212418655924425,1.73644965545016,0.9240054016726034,0.010214805603027344,0.008017241954803467,3,2.153950468472963,2.560607104534135,0.8995864604896184,0.0099448561668396,0.011822402477264404,4,1.9750602778094821,1.6810152556010594,0.8248738820015147,0.009118914604187012,0.0077612996101379395,1,1,0.5208333333333333,1.0,0.5,0.3333333333333333,0.25,1.0,1.0,1.0,1.0,1.0,0.6416666666666666,1.0,0.6666666666666666,0.5,0.4
clip,200,EV00201,POS,POS,1,5,0.007694661617279053,1.0,0.007694661617279053,0.004617031037807464,1.5702239143097267,0.39312077946085,0.9420596836531427,0.007249772548675537,0.0018150508403778076,1,0.8071165995728402,0.3861172485064632,0.4842315809456017,0.003726482391357422,0.0017827153205871582,1,0.8071165995728402,0.3861172485064632,0.4842315809456017,0.003726482391357422,0.0017827153205871582,2,2.749579797825038,0.5234251844158798,1.6496171348000477,0.012694895267486572,0.002416670322418213,3,1.9170826602681892,0.2768234364145939,1.1501584379213197,0.008851230144500732,0.0012781023979187012,2,1,0.7916666666666666,1.0,1.0,0.5,0.6666666666666666,0.625,0.5,0.5,0.5,1.0,0.6583333333333333,0.6666666666666666,0.6666666666666666,0.5,0.8
clip,201,EV00202,POS,POS,1,22,0.009053826332092285,1.0,0.009053826332092285,0.004617031037807464,0.9443567593762466,0.6158169266422542,0.48152491377445544,0.004360124468803406,0.0028432458639144897,3,1.1283366128577315,1.311641932712734,0.5753357349543915,0.005209565162658691,0.006055891513824463,5,1.1404072145947854,0.9053725886859062,0.5814905015750907,0.005265295505523682,0.00418013334274292,7,0.5851208054868747,0.3959931953822345,0.2983514891086341,0.0027015209197998047,0.001828312873840332,11,0.9235624045655948,-0.14974001021185818,0.47092192945970535,0.004264116287231445,-0.0006913542747497559,1,1,0.0,0.0,0.0,0.0,0.0,0.0,0.0,0.0,0.0,0.0,0.0,0.0,0.0,0.0,0.0
clip,202,EV00203,POS,NEG,0,9,-0.0004140138626098633,-1.0,0.0004140138626098633,0.004617031037807464,1.3394979122829243,-0.3129319637499304,14.901920136345776,0.006184503436088562,-0.0014448165893554688,1,2.0841604438841794,-1.5200566861277043,23.186294059361728,0.009622633457183838,-0.007018148899078369,2,1.330257769830201,-0.39000307858438105,14.799123511120536,0.006141841411590576,-0.0018006563186645508,3,1.4508734190593924,-0.39348870689347676,16.14097313665938,0.006698727607727051,-0.0018167495727539062,5,0.4927000163579246,1.0518206166058406,5.481289838241465,0.002274811267852783,0.004856288433074951,1,1,0.0,0.0,0.0,0.0,0.0,0.0,0.0,0.0,0.0,0.0,0.0,0.0,0.0,0.0,0.0
clip,203,EV00204,NEG,NEG,1,16,-0.00018453598022460938,-1.0,0.00018453598022460938,0.004617031037807464,-0.1658642685750456,0.051932634371907274,-4.127503868237,-0.0007658004760742188,0.00023977458477020264,2,-0.01862874685194511,0.47940298984544816,-0.4635731695101176,-8.600950241088867e-05,0.002213418483734131,4,-0.798621994286229,0.1792387534943908,-19.8735713182501,-0.003687262535095215,0.0008275508880615234,5,-0.5397172693272829,0.272834328460851,-13.43077165468433,-0.002491891384124756,0.0012596845626831055,8,0.6935109361652747,-0.7237455343130609,17.257900669496546,0.0032019615173339844,-0.0033415555953979492,2,1,0.03125,0.0,0.0,0.0,0.125,0.125,0.0,0.0,0.0,0.5,0.05,0.0,0.0,0.0,0.2
clip,204,EV00205,POS,POS,1,14,0.005624949932098389,1.0,0.005624949932098389,0.004617031037807464,0.5127972455067572,0.9084418780580822,0.4208357392408922,0.0023676007986068726,0.004194304347038269,2,0.1417488845698942,1.603376112449571,0.11632862139419829,0.0006544589996337891,0.00740283727645874,3,-0.06098558567469765,1.570043178027033,-0.05004885313899752,-0.0002815723419189453,0.007248938083648682,5,0.7419095307237932,0.12592155009970382,0.6088606141077579,0.003425419330596924,0.0005813837051391602,7,1.2285161524080392,0.33442667165602086,1.00820257460061,0.005672097206115723,0.0015440583229064941,4,1,0.5845238095238094,0.5,0.6666666666666666,0.6,0.5714285714285714,0.625,0.25,0.5,0.75,1.0,0.5746753246753247,0.3333333333333333,0.5714285714285715,0.6666666666666665,0.7272727272727273
clip,205,EV00206,POS,POS,1,23,0.0011197328567504883,1.0,0.0011197328567504883,0.004617031037807464,0.5176900348739695,0.806025727009438,2.1327035649753245,0.0023901909589767456,0.0037214457988739014,3,0.03508865831156397,1.2649861523087633,0.14455311408397428,0.00016200542449951172,0.005840480327606201,5,0.8168376296348739,0.7980152367657568,3.365088001263909,0.003771364688873291,0.0036844611167907715,7,0.6415492548907916,0.9286875691534133,2.6429606344382273,0.002962052822113037,0.004287779331207275,12,0.5772845966586483,0.23241394980981833,2.378212510115187,0.0026653409004211426,0.0010730624198913574,2,1,0.1898809523809524,0.3333333333333333,0.2,0.14285714285714285,0.08333333333333333,0.5,0.5,0.5,0.5,0.5,0.2626984126984127,0.4,0.28571428571428575,0.22222222222222224,0.14285714285714285
clip,206,EV00207,POS,POS,1,26,0.005231261253356934,1.0,0.005231261253356934,0.004617031037807464,0.21544410383831322,0.2933930806172769,0.19011132398939662,0.0009947121143341064,0.001354604959487915,3,-0.47489749251257996,0.5789886816097618,-0.4190571449964912,-0.0021926164627075195,0.002673208713531494,6,-0.365048561838151,0.2003332596316592,-0.3221246911614686,-0.0016854405403137207,0.0009249448776245117,8,-0.11053314660176995,0.49761862519409306,-0.0975362169156733,-0.0005103349685668945,0.002297520637512207,13,1.812255616305754,-0.10336824396640645,1.5991633490312196,0.00836724042892456,-0.00047725439071655273,3,1,0.2676282051282051,0.3333333333333333,0.3333333333333333,0.25,0.15384615384615385,0.5833333333333333,0.3333333333333333,0.6666666666666666,0.6666666666666666,0.6666666666666666,0.34785353535353536,0.3333333333333333,0.4444444444444444,0.36363636363636365,0.25
clip,207,EV00208,POS,POS,1,20,0.0032566189765930176,1.0,0.0032566189765930176,0.004617031037807464,0.6809594468189104,0.12934262973640892,0.9651254256688043,0.003144010901451111,0.0005971789360046387,2,0.45941872087329916,0.010908725634021912,0.6511352336976599,0.002121150493621826,5.036592483520508e-05,4,0.15003693410485522,-0.41449284488939825,0.21264769961036903,0.0006927251815795898,-0.0019137263298034668,6,0.5391105118068107,1.14300207122489,0.7640825964316823,0.0024890899658203125,0.005277276039123535,10,1.5752716204906767,-0.22204743302387797,2.232636172935506,0.007273077964782715,-0.0010251998901367188,3,1,0.3208333333333333,0.5,0.25,0.3333333333333333,0.2,0.5,0.3333333333333333,0.3333333333333333,0.6666666666666666,0.6666666666666666,0.35946275946275946,0.4,0.28571428571428575,0.4444444444444444,0.30769230769230765
clip,208,EV00209,NEG,NEG,1,13,-0.003775358200073242,-1.0,0.003775358200073242,0.004617031037807464,0.764750078449229,-0.2779530381814305,0.9349946856993869,0.0035308748483657837,-0.0012833178043365479,2,0.2916954505334025,0.09247242806686266,0.3566311449676121,0.0013467669486999512,0.00042694807052612305,3,0.5382197401278196,-0.5150596764740499,0.6580353646755793,0.0024849772453308105,-0.0023780465126037598,4,0.9176884753780445,-0.5308611914752841,1.1219794175712638,0.004236996173858643,-0.002451002597808838,7,1.3113966477576495,-0.15836371284325065,1.6033328155830924,0.0060547590255737305,-0.0007311701774597168,4,1,0.40476190476190477,0.5,0.3333333333333333,0.5,0.2857142857142857,0.375,0.25,0.25,0.5,0.5,0.3706709956709957,0.3333333333333333,0.28571428571428575,0.5,0.36363636363636365
clip,209,EV00210,POS,POS,1,25,0.004807114601135254,1.0,0.004807114601135254,0.004617031037807464,-0.057796881258598935,-0.6160073452258066,-0.05549992394033562,-0.00026684999465942383,-0.0028441250324249268,3,-0.2141337657887828,-0.6321122389872768,-0.20562368514593415,-0.0009886622428894043,-0.0029184818267822266,5,-0.052891182156908606,-1.2480356709389755,-0.050789186594495224,-0.0002442002296447754,-0.005762219429016113,8,-0.5289763702414767,-0.3067740204038612,-0.5079538493310817,-0.002442300319671631,-0.0014163851737976074,13,0.5648137931527724,-0.2771074505731128,0.5423670253101686,0.0026077628135681152,-0.0012794137001037598,5,1,0.15096153846153848,0.0,0.2,0.25,0.15384615384615385,0.25,0.0,0.2,0.4,0.4,0.1824786324786325,0.0,0.20000000000000004,0.3076923076923077,0.2222222222222222
clip,210,EV00211,NEG,NEG,1,18,-0.0004394650459289551,-1.0,0.0004394650459289551,0.004617031037807464,0.7188721095475659,-0.19642806495202414,7.535342185882751,0.0033190548419952393,-0.0009069144725799561,2,0.7094544582457682,-0.7746615270948152,7.436624730853049,0.003275573253631592,-0.00357663631439209,4,0.6358689717204133,0.018383461896860596,6.665288893060994,0.0029358267784118652,8.487701416015625e-05,6,0.9891051265110732,-0.256361507266754,10.36797155861647,0.0045667290687561035,-0.001183629035949707,9,0.5410598817130087,0.22692731265661203,5.671483561000494,0.0024980902671813965,0.0010477304458618164,3,1,0.35416666666666663,0.5,0.25,0.3333333333333333,0.3333333333333333,0.5833333333333333,0.3333333333333333,0.3333333333333333,0.6666666666666666,1.0,0.40753968253968254,0.4,0.28571428571428575,0.4444444444444444,0.5
clip,211,EV00212,NEG,NEG,1,17,-0.0063936710357666016,-1.0,0.0063936710357666016,0.004617031037807464,1.5497490754274088,-0.7232323723675551,1.118937869053961,0.007155239582061768,-0.0033391863107681274,2,0.6347974637587284,-1.0478444183865758,0.4583315664719178,0.002930879592895508,-0.004837930202484131,4,1.825823747242271,-1.3006944778752778,1.3182671733125222,0.008429884910583496,-0.006005346775054932,6,1.49001573399709,-0.20193406670694763,1.075809662797035,0.006879448890686035,-0.0009323358535766602,9,2.248359356711546,-0.3424565265014192,1.6233430736343692,0.010380744934082031,-0.0015811324119567871,3,1,0.2847222222222222,0.5,0.25,0.16666666666666666,0.2222222222222222,0.41666666666666663,0.3333333333333333,0.3333333333333333,0.3333333333333333,0.6666666666666666,0.3103174603174603,0.4,0.28571428571428575,0.2222222222222222,0.3333333333333333
clip,212,EV00213,NEG,NEG,1,8,-0.0015461444854736328,-1.0,0.0015461444854736328,0.004617031037807464,0.284966251436676,0.5310354728907388,0.8504041089659442,0.0013156980276107788,0.0024518072605133057,1,-0.34986671409186726,0.8447613853110744,-1.0440818509354348,-0.0016153454780578613,0.003900289535522461,2,0.5649170710285975,1.172152251676513,1.6858410285629197,0.0026082396507263184,0.005411863327026367,3,0.09364721390437272,0.1773281127916272,0.27946458605533536,0.0004323720932006836,0.0008187294006347656,4,0.8311674349056009,-0.07009985821625915,2.4803926721809564,0.0038375258445739746,-0.0003236532211303711,1,1,0.14583333333333331,0.0,0.0,0.3333333333333333,0.25,0.5,0.0,0.0,1.0,1.0,0.225,0.0,0.0,0.5,0.4
clip,213,EV00214,NEG,POS,0,16,0.0006327629089355469,1.0,0.0006327629089355469,0.004617031037807464,0.08745054135486915,0.17851258092999586,0.6370866108063107,0.0004037618637084961,0.0008241981267929077,2,0.11168211297032374,0.23644178696699564,0.8136162193807785,0.0005156397819519043,0.0010916590690612793,4,0.4094193192394922,0.8382290596651394,2.982663828625825,0.0018903017044067383,0.0038701295852661133,5,0.44778705010850184,-0.6111081009913554,3.2621768796025528,0.0020674467086791992,-0.002821505069732666,8,-0.6190863168988412,0.25048757807920374,-4.5101104843839135,-0.0028583407402038574,0.0011565089225769043,1,1,0.0,0.0,0.0,0.0,0.0,0.0,0.0,0.0,0.0,0.0,0.0,0.0,0.0,0.0,0.0
clip,214,EV00215,POS,POS,1,23,0.0018551945686340332,1.0,0.0018551945686340332,0.004617031037807464,0.4315788784712065,0.10085084574317062,1.0734936470749685,0.0019926130771636963,0.00046563148498535156,3,0.7949427199599612,0.2799605018927801,1.9773116856144939,0.0036702752113342285,0.001292586326599121,5,0.7041872865786902,-0.1703697659079138,1.751569912714387,0.0032512545585632324,-0.0007866024971008301,7,0.5188034994727084,-0.6345134496002094,1.2904530053394883,0.002395331859588623,-0.0029295682907104492,12,-0.2916179921265337,0.9283260965880257,-0.7253600153684948,-0.0013464093208312988,0.0042861104011535645,5,1,0.4005952380952381,0.6666666666666666,0.4,0.2857142857142857,0.25,0.45000000000000007,0.4,0.4,0.4,0.6,0.3965686274509804,0.5,0.4000000000000001,0.3333333333333333,0.35294117647058826
clip,215,EV00216,POS,NEG,0,19,-0.0016980767250061035,-1.0,0.0016980767250061035,0.004617031037807464,0.2789825895060616,-0.18878550214096973,0.7581007118750085,0.0012880712747573853,-0.0008716285228729248,2,0.851061335736403,-0.6425433044456078,2.312654010464852,0.0039293766021728516,-0.002966642379760742,4,0.4276865935260496,-0.32261426460852966,1.1621854667903961,0.001974642276763916,-0.0014895200729370117,6,0.09213677497043123,0.03382350433270699,0.2503703002349319,0.0004253983497619629,0.00015616416931152344,10,-0.25495434620863755,0.17619205615755154,-0.6928069299901457,-0.0011771321296691895,0.0008134841918945312,3,1,0.5333333333333333,1.0,0.5,0.3333333333333333,0.3,0.75,0.6666666666666666,0.6666666666666666,0.6666666666666666,1.0,0.5693528693528693,0.8,0.5714285714285715,0.4444444444444444,0.4615384615384615
clip,216,EV00217,NEG,NEG,1,10,-0.0007150173187255859,-1.0,0.0007150173187255859,0.004617031037807464,0.05724176267603924,-0.5577683055613316,0.3691069866919939,0.00026428699493408203,-0.002575233578681946,1,0.7402829041795486,-1.0423448714988914,4.773500662579839,0.0034179091453552246,-0.0048125386238098145,2,0.13533274653426236,-0.42125754575593966,0.8726541591096465,0.0006248354911804199,-0.0019449591636657715,3,-0.38631089452363515,-0.09520929177622675,-2.4910143143372183,-0.001783609390258789,-0.00043958425521850586,5,-0.2603377054860188,-0.6722615132142687,-1.6787125605842916,-0.0012019872665405273,-0.0031038522720336914,2,1,0.0,0.0,0.0,0.0,0.0,0.0,0.0,0.0,0.0,0.0,0.0,0.0,0.0,0.0,0.0
clip,217,EV00218,NEG,POS,0,13,0.003206193447113037,1.0,0.003206193447113037,0.004617031037807464,0.23835565510337878,0.4647568960800069,0.3431334828399093,0.001100495457649231,0.00214579701423645,2,0.2115905480965907,-0.9409259974386829,0.30460280740097834,0.0009769201278686523,-0.004344284534454346,3,-0.1630886756622471,0.6782903592155566,-0.23478018705897252,-0.0007529854774475098,0.003131687641143799,4,-0.4731288588890758,0.8538627481181578,-0.6811097186356593,-0.002184450626373291,0.003942310810089111,7,1.3780496068682473,1.2678004744249962,1.9838210296532908,0.006362497806549072,0.005853474140167236,0,0,NA,NA,NA,NA,NA,NA,NA,NA,NA,NA,NA,NA,NA,NA,NA
clip,218,EV00219,POS,POS,1,11,0.006241738796234131,1.0,0.006241738796234131,0.004617031037807464,-0.07621584492527439,1.3036378973362919,-0.05636803542140623,-0.0003518909215927124,0.006018936634063721,2,-0.16286921017611886,2.1377874809063413,-0.12045549606207259,-0.0007519721984863281,0.00987023115158081,3,-0.14181343324228485,1.299455143365377,-0.10488297592278593,-0.000654757022857666,0.005999624729156494,4,0.23365328431971905,1.071353044871255,0.17280627958365977,0.001078784465789795,0.004946470260620117,6,-0.2338340206024129,0.7059559202021943,-0.1729399492844262,-0.0010796189308166504,0.003259420394897461,4,1,0.6666666666666666,1.0,0.6666666666666666,0.5,0.5,0.5625,0.5,0.5,0.5,0.75,0.5845238095238096,0.6666666666666666,0.5714285714285715,0.5,0.6
clip,219,EV00220,NEG,POS,0,28,0.002805173397064209,1.0,0.002805173397064209,0.004617031037807464,-0.4138699502008284,0.5530594799104328,-0.6809452358475663,-0.0019108504056930542,0.002553492784500122,3,-1.5654344028183398,1.196603288778096,-2.5756281607634697,-0.007227659225463867,0.005524754524230957,6,-0.12342997134542426,1.16698835788526,-0.20308082504584807,-0.0005698800086975098,0.005388021469116211,9,0.06849905114097073,-0.15205085268344387,0.11270231750792488,0.00031626224517822266,-0.0007020235061645508,14,-0.03511447778052024,0.0006971256618191518,-0.05777427508887216,-0.0001621246337890625,3.2186508178710938e-06,3,1,0.23412698412698413,0.3333333333333333,0.16666666666666666,0.2222222222222222,0.21428571428571427,0.5833333333333333,0.3333333333333333,0.3333333333333333,0.6666666666666666,1.0,0.3104575163398693,0.3333333333333333,0.2222222222222222,0.3333333333333333,0.35294117647058826
clip,220,EV00221,NEG,NEG,1,6,-0.01003485918045044,-1.0,0.01003485918045044,0.004617031037807464,1.4300048332754913,0.7332245068536296,0.6578785713044748,0.006602376699447632,0.00338532030582428,1,1.0623420502055185,1.20811877193259,0.488734061566092,0.0049048662185668945,0.0055779218673706055,2,1.4020229837941394,0.5604244834302073,0.6450054265913322,0.006473183631896973,0.0025874972343444824,2,1.4020229837941394,0.5604244834302073,0.6450054265913322,0.006473183631896973,0.0025874972343444824,3,1.8536313153081683,0.6039302886215137,0.8527693704691427,0.008558273315429688,0.002788364887237549,3,1,0.3333333333333333,0.0,0.5,0.5,0.3333333333333333,0.25,0.0,0.3333333333333333,0.3333333333333333,0.3333333333333333,0.2833333333333333,0.0,0.4,0.4,0.3333333333333333
clip,221,EV00222,NEG,NEG,1,21,-0.002721726894378662,-1.0,0.002721726894378662,0.004617031037807464,0.36038169282430615,0.3924042891973136,0.6111128753540022,0.001663893461227417,0.0018117427825927734,3,0.8668757604721152,-0.3936565334416925,1.469994034394723,0.004002392292022705,-0.0018175244331359863,5,-0.251778551527017,-0.11002966695712278,-0.42695041851405513,-0.0011624693870544434,-0.0005080103874206543,7,-0.2513783497581949,1.5441462506638992,-0.42627178122882026,-0.0011606216430664062,0.007129371166229248,11,1.0778079121103212,0.5291571065241706,1.827679666764161,0.0049762725830078125,0.0024431347846984863,2,1,0.10844155844155845,0.0,0.2,0.14285714285714285,0.09090909090909091,0.375,0.0,0.5,0.5,0.5,0.16544566544566547,0.0,0.28571428571428575,0.22222222222222224,0.15384615384615385
clip,222,EV00223,POS,POS,1,13,0.004821479320526123,1.0,0.004821479320526123,0.004617031037807464,0.3757120025170884,1.3220826804719237,0.35970584042005677,0.0017346739768981934,0.00610409677028656,2,-0.08720525639978463,2.149432061405617,-0.0834901196453109,-0.00040262937545776367,0.009923994541168213,3,0.3381059459822886,1.7614041721963902,0.32370188504969544,0.0015610456466674805,0.008132457733154297,4,0.35980720964002927,0.819380847327066,0.34447862688889125,0.0016612410545349121,0.003783106803894043,7,0.8921401108458205,0.5581136409586217,0.8541329693869513,0.0041190385818481445,0.0025768280029296875,2,1,0.306547619047619,0.5,0.3333333333333333,0.25,0.14285714285714285,0.5,0.5,0.5,0.5,0.5,0.36388888888888893,0.5,0.4,0.3333333333333333,0.22222222222222224
clip,223,EV00224,POS,POS,1,30,0.0058438777923583984,1.0,0.0058438777923583984,0.004617031037807464,0.48209789691775834,0.6205515717621092,0.3808224966210735,0.0022258609533309937,0.0028651058673858643,3,0.7852475093668838,0.6729328194071316,0.6202887813750203,0.00362551212310791,0.0031069517135620117,6,-0.07974342987142409,0.5279565012177043,-0.06299154642017395,-0.0003681778907775879,0.002437591552734375,9,0.7224287413962913,1.165232633996234,0.5706664946855973,0.0033354759216308594,0.005379915237426758,15,0.5004587667792821,0.1160843324273669,0.3953262568438503,0.002310633659362793,0.0005359649658203125,4,1,0.2722222222222222,0.3333333333333333,0.3333333333333333,0.2222222222222222,0.2,0.5,0.25,0.5,0.5,0.75,0.327299016772701,0.28571428571428575,0.4,0.30769230769230765,0.31578947368421056
clip,224,EV00225,POS,NEG,0,14,-0.007685244083404541,-1.0,0.007685244083404541,0.004617031037807464,2.2235662116462924,0.47471352879626655,1.335668514086994,0.010266274213790894,0.00219176709651947,2,2.4814962516521395,1.015208609625857,1.4906038748909973,0.01145714521408081,0.004687249660491943,3,2.0179980546837504,1.2812911469546446,1.2121862839129385,0.009317159652709961,0.0059157609939575195,5,2.262198592072104,-0.14567344385124645,1.3588745035865302,0.01044464111328125,-0.0006725788116455078,7,2.132571948177176,-0.251972197544189,1.2810093939575107,0.009846150875091553,-0.0011633634567260742,1,1,0.0,0.0,0.0,0.0,0.0,0.0,0.0,0.0,0.0,0.0,0.0,0.0,0.0,0.0,0.0
clip,225,EV00226,POS,POS,1,7,0.0008279681205749512,1.0,0.0008279681205749512,0.004617031037807464,-0.3886475564641771,0.4978574552819385,-2.1646162095094637,-0.0017943978309631348,0.0022986233234405518,1,-0.32615153185553797,1.188715441011957,-1.816537582363298,-0.0015058517456054688,0.005488336086273193,2,-0.4616650146724942,1.1340556252315441,-2.5712951426097965,-0.002131521701812744,0.0052359700202941895,3,-0.39261084494896376,-0.08368089888725448,-2.1866901897891315,-0.0018126964569091797,-0.00038635730743408203,4,-0.37416283437971254,-0.24766034622849273,-2.083941923275628,-0.0017275214195251465,-0.0011434555053710938,3,1,0.20833333333333331,0.0,0.0,0.3333333333333333,0.5,0.25,0.0,0.0,0.3333333333333333,0.6666666666666666,0.22619047619047622,0.0,0.0,0.3333333333333333,0.5714285714285715
clip,226,EV00227,POS,NEG,0,20,-0.00038820505142211914,-1.0,0.00038820505142211914,0.004617031037807464,-0.08480081835323247,-0.2501325603810551,-1.0059684707013443,-0.00039152801036834717,-0.001154869794845581,2,0.17061505086299833,0.04395764589804096,2.0239587910620687,0.0007877349853515625,0.00020295381546020508,4,-0.1686140420188878,0.04686233615562076,-2.000221380906604,-0.000778496265411377,0.00021636486053466797,6,0.7235906174993233,-0.4438883102961058,8.583753801379308,0.0033408403396606445,-0.0020494461059570312,10,-1.0647948997563637,-0.6474619132817763,-12.631365094340149,-0.004916191101074219,-0.002989351749420166,4,1,0.22083333333333333,0.0,0.25,0.3333333333333333,0.3,0.375,0.0,0.25,0.5,0.75,0.26964285714285713,0.0,0.25,0.4,0.4285714285714285
clip,227,EV00228,NEG,NEG,1,15,-0.0022425055503845215,-1.0,0.0022425055503845215,0.004617031037807464,0.11247283420710935,0.17353265085505626,0.23146390984207466,0.000519290566444397,0.0008012056350708008,2,0.9492011372391658,0.18916633930807464,1.9534121994947782,0.004382491111755371,0.0008733868598937988,3,0.9317471762247307,-0.2860797160354149,1.9174927520378657,0.004301905632019043,-0.0013208389282226562,5,-1.6319969937875907,0.6434211663901208,-3.3585746077759144,-0.007534980773925781,0.0029706954956054688,8,0.20094001715213144,0.14762281375744446,0.413525295611569,0.0009277462959289551,0.0006815791130065918,5,1,0.16458333333333333,0.0,0.3333333333333333,0.2,0.125,0.15000000000000002,0.0,0.2,0.2,0.2,0.15096153846153848,0.0,0.25,0.20000000000000004,0.15384615384615385
clip,228,EV00229,POS,NEG,0,13,-0.0014855265617370605,-1.0,0.0014855265617370605,0.004617031037807464,0.8127904278759793,0.15167324294995851,2.5244612032704374,0.003752678632736206,0.0007002800703048706,2,0.7029221325998333,-1.0628197103812094,2.183219181487656,0.003245413303375244,-0.004907071590423584,3,0.41782355638475643,0.6910193574109952,1.2977261071617106,0.0019291043281555176,0.003190457820892334,4,0.7073372617913546,0.631156918635895,2.1969322149697907,0.0032657980918884277,0.0029140710830688477,7,1.4230787607279733,0.3473364061341533,4.419967309462593,0.006570398807525635,0.0016036629676818848,1,1,0.181547619047619,0.0,0.3333333333333333,0.25,0.14285714285714285,0.75,0.0,1.0,1.0,1.0,0.2875,0.0,0.5,0.4,0.25
clip,229,EV00230,POS,POS,1,15,0.003588259220123291,1.0,0.003588259220123291,0.004617031037807464,-0.339361417660287,0.5269592242292686,-0.4365363720701304,-0.0015668421983718872,0.002432987093925476,2,-0.2344407781228851,0.603181524021782,-0.30157207455300833,-0.0010824203491210938,0.002784907817840576,3,-0.1865973021469263,0.3308635849400563,-0.24002878665138672,-0.0008615255355834961,0.0015276074409484863,5,-0.6457320088617066,1.3082337628105072,-0.8306351099706456,-0.0029813647270202637,0.00604015588760376,8,-0.29067558150963,-0.13444197485527123,-0.37390951710548104,-0.0013420581817626953,-0.000620722770690918,4,1,0.4520833333333333,0.5,0.3333333333333333,0.6,0.375,0.5,0.25,0.25,0.75,0.75,0.4464285714285714,0.3333333333333333,0.28571428571428575,0.6666666666666665,0.5
clip,230,EV00231,POS,NEG,0,21,-0.0015870928764343262,-1.0,0.0015870928764343262,0.004617031037807464,0.4770986022411015,-0.2749902541186991,1.3870593384862508,0.0022027790546417236,-0.0012696385383605957,3,0.46455679519559584,-0.00899808493125831,1.3505967906979215,0.0021448731422424316,-4.1544437408447266e-05,5,0.22211198169626864,-0.8279529110205459,0.6457417752940875,0.0010254979133605957,-0.0038226842880249023,7,0.40493964137558025,-0.5292732941344738,1.1772730174745507,0.0018696188926696777,-0.002443671226501465,11,0.8167859906969613,0.26626327361148155,2.3746257704784437,0.0037711262702941895,0.0012293457984924316,4,1,0.4062770562770563,0.6666666666666666,0.4,0.2857142857142857,0.2727272727272727,0.5625,0.5,0.5,0.5,0.75,0.44487734487734487,0.5714285714285715,0.4444444444444445,0.36363636363636365,0.39999999999999997
clip,231,EV00232,POS,POS,1,27,0.002104341983795166,1.0,0.002104341983795166,0.004617031037807464,0.37894589100386056,0.8785171135377712,0.831031230973947,0.0017496049404144287,0.004056140780448914,3,-0.3688311140402438,1.276437086790867,-0.8088494478997622,-0.0017029047012329102,0.005893349647521973,6,0.5839976585872771,0.43096566608349524,1.2807113221785629,0.0026963353157043457,0.0019897818565368652,9,0.5258134852943342,1.0682805280654595,1.153112986102811,0.00242769718170166,0.004932284355163574,14,0.7748035341740747,0.7383851732112631,1.6991500635141765,0.003577291965484619,0.003409147262573242,6,1,0.4464285714285714,0.6666666666666666,0.5,0.3333333333333333,0.2857142857142857,0.5,0.3333333333333333,0.5,0.5,0.6666666666666666,0.4361111111111111,0.4444444444444444,0.5,0.4,0.4
clip,232,EV00233,NEG,NEG,1,14,-0.009529829025268555,-1.0,0.009529829025268555,0.004617031037807464,0.8763805524816403,0.27496443464974285,0.42454609153211337,0.004046276211738586,0.001269519329071045,2,0.6380894460506521,1.3635261555803484,0.30911044249167186,0.0029460787773132324,0.006295442581176758,3,0.8403204366505967,0.17612750748516087,0.40707744598433865,0.0038797855377197266,0.0008131861686706543,5,1.0215989281925326,-0.4762271951638276,0.49489440500406584,0.004716753959655762,-0.0021987557411193848,7,1.0055133990327796,0.03643127069728975,0.4871020726483772,0.004642486572265625,0.00016820430755615234,1,1,0.08571428571428572,0.0,0.0,0.2,0.14285714285714285,0.5,0.0,0.0,1.0,1.0,0.14583333333333334,0.0,0.0,0.33333333333333337,0.25
clip,233,EV00234,NEG,NEG,1,26,-0.000850975513458252,-1.0,0.000850975513458252,0.004617031037807464,0.3170178947122593,-0.12444984036919672,1.7179853602665804,0.0014636814594268799,-0.0005745887756347656,3,1.3898878333846947,-0.9997943866589668,7.532088850488489,0.0064171552658081055,-0.004616081714630127,6,-0.25574184001180367,0.33339389289777027,-1.385917780908556,-0.0011807680130004883,0.0015392899513244629,8,-0.3701220874880571,0.5160020870909536,-2.0057679343083445,-0.0017088651657104492,0.0023823976516723633,13,0.504047672964203,-0.347400954806544,2.731538305794733,0.0023272037506103516,-0.0016039609909057617,3,1,0.17548076923076922,0.3333333333333333,0.16666666666666666,0.125,0.07692307692307693,0.3333333333333333,0.3333333333333333,0.3333333333333333,0.3333333333333333,0.3333333333333333,0.21559343434343436,0.3333333333333333,0.2222222222222222,0.18181818181818182,0.125
clip,234,EV00235,NEG,POS,0,22,0.00024110078811645508,1.0,0.00024110078811645508,0.004617031037807464,-0.5273142419274172,1.2658446496515592,-10.056250706981167,-0.0024346262216567993,0.005844444036483765,3,-0.5830294285014173,1.0653758378078797,-11.118778209228106,-0.0026918649673461914,0.004918873310089111,5,-0.7367972758704527,1.6389037017333914,-14.051238402534779,-0.003401815891265869,0.007566869258880615,7,-0.649876033629187,1.0464243475939812,-12.393589634040628,-0.003000497817993164,0.004831373691558838,11,-0.13955422970861167,1.3126747114709847,-2.66139658212116,-0.0006443262100219727,0.006060659885406494,6,1,0.40411255411255415,0.3333333333333333,0.4,0.42857142857142855,0.45454545454545453,0.45833333333333337,0.16666666666666666,0.3333333333333333,0.5,0.8333333333333334,0.4089080853786736,0.2222222222222222,0.3636363636363636,0.4615384615384615,0.5882352941176471
clip,235,EV00236,NEG,NEG,1,24,-0.0010643601417541504,-1.0,0.0010643601417541504,0.004617031037807464,-0.12578599788768344,-1.0730216280525535,-0.5451281999463409,-0.0005807578563690186,-0.004954174160957336,3,0.6141935275316289,0.2690259567898019,2.661776491060411,0.0028357505798339844,0.0012421011924743652,5,0.10952618731247563,-1.2004503896525793,0.4746618410576032,0.0005056858062744141,-0.0055425167083740234,8,-0.5282921543141357,-1.810809726044203,-2.2894992762563926,-0.002439141273498535,-0.008360564708709717,12,-0.6985715520807027,-1.5498523533032338,-3.0274518556469854,-0.0032253265380859375,-0.007155716419219971,0,0,NA,NA,NA,NA,NA,NA,NA,NA,NA,NA,NA,NA,NA,NA,NA
clip,236,EV00237,NEG,NEG,1,21,-0.0024390816688537598,-1.0,0.0024390816688537598,0.004617031037807464,-0.024154113208585796,-0.0043538079527501656,-0.04570350730397604,-0.00011152029037475586,-2.0101666450500488e-05,3,0.265617786887575,0.35046056187786134,0.5025920164507253,0.0012263655662536621,0.0016180872917175293,5,-0.3592520910574695,0.322549715936139,-0.6797633357857003,-0.0016586780548095703,0.0014892220497131348,7,-0.6420914637388732,-0.1978287711429015,-1.214941391115904,-0.0029645562171936035,-0.0009133815765380859,11,0.6391093150744246,-0.4925967384820995,1.2092986812349749,0.0029507875442504883,-0.00227433443069458,4,1,0.6004329004329004,0.6666666666666666,0.8,0.5714285714285714,0.36363636363636365,0.875,0.5,1.0,1.0,1.0,0.6802308802308803,0.5714285714285715,0.888888888888889,0.7272727272727273,0.5333333333333333
clip,237,EV00238,NEG,NEG,1,33,-0.0006162524223327637,-1.0,0.0006162524223327637,0.004617031037807464,0.6966318644753632,-0.34872420259055253,5.210787068364836,0.003216370940208435,-0.0016100704669952393,4,0.9775380044186666,0.40036959537032135,7.311957221618159,0.0045133233070373535,0.0018485188484191895,7,0.763133134205843,-0.3133321655187525,5.708214725657536,0.003523409366607666,-0.0014466643333435059,10,0.5205979525651688,-0.9307143974664801,3.894058278667396,0.0024036169052124023,-0.004297137260437012,17,0.5252583667117746,-0.551219842747299,3.9289180475162513,0.0024251341819763184,-0.002544999122619629,5,1,0.23203781512605043,0.25,0.14285714285714285,0.3,0.23529411764705882,0.45,0.2,0.2,0.6,0.8,0.2881313131313131,0.22222222222222224,0.16666666666666666,0.4,0.3636363636363636
clip,238,EV00239,NEG,NEG,1,17,-0.005761563777923584,-1.0,0.005761563777923584,0.004617031037807464,2.3225677379254708,0.157863460632223,1.8608674448851141,0.01072336733341217,0.0007288604974746704,2,1.7972415951076859,0.2768879850869846,1.4399702193041513,0.008297920227050781,0.0012784004211425781,4,2.2199966700630887,0.19524682424727502,1.7786863494296614,0.010249793529510498,0.0009014606475830078,6,2.8571307957623593,-0.07428261218717407,2.2891653908711462,0.013191461563110352,-0.00034296512603759766,9,2.4159018907687484,0.2336016453818065,1.9356478199354976,0.01115429401397705,0.0010785460472106934,1,1,0.2569444444444444,0.5,0.25,0.16666666666666666,0.1111111111111111,1.0,1.0,1.0,1.0,1.0,0.3880952380952381,0.6666666666666666,0.4,0.2857142857142857,0.19999999999999998
clip,239,EV00240,POS,POS,1,22,0.009666621685028076,1.0,0.009666621685028076,0.004617031037807464,1.0948681262231732,1.610066582342863,0.5228835266596192,0.005055040121078491,0.007433727383613586,3,0.5812995240813476,1.652988222049034,0.27761511904243436,0.002683877944946289,0.007631897926330566,5,0.9845867194437268,1.536697333870017,0.4702156943237395,0.004545867443084717,0.007094979286193848,7,0.8959226630479132,1.9074649080819805,0.4278718052417585,0.004136502742767334,0.008806824684143066,11,1.9176635983197052,1.343115865370421,0.9158314880305448,0.008853912353515625,0.006201207637786865,3,1,0.21450216450216453,0.3333333333333333,0.2,0.14285714285714285,0.18181818181818182,0.41666666666666663,0.3333333333333333,0.3333333333333333,0.3333333333333333,0.6666666666666666,0.26726190476190476,0.3333333333333333,0.25,0.2,0.28571428571428575
clip,240,EV00241,NEG,NEG,1,5,-0.0032194852828979492,-1.0,0.0032194852828979492,0.004617031037807464,1.2075894728189867,0.325425359291143,1.7312540152078348,0.0055754780769348145,0.001502498984336853,1,0.6605523840426025,0.30332712129819983,0.9469972974004905,0.003049790859222412,0.0014004707336425781,1,0.6605523840426025,0.30332712129819983,0.9469972974004905,0.003049790859222412,0.0014004707336425781,2,2.100504167733495,0.5173576092111576,3.0113762633756447,0.009698092937469482,0.0023886561393737793,3,1.4087489554572463,0.1776895853570149,2.0196452026547136,0.006504237651824951,0.0008203983306884766,0,0,NA,NA,NA,NA,NA,NA,NA,NA,NA,NA,NA,NA,NA,NA,NA
clip,241,EV00242,POS,POS,1,31,0.006291806697845459,1.0,0.006291806697845459,0.004617031037807464,1.235445452389177,-0.47233491021867063,0.906446085679366,0.005704089999198914,-0.0021807849407196045,4,0.38631089452363515,-0.6442602991311994,0.2834362274101736,0.001783609390258789,-0.002974569797515869,7,0.7394954103763824,-1.4891766012560115,0.5425676372981407,0.0034142732620239258,-0.006875574588775635,10,1.9366796372059942,-0.15500718187893622,1.4209414693019653,0.008941709995269775,-0.0007156729698181152,16,1.8792958674506957,0.3991044413914644,1.3788390087071845,0.008676767349243164,0.0018426775932312012,4,1,0.23080357142857144,0.25,0.2857142857142857,0.2,0.1875,0.5,0.25,0.5,0.5,0.75,0.29983766233766235,0.25,0.36363636363636365,0.28571428571428575,0.3
clip,242,EV00243,POS,POS,1,10,0.004705309867858887,1.0,0.004705309867858887,0.004617031037807464,0.5069975472924563,0.44220358994670955,0.4973797896156113,0.0023408234119415283,0.0020416676998138428,1,-0.4092127634878421,1.416223691720085,-0.40144998589943715,-0.001889348030090332,0.006538748741149902,2,0.37123232465317646,0.5393816162308515,0.36419003705357483,0.0017139911651611328,0.0024903416633605957,3,0.7807420120340156,-0.054892191001019136,0.7659313141914399,0.003604710102081299,-0.00025343894958496094,5,1.285228615970475,-0.13189875716307914,1.2608477931168676,0.005933940410614014,-0.000608980655670166,3,1,0.7666666666666666,1.0,1.0,0.6666666666666666,0.4,0.5833333333333333,0.3333333333333333,0.6666666666666666,0.6666666666666666,0.6666666666666666,0.6166666666666667,0.5,0.8,0.6666666666666666,0.5
clip,243,EV00244,POS,POS,1,24,0.006015598773956299,1.0,0.006015598773956299,0.004617031037807464,0.7881941562615176,1.1561958198615414,0.6048461963311109,0.003639116883277893,0.005338191986083984,3,0.2990281797169817,2.57260024786432,0.2294689140496775,0.001380622386932373,0.011877775192260742,5,0.39987902546015236,1.5391114542174276,0.30686006185246995,0.0018462538719177246,0.007106125354766846,8,1.1419434729976832,0.3563603105343679,0.8763071390225046,0.005272388458251953,0.0016453266143798828,12,1.311925946871253,0.15671126683004968,1.0067486703997919,0.0060572028160095215,0.0007235407829284668,4,1,0.33958333333333335,0.3333333333333333,0.4,0.375,0.25,0.5625,0.25,0.5,0.75,0.75,0.40128968253968256,0.28571428571428575,0.4444444444444445,0.5,0.375
clip,244,EV00245,POS,NEG,0,32,-0.0023579001426696777,-1.0,0.0023579001426696777,0.004617031037807464,1.0049034140786877,0.5839686116847014,1.9668786180787863,0.004639670252799988,0.002696201205253601,4,0.9840703300646015,1.1583130163159552,1.9261024131999196,0.004543483257293701,0.0053479671478271484,7,1.1322999013425181,-0.3205874362954629,2.2162293748849065,0.005227863788604736,-0.0014801621437072754,10,0.8150819057458479,0.7156898599987063,1.5953445375287407,0.003763258457183838,0.0033043622970581055,16,1.0881615191617835,0.7824590067196072,2.1298381467015783,0.005024075508117676,0.0036126375198364258,1,1,0.015625,0.0,0.0,0.0,0.0625,0.25,0.0,0.0,0.0,1.0,0.029411764705882353,0.0,0.0,0.0,0.11764705882352941
clip,245,EV00246,POS,NEG,0,15,-0.0015929937362670898,-1.0,0.0015929937362670898,0.004617031037807464,1.642763712342353,0.3747276352631308,4.758294135729003,0.007584691047668457,0.0017301291227340698,2,1.7536454217750326,-0.5787563063891554,5.079464967412904,0.008096635341644287,-0.002672135829925537,3,1.632448834494325,0.6061894921551869,4.728416909682265,0.00753706693649292,0.002798795700073242,5,1.5676290576796221,0.41329223958293193,4.540665280169532,0.007237792015075684,0.0019081830978393555,8,1.617331535420432,1.0581851157035598,4.684629385651313,0.0074672698974609375,0.004885673522949219,2,1,0.03125,0.0,0.0,0.0,0.125,0.125,0.0,0.0,0.0,0.5,0.05,0.0,0.0,0.0,0.2
clip,246,EV00247,NEG,NEG,1,4,-0.004698395729064941,-1.0,0.004698395729064941,0.004617031037807464,0.6967964635899594,-0.3382092238581137,0.6845839518327704,0.0032171308994293213,-0.0015615224838256836,1,0.4276736837915715,-0.6619466353662409,0.4201779943550384,0.0019745826721191406,-0.0030562281608581543,1,0.4276736837915715,-0.6619466353662409,0.4201779943550384,0.0019745826721191406,-0.0030562281608581543,2,0.9659192433883473,-0.014471812349986466,0.9489899093105025,0.004459679126739502,-6.681680679321289e-05,2,0.9659192433883473,-0.014471812349986466,0.9489899093105025,0.004459679126739502,-6.681680679321289e-05,3,1,1.0,1.0,1.0,1.0,1.0,0.5,0.3333333333333333,0.3333333333333333,0.6666666666666666,0.6666666666666666,0.65,0.5,0.5,0.8,0.8
clip,247,EV00248,POS,POS,1,26,0.008452415466308594,1.0,0.008452415466308594,0.004617031037807464,0.9711089566485566,0.7294935935894493,0.5303939232383558,0.004483640193939209,0.003368094563484192,3,0.6737461326792539,0.31284159560858343,0.36798224558827153,0.0031107068061828613,0.001444399356842041,6,0.45752098990501366,1.484270902154321,0.24988581470517432,0.0021123886108398438,0.006852924823760986,8,0.5292216551965613,1.275481766439485,0.28904681399616017,0.0024434328079223633,0.005888938903808594,13,2.223947048813397,-0.15461988984459224,1.214660818663817,0.010268032550811768,-0.0007138848304748535,5,1,0.057692307692307696,0.0,0.0,0.0,0.23076923076923078,0.15,0.0,0.0,0.0,0.6,0.08333333333333334,0.0,0.0,0.0,0.33333333333333337
clip,248,EV00249,POS,NEG,0,14,-0.003712594509124756,-1.0,0.003712594509124756,0.004617031037807464,1.691372090086141,1.218659570133985,2.1028460208084216,0.007809117436408997,0.005626589059829712,2,0.6597519805049583,1.7193571670011127,0.8202552442819777,0.003046095371246338,0.00793832540512085,3,1.5517759037404757,1.1849328888098642,1.929289127740579,0.007164597511291504,0.005470871925354004,5,2.3245655193359616,0.9268285673885622,2.890081597713448,0.010732591152191162,0.004279196262359619,7,2.2293949567631692,1.0435196573364014,2.7717581134976816,0.010293185710906982,0.004817962646484375,3,1,0.37976190476190474,0.5,0.3333333333333333,0.4,0.2857142857142857,0.5,0.3333333333333333,0.3333333333333333,0.6666666666666666,0.6666666666666666,0.4083333333333333,0.4,0.3333333333333333,0.5,0.4
clip,249,EV00250,NEG,NEG,1,11,-0.004052340984344482,-1.0,0.004052340984344482,0.004617031037807464,-1.1663299614268754,1.690226351151207,-1.3285291449773107,-0.005384981632232666,0.007803827524185181,2,-0.8063549252386304,1.6086691035856053,-0.918493097840808,-0.003722965717315674,0.00742727518081665,3,-1.6397815636779045,2.166602008261533,-1.867822718090354,-0.007570922374725342,0.010003268718719482,4,-1.1846746941203015,1.8822392869117097,-1.3494250430902417,-0.005469679832458496,0.008690357208251953,6,-1.034508662670665,1.1033950058459796,-1.178375720887839,-0.004776358604431152,0.005094408988952637,5,1,0.35416666666666663,0.5,0.3333333333333333,0.25,0.3333333333333333,0.25,0.2,0.2,0.2,0.4,0.2803932178932179,0.28571428571428575,0.25,0.22222222222222224,0.3636363636363636
clip,250,EV00251,NEG,NEG,1,16,-0.002302825450897217,-1.0,0.002302825450897217,0.004617031037807464,-0.5361638649121769,0.8502899791013345,-1.0745107467608974,-0.0024754852056503296,0.003925815224647522,2,-1.4160687749063474,2.102259891622521,-2.8379031418662306,-0.006538033485412598,0.009706199169158936,4,-1.1522454411112328,0.9378405708984092,-2.3091823048967868,-0.005319952964782715,0.004330039024353027,5,-0.6840997397307161,0.8173411092795211,-1.370984824420033,-0.0031585097312927246,0.0037736892700195312,8,1.1077584960995885,-0.45628165539511295,2.2200272841394613,0.005114555358886719,-0.0021066665649414062,3,1,0.1125,0.0,0.0,0.2,0.25,0.25,0.0,0.0,0.3333333333333333,0.6666666666666666,0.1534090909090909,0.0,0.0,0.25,0.36363636363636365
clip,251,EV00252,NEG,NEG,1,18,-0.003790736198425293,-1.0,0.003790736198425293,0.004617031037807464,1.1894706604789278,0.07785538120399721,1.4483663078336795,0.005491822957992554,0.000359460711479187,2,1.0194430025346843,1.5462118081804006,1.2413310783416325,0.0047067999839782715,0.0071389079093933105,4,1.5208441799308703,-0.161810611948912,1.85186532368096,0.007021784782409668,-0.0007470846176147461,6,0.9485814699842154,-0.22870885601459431,1.1550460948799686,0.004379630088806152,-0.0010559558868408203,9,1.2690139894659407,-0.8442708154009053,1.545222734432157,0.005859076976776123,-0.003898024559020996,1,1,0.0,0.0,0.0,0.0,0.0,0.0,0.0,0.0,0.0,0.0,0.0,0.0,0.0,0.0,0.0
clip,252,EV00253,NEG,NEG,1,15,-0.005304872989654541,-1.0,0.005304872989654541,0.004617031037807464,0.8673308286124694,1.317089840662506,0.7547284610014318,0.004004493355751038,0.006081044673919678,2,0.5266784375043692,2.64006652024704,0.4583017154091236,0.0024316906929016113,0.012189269065856934,3,0.26329403468151114,1.3988084599090842,0.2291115397153976,0.0012156367301940918,0.0064583420753479,5,1.217568697570583,0.8822512542355709,1.0594962371521455,0.005621552467346191,0.004073381423950195,8,1.4617821446934143,0.34723312825832825,1.2720043517290602,0.006749093532562256,0.0016031861305236816,3,1,0.16458333333333333,0.0,0.3333333333333333,0.2,0.125,0.25,0.0,0.3333333333333333,0.3333333333333333,0.3333333333333333,0.19128787878787878,0.0,0.3333333333333333,0.25,0.18181818181818182
clip,253,EV00254,NEG,NEG,1,7,-0.012458264827728271,-1.0,0.012458264827728271,0.004617031037807464,2.5275420471020182,0.7321626811928033,0.9366315141534083,0.011669740080833435,0.003380417823791504,1,1.1501669738602536,1.8649531524454905,0.42621749279745647,0.005310356616973877,0.008610546588897705,2,2.50043483213156,1.020863073327279,0.926586390737411,0.011544585227966309,0.0047133564949035645,3,3.4919411692555657,-0.9357104647095174,1.2940089951992997,0.016122400760650635,-0.004320204257965088,4,2.967625213160695,0.9785449637079608,1.0997131778794664,0.01370161771774292,0.004517972469329834,2,1,0.2708333333333333,0.0,0.5,0.3333333333333333,0.25,0.375,0.0,0.5,0.5,0.5,0.30833333333333335,0.0,0.5,0.4,0.3333333333333333
clip,254,EV00255,POS,POS,1,15,0.010597705841064453,1.0,0.010597705841064453,0.004617031037807464,1.9288434283777678,1.146561930507235,0.8402469234863406,0.008905529975891113,0.005293712019920349,2,1.680189032594459,1.3377970547654303,0.7319275607042617,0.0077574849128723145,0.006176650524139404,3,1.983141771592793,0.8861758135169232,0.863900484561125,0.009156227111816406,0.004091501235961914,5,1.9705418707421356,1.4869044879878601,0.8584116886483838,0.009098052978515625,0.006865084171295166,8,2.081501038581684,0.8753703657587264,0.9067479600315916,0.009610354900360107,0.004041612148284912,1,1,0.2895833333333333,0.5,0.3333333333333333,0.2,0.125,1.0,1.0,1.0,1.0,1.0,0.4305555555555556,0.6666666666666666,0.5,0.33333333333333337,0.2222222222222222
clip,255,EV00256,POS,POS,1,17,0.008216679096221924,1.0,0.008216679096221924,0.004617031037807464,2.3356001148811454,1.1888316286222602,1.312236471642055,0.010783538222312927,0.005488872528076172,2,2.2037174948861638,1.78048475975507,1.2381393764970108,0.01017463207244873,0.008220553398132324,4,1.7476294855082228,1.8182586428380854,0.9818903224012011,0.008068859577178955,0.008394956588745117,6,2.6010016637162114,1.1521938021733202,1.4613500077275705,0.012008905410766602,0.005319714546203613,9,2.790051815413983,0.00438930972256503,1.5675661799424374,0.012881755828857422,2.0265579223632812e-05,6,1,0.5833333333333333,0.5,0.5,0.6666666666666666,0.6666666666666666,0.5416666666666666,0.16666666666666666,0.3333333333333333,0.6666666666666666,1.0,0.5291666666666667,0.25,0.4,0.6666666666666666,0.8
clip,256,EV00257,POS,POS,1,19,0.013865530490875244,1.0,0.013865530490875244,0.004617031037807464,2.252138681480019,1.5111457419041732,0.7498771376648594,0.010398194193840027,0.006977006793022156,2,1.668402445015924,1.3198525238408263,0.5555150134535327,0.007703065872192383,0.006093800067901611,4,2.414081618207332,1.9543788831755138,0.8037980204491803,0.01114588975906372,0.009023427963256836,6,1.8883585010543447,1.7809107809928482,0.6287520743283763,0.008718609809875488,0.008222520351409912,10,3.037712161642476,0.9894407796075047,1.0114434424283487,0.014025211334228516,0.004568278789520264,5,1,0.30416666666666664,0.5,0.25,0.16666666666666666,0.3,0.30000000000000004,0.2,0.2,0.2,0.6,0.2724386724386725,0.28571428571428575,0.22222222222222224,0.1818181818181818,0.4
clip,257,EV00258,POS,POS,1,11,0.0105971097946167,1.0,0.0105971097946167,0.004617031037807464,2.234891276217234,1.021602155626152,0.9736228995911527,0.010318562388420105,0.004716768860816956,2,1.732047435993117,2.1139948402631434,0.7545606646759865,0.007996916770935059,0.009760379791259766,3,2.5210000391552247,0.8663077321550774,1.0982652239558603,0.011639535427093506,0.003999769687652588,4,1.955566578747502,1.2522442443788466,0.8519360306271219,0.009028911590576172,0.005781650543212891,6,2.7309510509730925,-0.14613819429245922,1.1897296791056418,0.012608885765075684,-0.0006747245788574219,3,1,0.2708333333333333,0.0,0.3333333333333333,0.25,0.5,0.41666666666666663,0.0,0.3333333333333333,0.3333333333333333,1.0,0.3214285714285714,0.0,0.3333333333333333,0.28571428571428575,0.6666666666666666
clip,258,EV00259,POS,POS,1,15,0.009432315826416016,1.0,0.009432315826416016,0.004617031037807464,1.4985684330888527,0.05496964940788793,0.733457576865465,0.0069189369678497314,0.0002537965774536133,2,0.8728529675354906,0.020991228261443347,0.4272081330372269,0.004029989242553711,9.691715240478516e-05,3,1.1442930446727033,0.16175897301099948,0.560061446136096,0.005283236503601074,0.0007468461990356445,5,1.3749512705934956,0.2008496490107845,0.6729545377910704,0.0063481926918029785,0.0009273290634155273,8,2.6021764495537214,-0.16372125265167561,1.2736061904974667,0.012014329433441162,-0.0007559061050415039,4,1,0.5666666666666667,0.5,0.6666666666666666,0.6,0.5,0.625,0.25,0.5,0.75,1.0,0.5595238095238095,0.3333333333333333,0.5714285714285715,0.6666666666666665,0.6666666666666666
clip,259,EV00260,NEG,NEG,1,9,-0.0010876655578613281,-1.0,0.0010876655578613281,0.004617031037807464,-0.308365145178291,-0.6471488522206815,-1.3077766959607684,-0.0014237314462661743,-0.002987906336784363,1,-0.31978703275781867,-1.5210894648859548,-1.3562169254547782,-0.0014764666557312012,-0.0070229172706604,2,-0.380152951177566,-0.7040065502959963,-1.6122288080362865,-0.0017551779747009277,-0.003250420093536377,3,-0.19675726318121653,0.0707969838780783,-0.8344476266947751,-0.0009084343910217285,0.0003268718719482422,5,-0.33676333359656285,-0.4342963775788534,-1.428213423657234,-0.0015548467636108398,-0.002005159854888916,2,1,0.5083333333333333,1.0,0.5,0.3333333333333333,0.2,0.5,0.5,0.5,0.5,0.5,0.46309523809523806,0.6666666666666666,0.5,0.4,0.28571428571428575
clip,260,EV00261,NEG,POS,0,15,0.003024458885192871,1.0,0.003024458885192871,0.004617031037807464,0.7543577421943324,0.6308244929730831,1.1511949894171383,0.0034828931093215942,0.0029125362634658813,2,0.5302802534237682,0.05694483878304219,0.8092393523430302,0.0024483203887939453,0.00026291608810424805,3,0.8062387376283272,1.6858176768269246,1.2303684884732429,0.0037224292755126953,0.007783472537994385,5,0.8026111022399719,0.2756486505770839,1.2248325001100042,0.0037056803703308105,0.0012726783752441406,8,0.8783008754852625,0.5048868057052817,1.3403396167422756,0.004055142402648926,0.002331078052520752,4,1,0.4541666666666666,0.5,0.6666666666666666,0.4,0.25,0.4375,0.25,0.5,0.5,0.5,0.42063492063492064,0.3333333333333333,0.5714285714285715,0.4444444444444445,0.3333333333333333
clip,261,EV00262,POS,POS,1,21,0.00746995210647583,1.0,0.00746995210647583,0.004617031037807464,0.8376029375429499,0.6401065920628604,0.5176366686439309,0.003867238759994507,0.002955392003059387,3,0.5093793933036717,0.8311028862332103,0.3147952811615573,0.002351820468902588,0.0038372278213500977,5,0.862086248980728,1.9049346001242666,0.5327672982083401,0.003980278968811035,0.00879514217376709,7,1.0203208644791975,-0.14811338366761348,0.6305559228173374,0.004710853099822998,-0.0006838440895080566,11,0.9586252434082024,-0.027497734438422097,0.5924281723884888,0.004426002502441406,-0.00012695789337158203,5,1,0.6337662337662339,1.0,0.6,0.5714285714285714,0.36363636363636365,0.7,0.6,0.6,0.8,0.8,0.6291666666666667,0.7499999999999999,0.6,0.6666666666666666,0.5000000000000001
clip,262,EV00263,NEG,NEG,1,5,-0.003016054630279541,-1.0,0.003016054630279541,0.004617031037807464,0.3746275848209253,-0.5288795472328908,0.5732966083470622,0.0017296671867370605,-0.0024418532848358154,1,0.20674939766729103,-0.9156358275960215,0.31639081921079987,0.0009545683860778809,-0.0042275190353393555,1,0.20674939766729103,-0.9156358275960215,0.31639081921079987,0.0009545683860778809,-0.0042275190353393555,2,0.24635646304620135,-0.8124225004433526,0.3770019358726003,0.0011374354362487793,-0.0037509799003601074,3,0.8386550809029177,0.5281759667038325,1.2834028590940487,0.003872096538543701,0.0024386048316955566,3,1,0.9166666666666666,1.0,1.0,1.0,0.6666666666666666,0.5,0.3333333333333333,0.3333333333333333,0.6666666666666666,0.6666666666666666,0.6166666666666667,0.5,0.5,0.8,0.6666666666666666
clip,263,EV00264,POS,POS,1,25,0.0031047463417053223,1.0,0.0031047463417053223,0.004617031037807464,0.31266085932588955,0.4769630500290811,0.46480450525864386,0.0014435648918151855,0.002202153205871582,3,-0.10676350413415528,0.050283415792325856,-0.15871560586683947,-0.0004929304122924805,0.00023216009140014648,5,0.07393404935626449,0.39787801661604183,0.1099110368560326,0.0003413558006286621,0.001837015151977539,8,0.5283825224554827,0.500923517220495,0.7854983110669737,0.002439558506011963,0.002312779426574707,13,0.7550903696259664,0.9587672504874619,1.1225242789784087,0.0034862756729125977,0.0044266581535339355,2,1,0.36762820512820515,0.6666666666666666,0.4,0.25,0.15384615384615385,1.0,1.0,1.0,1.0,1.0,0.5095238095238095,0.8,0.5714285714285715,0.4,0.2666666666666667
clip,264,EV00265,POS,NEG,0,42,-0.0012960433959960938,-1.0,0.0012960433959960938,0.004617031037807464,0.7494326784909249,-0.23541546307598413,2.667724108554193,0.0034601539373397827,-0.0010869204998016357,5,0.8579551339477257,-0.4069019210162564,3.0540269467551724,0.00396120548248291,-0.0018786787986755371,9,0.6885277786567156,-0.9044043586000462,2.4509234881916453,0.0031789541244506836,-0.004175662994384766,13,0.8631964861458474,0.31901244868913076,3.0726843685912586,0.003985404968261719,0.0014728903770446777,21,0.5880513152134108,0.05063197862323543,2.0932616306786973,0.0027150511741638184,0.00023376941680908203,2,1,0.031135531135531136,0.0,0.0,0.07692307692307693,0.047619047619047616,0.25,0.0,0.0,0.5,0.5,0.05507246376811595,0.0,0.0,0.13333333333333336,0.08695652173913042
clip,265,EV00266,NEG,NEG,1,21,-0.009637057781219482,-1.0,0.009637057781219482,0.004617031037807464,1.2934876186028603,-0.3638156821954894,0.6196344344133448,0.00597207248210907,-0.001679748296737671,3,0.9651833885230937,-0.09314373425972555,0.46236303653114863,0.004456281661987305,-0.00043004751205444336,5,1.3826325626079843,-0.3167403354209794,0.6623385748821093,0.006383657455444336,-0.001462399959564209,7,1.7252698253920975,-0.8035793323258319,0.8264760923045749,0.007965624332427979,-0.003710150718688965,11,1.1008646978882657,-0.2417993267754206,0.5273600339355461,0.00508272647857666,-0.0011163949966430664,2,1,0.21450216450216453,0.3333333333333333,0.2,0.14285714285714285,0.18181818181818182,0.625,0.5,0.5,0.5,1.0,0.30390720390720394,0.4,0.28571428571428575,0.22222222222222224,0.3076923076923077
clip,266,EV00267,NEG,NEG,1,12,-0.007738292217254639,-1.0,0.007738292217254639,0.004617031037807464,-0.6463097194796029,-0.5524269029210043,-0.3855691129249657,-0.0029840320348739624,-0.002550572156906128,2,-1.3945095183278662,-0.22493921354697963,-0.831922809980371,-0.006438493728637695,-0.0010385513305664062,3,-1.358039518427142,-0.9561723938573573,-0.8101658951664982,-0.006270110607147217,-0.004414677619934082,4,-0.24745379047684263,-0.6565116371509471,-0.14762355509816472,-0.0011425018310546875,-0.003031134605407715,6,0.414763949313439,-0.3720843671287332,0.2474358085451709,0.00191497802734375,-0.0017179250717163086,4,1,0.6041666666666666,0.5,0.6666666666666666,0.75,0.5,0.5625,0.25,0.5,0.75,0.75,0.5636904761904762,0.3333333333333333,0.5714285714285715,0.75,0.6
clip,267,EV00268,NEG,NEG,1,6,-0.0014060735702514648,-1.0,0.0014060735702514648,0.004617031037807464,1.6955742086587733,-0.5037604313720645,5.563688291639445,0.007828518748283386,-0.002325877547264099,1,1.8166836552317533,-1.322344102595106,5.961084764447333,0.00838768482208252,-0.006105303764343262,2,1.5197984914381415,-0.3030431071396809,4.986915364296714,0.007016956806182861,-0.0013991594314575195,2,1.5197984914381415,-0.3030431071396809,4.986915364296714,0.007016956806182861,-0.0013991594314575195,3,1.9260161965270568,-0.08661140861379055,6.319837673517019,0.008892476558685303,-0.0003998875617980957,1,1,0.5833333333333334,1.0,0.5,0.5,0.3333333333333333,1.0,1.0,1.0,1.0,1.0,0.7083333333333333,1.0,0.6666666666666666,0.6666666666666666,0.5
clip,268,EV00269,POS,POS,1,18,0.0017334222793579102,1.0,0.0017334222793579102,0.004617031037807464,-0.1030132262682578,0.8575710693470012,-0.27422114478447784,-0.0004756152629852295,0.003959432244300842,2,-0.6448412371827154,1.797357782717989,-1.7165669756231177,-0.0029772520065307617,0.00829845666885376,4,0.4076248661470318,1.4508088703870017,1.085097142248247,0.001882016658782959,0.006698429584503174,6,-0.013516491998604665,0.2916954505334025,-0.03598089336291099,-6.240606307983398e-05,0.0013467669486999512,9,-0.16132004203874298,-0.10957782625038816,-0.4294338524001297,-0.0007448196411132812,-0.0005059242248535156,4,1,0.2847222222222222,0.5,0.25,0.16666666666666666,0.2222222222222222,0.3125,0.25,0.25,0.25,0.5,0.27275641025641023,0.3333333333333333,0.25,0.2,0.30769230769230765
clip,269,EV00270,NEG,POS,0,19,0.00875699520111084,1.0,0.00875699520111084,0.004617031037807464,1.263307886826606,0.8399621915188287,0.6659893719792851,0.0058327317237854,0.0038781315088272095,2,1.178478021570798,0.9682946345323237,0.6212688495508857,0.005441069602966309,0.004470646381378174,4,1.0038738627540567,0.589445566537049,0.5292212059891596,0.00463491678237915,0.0027214884757995605,6,1.1789040428085764,0.8504933074193651,0.6214934389954355,0.0054430365562438965,0.003926753997802734,10,1.6919756201729939,0.9516152575865766,0.8919739933816596,0.007811903953552246,0.004393637180328369,2,1,0.2791666666666667,0.5,0.25,0.16666666666666666,0.2,0.625,0.5,0.5,0.5,1.0,0.35416666666666663,0.5,0.3333333333333333,0.25,0.33333333333333337
clip,270,EV00271,NEG,POS,0,16,0.0013507604598999023,1.0,0.0013507604598999023,0.004617031037807464,-0.2810158726863674,0.0075489672360879445,-0.9598290856987974,-0.0012974590063095093,3.485381603240967e-05,2,-0.6181826354853719,2.5370726585804997,-2.11144540748065,-0.00285416841506958,0.011713743209838867,4,-0.3806822502911694,-0.9236656824414199,-1.3002464691613116,-0.0017576217651367188,-0.0042645931243896484,5,0.2851631248874675,-0.5957584266968559,0.9739943114929536,0.0013166069984436035,-0.0027506351470947266,8,-0.41036172985639585,-0.9874526804978723,-1.401618777646182,-0.0018946528434753418,-0.0045590996742248535,4,1,0.44375,0.5,0.5,0.4,0.375,0.5,0.25,0.5,0.5,0.75,0.4444444444444444,0.3333333333333333,0.5,0.4444444444444445,0.5
clip,271,EV00272,NEG,POS,0,15,0.001270890235900879,1.0,0.001270890235900879,0.004617031037807464,0.10631166342742064,1.427096915584292,0.3859171458908773,0.0004908442497253418,0.006588950753211975,2,-0.359691022029726,0.9164878700715782,-1.3056980593578171,-0.0016607046127319336,0.004231452941894531,3,-0.2566455214252729,1.750947287269103,-0.9316372629399685,-0.0011849403381347656,0.00808417797088623,5,0.29661405936957097,1.6848494467410648,1.0767252391000361,0.001369476318359375,0.0077790021896362305,8,0.7449691377951106,1.356103058255422,2.7042786667612586,0.0034395456314086914,0.006261169910430908,4,1,0.6604166666666667,1.0,0.6666666666666666,0.6,0.375,0.625,0.5,0.5,0.75,0.75,0.6011904761904762,0.6666666666666666,0.5714285714285715,0.6666666666666665,0.5
clip,272,EV00273,NEG,NEG,1,24,-0.010986864566802979,-1.0,0.010986864566802979,0.004617031037807464,2.4017173200109005,1.0273179405663453,1.0091863931443126,0.01108880341053009,0.00474315881729126,3,2.4788626658186006,1.565473132021774,1.0416023784207105,0.01144498586654663,0.007227838039398193,5,2.138136043737251,0.6390705858709902,0.8984312117219744,0.009871840476989746,0.002950608730316162,8,2.556398531094264,1.6785107671123018,1.0741824575020051,0.011802971363067627,0.007749736309051514,12,2.4334720393934868,0.22621727726031476,1.0225295249325599,0.011235415935516357,0.00104445219039917,1,1,0.18541666666666667,0.3333333333333333,0.2,0.125,0.08333333333333333,1.0,1.0,1.0,1.0,1.0,0.3023504273504274,0.5,0.33333333333333337,0.2222222222222222,0.15384615384615385
clip,273,EV00274,POS,POS,1,8,0.008209586143493652,1.0,0.008209586143493652,0.004617031037807464,1.0482220281200612,0.48560288982857125,0.5894431352113556,0.004839673638343811,0.002242043614387512,1,0.362027683970268,0.9993812751556665,0.20357779873740528,0.0016714930534362793,0.0046141743659973145,2,1.3661984706173218,0.0906134263020116,0.7682497488493881,0.006307780742645264,0.0004183650016784668,3,1.0323269175438605,0.28801617620713477,0.5805048916320156,0.004766285419464111,0.0013297796249389648,4,1.4323350403487942,0.5644006816494721,0.8054401016266133,0.00661313533782959,0.0026058554649353027,2,1,0.0625,0.0,0.0,0.0,0.25,0.125,0.0,0.0,0.0,0.5,0.08333333333333333,0.0,0.0,0.0,0.3333333333333333
clip,274,EV00275,NEG,NEG,1,9,-0.005706846714019775,-1.0,0.005706846714019775,0.004617031037807464,1.5364940055519862,-0.13908947926739892,1.2428575728241005,0.007094040513038635,-0.0006421804428100586,1,1.2865583186217227,0.2843756310843014,1.0406866173255294,0.005940079689025879,0.0013129711151123047,2,0.7894689925412331,0.09591932717252404,0.6385950822744597,0.003645002841949463,0.00044286251068115234,3,2.4669340711608063,-0.7947878031462237,1.9954830158276582,0.01138991117477417,-0.003669559955596924,5,1.6030146398841831,-0.1418650721801974,1.2966655758687544,0.007401168346405029,-0.0006549954414367676,1,1,0.0,0.0,0.0,0.0,0.0,0.0,0.0,0.0,0.0,0.0,0.0,0.0,0.0,0.0,0.0
clip,275,EV00276,POS,POS,1,24,0.002776503562927246,1.0,0.002776503562927246,0.004617031037807464,0.38823121752725737,0.5410824737483454,0.6453549169456386,0.0017924755811691284,0.0024981945753097534,3,0.5164539277976883,-0.16046799956318622,0.858498921861495,0.002384483814239502,-0.0007408857345581055,5,0.5980563594339634,0.43601337226444503,0.9941462580716315,0.002761244773864746,0.002013087272644043,8,0.6027813222529599,0.8176638526414743,1.0020005414212454,0.002783060073852539,0.003775179386138916,12,-0.16436673937558222,1.0711206696506486,-0.2732260535718174,-0.0007588863372802734,0.00494539737701416,2,1,0.10208333333333333,0.0,0.2,0.125,0.08333333333333333,0.375,0.0,0.5,0.5,0.5,0.15714285714285714,0.0,0.28571428571428575,0.2,0.14285714285714285
clip,276,EV00277,POS,POS,1,9,0.0016503334045410156,1.0,0.0016503334045410156,0.004617031037807464,-0.8359924481668028,0.5463335082473258,-2.3373856968826963,-0.003859803080558777,0.0025224387645721436,1,-0.690322231749176,0.3387643424406734,-1.9301003427350572,-0.003187239170074463,0.0015640854835510254,2,-1.079834740423388,0.7076470954188298,-3.0191543988194764,-0.004985630512237549,0.003267228603363037,3,-1.0412604538027281,0.7503137678690575,-2.9113029630651264,-0.004807531833648682,0.003464221954345703,5,-0.5325523666919194,0.3886088272607427,-1.4889850829111249,-0.002458810806274414,0.0017942190170288086,2,1,0.3916666666666666,0.0,0.5,0.6666666666666666,0.4,0.625,0.0,0.5,1.0,1.0,0.46785714285714286,0.0,0.5,0.8,0.5714285714285715
clip,277,EV00278,NEG,NEG,1,11,-0.001800537109375,-1.0,0.001800537109375,0.004617031037807464,0.4638983987372111,-1.1614468543605216,1.1888921378377513,0.0021418333053588867,-0.0053624361753463745,2,0.5559448055662954,-0.9945143052574107,1.4247913125130776,0.002566814422607422,-0.004591703414916992,3,0.7653665182705599,-1.7717577792478523,1.9615032916972486,0.0035337209701538086,-0.00818026065826416,4,0.3499570822332142,-1.5267051993839424,0.8968800599016465,0.001615762710571289,-0.007048845291137695,6,0.18432518887877497,-0.35281013355288143,0.4723938872390331,0.0008510351181030273,-0.0016289353370666504,5,1,0.5416666666666666,0.5,0.6666666666666666,0.5,0.5,0.4,0.2,0.4,0.4,0.6,0.4439033189033189,0.28571428571428575,0.5,0.4444444444444445,0.5454545454545454
clip,278,EV00279,NEG,NEG,1,9,-0.005229771137237549,-1.0,0.005229771137237549,0.004617031037807464,2.019479446715116,0.03831286449747755,1.7825286255253916,0.009323999285697937,0.00017689168453216553,1,2.3452081847664954,0.6046145045488547,2.0700387562560025,0.010827898979187012,0.0027915239334106445,2,1.9146943593897348,0.6875595485708557,1.6900382473789386,0.008840203285217285,0.0031744837760925293,3,1.913145191252359,-0.42748003777439947,1.6886708472030587,0.008833050727844238,-0.0019736886024475098,5,1.904870051451876,-0.7114425573554006,1.681366651263566,0.008794844150543213,-0.003284752368927002,3,1,0.3916666666666666,0.0,0.5,0.6666666666666666,0.4,0.41666666666666663,0.0,0.3333333333333333,0.6666666666666666,0.6666666666666666,0.39166666666666666,0.0,0.4,0.6666666666666666,0.5
clip,279,EV00280,POS,POS,1,19,0.0028241872787475586,1.0,0.0028241872787475586,0.004617031037807464,1.3113708282886933,0.5023629526148067,2.1430932603407014,0.00605463981628418,0.002319425344467163,2,1.586709645238302,-0.22113084187593057,2.5930626741676996,0.007325887680053711,-0.001020967960357666,4,-0.08449421215937682,1.6950352272443112,-0.13808373094043996,-0.00039011240005493164,0.007826030254364014,6,1.8965432727134806,-0.08655976967587801,3.0994048502670974,0.008756399154663086,-0.00039964914321899414,10,1.8467246073623675,0.6221071947667242,3.0179892478684485,0.008526384830474854,0.002872288227081299,6,1,0.6458333333333334,0.5,0.75,0.8333333333333334,0.5,0.5833333333333334,0.16666666666666666,0.5,0.8333333333333334,0.8333333333333334,0.5770833333333334,0.25,0.6,0.8333333333333334,0.625
clip,280,EV00281,POS,POS,1,22,0.011539876461029053,1.0,0.011539876461029053,0.004617031037807464,0.8814831250341221,1.0015372008135146,0.35264522251225705,0.00406983494758606,0.004624128341674805,3,0.34305037428741336,1.1114894093637686,0.1372403760637108,0.001583874225616455,0.005131781101226807,5,0.56711172588988,1.533095517950618,0.2268781274264386,0.0026183724403381348,0.007078349590301514,7,1.217968899339405,1.43443932706873,0.4872593715324125,0.0056234002113342285,0.0066228508949279785,11,1.39780150061979,-0.07287545112905762,0.5592030150264663,0.00645369291305542,-0.0003364682197570801,3,1,0.045454545454545456,0.0,0.0,0.0,0.18181818181818182,0.16666666666666666,0.0,0.0,0.0,0.6666666666666666,0.07142857142857144,0.0,0.0,0.0,0.28571428571428575
clip,281,EV00282,POS,NEG,0,8,-0.0006155967712402344,-1.0,0.0006155967712402344,0.004617031037807464,0.4334378802360576,-0.020145640653125674,3.2455508029763256,0.0020011961460113525,-9.301304817199707e-05,1,0.5509745577922144,-1.1410914305221265,4.125656754984485,0.0025438666343688965,-0.005268454551696777,2,0.19751893751542635,0.22009806311768,1.4790072014635447,0.0009119510650634766,0.0010161995887756348,3,0.22009806311768,0.5846302355767057,1.6480780246896716,0.0010161995887756348,0.00269925594329834,4,0.7651599625189097,0.25578056921523806,5.729461230767601,0.0035327672958374023,0.0011809468269348145,2,1,0.5833333333333333,1.0,0.5,0.3333333333333333,0.5,0.625,0.5,0.5,0.5,1.0,0.5583333333333332,0.6666666666666666,0.5,0.4,0.6666666666666666
clip,282,EV00283,POS,NEG,0,10,-0.001196742057800293,-1.0,0.001196742057800293,0.004617031037807464,0.28906186469986345,0.20746588793082738,1.1142696313234908,0.0013346076011657715,0.000957876443862915,1,-0.19473043486814973,0.3550176981486421,-0.7506428082213181,-0.0008990764617919922,0.0016391277313232422,2,0.07783278916866049,0.31998067877499065,0.30002820808580793,0.0003593564033508301,0.001477360725402832,3,0.855734659617487,0.4174491740848906,3.298668071185249,0.003950953483581543,0.0019273757934570312,5,0.4174104448814562,-0.2625839992852138,1.6090250542442244,0.001927196979522705,-0.0012123584747314453,2,1,0.2583333333333333,0.0,0.5,0.3333333333333333,0.2,0.375,0.0,0.5,0.5,0.5,0.29642857142857143,0.0,0.5,0.4,0.28571428571428575
clip,283,EV00284,POS,NEG,0,12,-0.002610921859741211,-1.0,0.002610921859741211,0.004617031037807464,0.4170134705462536,0.10903884483592613,0.7371446161435422,0.0019253641366958618,0.0005034357309341431,2,-0.1448988597825585,0.4827595208097626,-0.2561342064901088,-0.0006690025329589844,0.0022289156913757324,3,0.10228382627024332,-0.2307744135310955,0.1808046434445057,0.0004722476005554199,-0.0010654926300048828,4,1.168834449915633,0.25629695859436336,2.0661203600684215,0.005396544933319092,0.00118333101272583,6,0.5418344657816967,-0.07212668652932594,0.9577876675513504,0.00250166654586792,-0.0003330111503601074,4,1,0.9166666666666666,1.0,1.0,1.0,0.6666666666666666,0.8125,0.5,0.75,1.0,1.0,0.8309523809523809,0.6666666666666666,0.8571428571428571,1.0,0.8
clip,284,EV00285,POS,POS,1,10,0.006686866283416748,1.0,0.006686866283416748,0.004617031037807464,0.2669474895388226,0.3497795733841399,0.18428969606070772,0.0012325048446655273,0.0016149431467056274,1,0.6424916655076953,1.4582190579774499,0.4435501302615969,0.0029664039611816406,0.006732642650604248,2,0.8764547834548895,0.3082070009309339,0.6050687569038353,0.004046618938446045,0.0014230012893676758,3,-0.43787237402929613,-0.5021628517303957,-0.30228928866365623,-0.0020216703414916992,-0.0023185014724731445,5,-0.01328411677799828,0.13485508635857146,-0.00917081425894517,-6.133317947387695e-05,0.0006226301193237305,1,1,0.13333333333333333,0.0,0.0,0.3333333333333333,0.2,0.5,0.0,0.0,1.0,1.0,0.20833333333333334,0.0,0.0,0.5,0.33333333333333337
clip,285,EV00286,POS,POS,1,21,0.016673803329467773,1.0,0.016673803329467773,0.004617031037807464,1.7401967058824381,1.0274664025128437,0.48183729931919805,0.008034542202949524,0.004743844270706177,3,1.382877847563069,1.6399752096950764,0.38290046470364325,0.006384789943695068,0.007571816444396973,5,1.4157073023409597,0.9651059301162249,0.3919905036485677,0.006536364555358887,0.004455924034118652,7,1.8510235489435856,0.8005197252545145,0.5125237766422183,0.008546233177185059,0.0036960244178771973,11,2.3111781246821383,0.704264744985559,0.6399344522823629,0.010670781135559082,0.0032516121864318848,5,1,0.3586580086580087,0.3333333333333333,0.4,0.42857142857142855,0.2727272727272727,0.45000000000000007,0.2,0.4,0.6,0.6,0.38125000000000003,0.25,0.4000000000000001,0.5,0.37499999999999994
clip,286,EV00287,POS,POS,1,34,0.004103124141693115,1.0,0.004103124141693115,0.004617031037807464,0.35134165125599387,0.48812028805180707,0.39525005889667014,0.0016221553087234497,0.0022536665201187134,4,-0.5534919560154502,1.6233991106251544,-0.6226638015500808,-0.0025554895401000977,0.007495284080505371,7,-0.0206943043684463,0.4399379315457973,-0.023280544709725695,-9.554624557495117e-05,0.0020312070846557617,11,0.5429963418847286,0.07607706527963447,0.6108565134346678,0.002507030963897705,0.00035125017166137695,17,1.4365565235231434,-0.18693295524335773,1.6160880684118193,0.006632626056671143,-0.0008630752563476562,4,1,0.014705882352941176,0.0,0.0,0.0,0.058823529411764705,0.0625,0.0,0.0,0.0,0.25,0.023809523809523808,0.0,0.0,0.0,0.09523809523809523
clip,287,EV00288,NEG,NEG,1,22,-0.0031113028526306152,-1.0,0.0031113028526306152,0.004617031037807464,0.5437935179887532,0.09353425372768906,0.8067054106223801,0.0025107115507125854,0.0004318505525588989,3,0.7819942562783945,0.8994599302949216,1.1600708297307287,0.0036104917526245117,0.004152834415435791,5,0.4624008695377477,-0.3295080628198524,0.6859612536615585,0.0021349191665649414,-0.0015213489532470703,7,0.6360626177375853,0.25659388248736037,0.9435845376041371,0.002936720848083496,0.001184701919555664,11,0.2947163284012855,-0.4524087350516732,0.43720502149309615,0.0013607144355773926,-0.002088785171508789,6,1,0.13116883116883116,0.0,0.2,0.14285714285714285,0.18181818181818182,0.16666666666666666,0.0,0.16666666666666666,0.16666666666666666,0.3333333333333333,0.14273961332784862,0.0,0.1818181818181818,0.15384615384615383,0.23529411764705885
clip,288,EV00289,NEG,POS,0,28,0.006248593330383301,1.0,0.006248593330383301,0.004617031037807464,1.123447050924139,0.9381955885965579,0.829972388480497,0.005186989903450012,0.004331678152084351,3,0.5258651242322468,1.249946311641739,0.38849497430128804,0.0024279356002807617,0.005771040916442871,6,0.3449481052556988,1.9134679346143122,0.25483835894659046,0.0015926361083984375,0.008834540843963623,9,1.832368982622684,0.4517632483277666,1.3537047961752326,0.00846010446548462,0.0020858049392700195,14,1.7906059915859258,0.1376048598024137,1.322851424498877,0.00826728343963623,0.0006353259086608887,3,1,0.12301587301587302,0.0,0.16666666666666666,0.1111111111111111,0.21428571428571427,0.41666666666666663,0.0,0.3333333333333333,0.3333333333333333,1.0,0.1854575163398693,0.0,0.2222222222222222,0.16666666666666666,0.35294117647058826
clip,289,EV00290,NEG,POS,0,9,0.0019614696502685547,1.0,0.0019614696502685547,0.004617031037807464,0.5838201497382028,-0.016317904380359405,1.3735324525756691,0.002695515751838684,-7.534027099609375e-05,1,0.4200311209805171,-0.11932467578137815,0.9881919560624673,0.0019392967224121094,-0.0005509257316589355,2,0.07898175553721427,0.19804823662902976,0.1858175063680285,0.00036466121673583984,0.0009143948554992676,3,2.025834263511977,-0.16450874645484168,4.766106660966024,0.009353339672088623,-0.0007595419883728027,5,-0.18956654107689674,0.020513568085752446,-0.44598631309384285,-0.0008752346038818359,9.47117805480957e-05,1,1,0.05,0.0,0.0,0.0,0.2,0.25,0.0,0.0,0.0,1.0,0.08333333333333334,0.0,0.0,0.0,0.33333333333333337
clip,290,EV00291,POS,POS,1,18,0.010205686092376709,1.0,0.010205686092376709,0.004617031037807464,1.67292407951689,0.8586425773086863,0.7567532036469617,0.007723942399024963,0.0039643794298172,2,1.7380504625254485,1.4687017623736933,0.7862133564339898,0.008024632930755615,0.006781041622161865,4,1.8754100373727778,0.9325733992313312,0.8483484524553938,0.008658826351165771,0.004305720329284668,6,1.7074414820777966,1.121081342081021,0.7723672744164382,0.007883310317993164,0.005176067352294922,9,1.370794336091537,-0.08778619445130059,0.6200837312820252,0.006328999996185303,-0.00040531158447265625,2,1,0.13194444444444442,0.0,0.25,0.16666666666666666,0.1111111111111111,0.375,0.0,0.5,0.5,0.5,0.19128787878787876,0.0,0.3333333333333333,0.25,0.1818181818181818
clip,291,EV00292,NEG,NEG,1,7,-0.0030323266983032227,-1.0,0.0030323266983032227,0.004617031037807464,0.6891990848495785,0.07234615201545419,1.0490309427464493,0.003182053565979004,0.00033402442932128906,1,0.30596070713173884,0.6355978672963726,0.46570324323026346,0.0014126300811767578,0.002934575080871582,2,0.5654980090801134,-0.27133679926138765,0.860745353015125,0.002610921859741211,-0.0012527704238891602,3,0.6367984726028388,-0.04035582997864201,0.9692718936210636,0.0029401183128356934,-0.0001863241195678711,4,1.2485391505836227,-0.034520629994526146,1.9004032811193448,0.0057645440101623535,-0.00015938282012939453,3,1,0.5833333333333333,1.0,0.5,0.3333333333333333,0.5,0.41666666666666663,0.3333333333333333,0.3333333333333333,0.3333333333333333,0.6666666666666666,0.45119047619047625,0.5,0.4,0.3333333333333333,0.5714285714285715
clip,292,EV00293,POS,NEG,0,15,-0.0032285451889038086,-1.0,0.0032285451889038086,0.004617031037807464,2.081833464244496,0.3932434219383923,2.9762363298051877,0.009611889719963074,0.0018156170845031738,2,2.091170429705805,-0.4675647633290007,2.9895846673611746,0.009654998779296875,-0.0021587610244750977,3,1.6903102644253147,1.4774803818188234,2.41650588485036,0.007804214954376221,0.006821572780609131,5,2.2935305176505314,-0.33991330880922715,3.278883237966212,0.010589301586151123,-0.0015693902969360352,8,2.2523226451963323,0.9029713780729736,3.2199715290430047,0.010399043560028076,0.004169046878814697,2,1,0.16458333333333333,0.0,0.3333333333333333,0.2,0.125,0.375,0.0,0.5,0.5,0.5,0.22142857142857142,0.0,0.4,0.28571428571428575,0.2
clip,293,EV00294,POS,POS,1,18,0.00843900442123413,1.0,0.00843900442123413,0.004617031037807464,1.630493009720888,0.23044844273552265,0.8919470247989123,0.007528036832809448,0.0010639876127243042,2,1.37616478563444,0.12282321382495204,0.7528189810453664,0.006353795528411865,0.0005670785903930664,4,1.8763911771931159,-0.0019493699061979984,1.0264634793759873,0.008663356304168701,-9.000301361083984e-06,6,1.2318210444344413,0.55522186043552,0.6738569924050579,0.005687355995178223,0.0025634765625,9,2.0375950316215556,0.2456980665878166,1.1146486463692376,0.009407639503479004,0.0011343955993652344,1,1,0.2569444444444444,0.5,0.25,0.16666666666666666,0.1111111111111111,1.0,1.0,1.0,1.0,1.0,0.3880952380952381,0.6666666666666666,0.4,0.2857142857142857,0.19999999999999998
clip,294,EV00295,NEG,NEG,1,15,-0.00912696123123169,-1.0,0.00912696123123169,0.004617031037807464,2.2694377256807163,0.22667557283428846,1.1479085145528365,0.01047806441783905,0.0010465681552886963,2,1.3922244953252367,0.2214535852378839,0.7042036599058924,0.006427943706512451,0.0010224580764770508,3,2.216381944409212,0.6322155168631018,1.1210722712055796,0.010233104228973389,0.0029189586639404297,5,2.500176637441997,0.1084417696163125,1.2646189924180018,0.0115433931350708,0.0005006790161132812,8,2.9689678255464207,-0.055408580380144436,1.501739134681873,0.01370781660079956,-0.00025582313537597656,3,1,0.5791666666666666,1.0,0.6666666666666666,0.4,0.25,0.6666666666666666,0.6666666666666666,0.6666666666666666,0.6666666666666666,0.6666666666666666,0.5825757575757576,0.8,0.6666666666666666,0.5,0.36363636363636365
clip,295,EV00296,NEG,NEG,1,10,-0.001283407211303711,-1.0,0.001283407211303711,0.004617031037807464,-3.872920343439732e-05,-1.0657373103732672,-0.00013921903641808675,-1.7881393432617188e-07,-0.004920542240142822,1,-0.18513850215089733,-1.450357029680267,-0.665513400424029,-0.000854790210723877,-0.006696343421936035,2,-0.34675546808263735,-1.1404459437982197,-1.2464744393967937,-0.0016009807586669922,-0.005265474319458008,3,0.30146811953334873,-0.8504674879504089,1.0836809794785527,0.0013918876647949219,-0.003926634788513184,5,0.23027093388644834,-0.8216787800641736,0.8277499841965975,0.0010631680488586426,-0.0037937164306640625,4,1,0.9,1.0,1.0,1.0,0.6,0.5625,0.25,0.5,0.75,0.75,0.6476190476190475,0.4,0.6666666666666666,0.8571428571428571,0.6666666666666665
clip,296,EV00297,NEG,NEG,1,21,-0.0005936026573181152,-1.0,0.0005936026573181152,0.004617031037807464,-0.2542733577149161,-0.2364869710376691,-1.9744075647970043,-0.0011739879846572876,-0.0010918676853179932,3,-0.2996994859098446,0.19833225078754868,-2.3271369736250533,-0.0013837218284606934,0.0009157061576843262,5,-0.2529275178955708,-0.6763668087783148,-1.9639572512281733,-0.0011677742004394531,-0.0031228065490722656,7,-0.41078775109417426,-0.3218267708053636,-3.189726405373646,-0.0018966197967529297,-0.0014858841896057129,11,-0.05367867596007469,-0.1460865553545467,-0.4168096289611446,-0.0002478361129760742,-0.0006744861602783203,4,1,0.23722943722943723,0.3333333333333333,0.2,0.14285714285714285,0.2727272727272727,0.375,0.25,0.25,0.25,0.75,0.2724386724386724,0.28571428571428575,0.22222222222222224,0.18181818181818182,0.39999999999999997
clip,297,EV00298,NEG,NEG,1,1,-0.0075113773345947266,-1.0,0.0075113773345947266,0.004617031037807464,2.036355697111655,0.0,1.2515235908457965,0.009401917457580566,0.0,1,2.036355697111655,0.0,1.2515235908457965,0.009401917457580566,0.0,1,2.036355697111655,0.0,1.2515235908457965,0.009401917457580566,0.0,1,2.036355697111655,0.0,1.2515235908457965,0.009401917457580566,0.0,1,2.036355697111655,0.0,1.2515235908457965,0.009401917457580566,0.0,1,1,1.0,1.0,1.0,1.0,1.0,1.0,1.0,1.0,1.0,1.0,1.0,1.0,1.0,1.0,1.0
clip,298,EV00299,POS,POS,1,11,0.011004388332366943,1.0,0.011004388332366943,0.004617031037807464,0.875822206465461,0.7378720112657573,0.36742895286661525,0.004043698310852051,0.0034067779779434204,2,0.037218764500455824,1.5597670293824395,0.01561418695077462,0.00017184019088745117,0.007201492786407471,3,0.6925814352828491,0.7977054031382816,0.29055494330043596,0.0031976699829101562,0.003683030605316162,4,0.8431993074392203,0.2711431532442156,0.353742844498732,0.0038930773735046387,0.0012518763542175293,6,1.9302893186393186,0.32287245929809233,0.8098038367165185,0.008912205696105957,0.0014907121658325195,3,1,0.3125,0.5,0.3333333333333333,0.25,0.16666666666666666,0.3333333333333333,0.3333333333333333,0.3333333333333333,0.3333333333333333,0.3333333333333333,0.3103174603174603,0.4,0.3333333333333333,0.28571428571428575,0.2222222222222222
clip,299,EV00300,NEG,POS,0,22,0.0022919178009033203,1.0,0.0022919178009033203,0.004617031037807464,0.0443610751004826,1.1647130171834892,0.08932568822517159,0.00020481646060943604,0.005377516150474548,3,-0.5554542356561264,1.4003188988430257,-1.1184654962753677,-0.002564549446105957,0.006465315818786621,5,-0.13683027573372575,2.078286514696629,-0.2755221446340032,-0.0006317496299743652,0.009595513343811035,7,0.26987799926535866,0.7212023166208688,0.5434277227638303,0.001246035099029541,0.0033298134803771973,11,0.5998508125264238,0.4590443385734333,1.207862671046227,0.0027695298194885254,0.00211942195892334,3,1,0.18961038961038962,0.0,0.2,0.2857142857142857,0.2727272727272727,0.5,0.0,0.3333333333333333,0.6666666666666666,1.0,0.26964285714285713,0.0,0.25,0.4,0.42857142857142855
clip,300,EV00301,NEG,POS,0,30,0.0002911686897277832,1.0,0.0002911686897277832,0.004617031037807464,0.43977655986482067,1.8778435223219057,6.949622249009204,0.0020304620265960693,0.008670061826705933,3,0.24350341172653409,2.354348276777013,3.847992099361865,0.001124262809753418,0.010870099067687988,6,0.3740466467694093,2.1433644862008947,5.910917351654685,0.001726984977722168,0.00989598035812378,9,0.9110270523873282,1.8757973294071217,14.39661512352176,0.004206240177154541,0.008660614490509033,15,0.230529128576011,1.1378639969025932,3.6429644214985064,0.0010643601417541504,0.00525355339050293,3,1,0.3,0.3333333333333333,0.3333333333333333,0.3333333333333333,0.2,0.75,0.3333333333333333,0.6666666666666666,1.0,1.0,0.4027777777777778,0.3333333333333333,0.4444444444444444,0.5,0.33333333333333337
clip,301,EV00302,POS,POS,1,17,0.00021988153457641602,1.0,0.00021988153457641602,0.004617031037807464,-0.4469350076329451,-1.038081431687488,-9.342169801931234,-0.0020635128021240234,-0.004792854189872742,2,-1.0480897033416603,-1.3420185379397798,-21.907954868272363,-0.004839062690734863,-0.006196141242980957,4,-0.5389814144620294,-1.1274716606476967,-11.266192640977152,-0.0024884939193725586,-0.00520557165145874,6,-0.21104833924850913,-1.0648078094908418,-4.411490234603461,-0.0009744167327880859,-0.004916250705718994,9,0.010379426520418482,-0.6180277186716343,0.21695853612803906,4.792213439941406e-05,-0.0028534531593322754,3,1,0.2569444444444444,0.5,0.25,0.16666666666666666,0.1111111111111111,0.3333333333333333,0.3333333333333333,0.3333333333333333,0.3333333333333333,0.3333333333333333,0.26865079365079364,0.4,0.28571428571428575,0.2222222222222222,0.16666666666666666
clip,302,EV00303,POS,NEG,0,12,-0.006170809268951416,-1.0,0.006170809268951416,0.004617031037807464,1.752225350982438,0.06666909627869545,1.3108115429648541,0.008090078830718994,0.00030781328678131104,2,1.2605193841793296,0.7597120545691378,0.9429742344423913,0.005819857120513916,0.0035076141357421875,3,1.6368897831548028,-0.1745008809409162,1.2245308636343646,0.007557570934295654,-0.0008056759834289551,4,1.9859948229124602,-0.10131559618438339,1.485690717054456,0.009169399738311768,-0.0004677772521972656,6,2.1254974136831595,-0.21721919232905643,1.5900503567282045,0.009813487529754639,-0.0010029077529907227,3,1,0.3125,0.5,0.3333333333333333,0.25,0.16666666666666666,0.3333333333333333,0.3333333333333333,0.3333333333333333,0.3333333333333333,0.3333333333333333,0.3103174603174603,0.4,0.3333333333333333,0.28571428571428575,0.2222222222222222
clip,303,EV00304,NEG,NEG,1,24,-0.003644704818725586,-1.0,0.003644704818725586,0.004617031037807464,-0.20482907466366884,-0.5082659287049328,-0.2594017459422638,-0.0009457021951675415,-0.0023466795682907104,3,0.12812911469546448,0.048798796327340625,0.1622665928292425,0.000591576099395752,0.00022530555725097656,5,-0.2862088133801962,-1.1135420571457917,-0.3624635126472852,-0.0013214349746704102,-0.005141258239746094,8,-0.7844341960947615,-0.6326673575698365,-0.9934312322502026,-0.0036217570304870605,-0.0029210448265075684,12,0.12319759612481787,-0.3356530964314434,0.15602116829919002,0.0005688071250915527,-0.0015497207641601562,2,1,0.2375,0.3333333333333333,0.2,0.25,0.16666666666666666,0.75,0.5,0.5,1.0,1.0,0.34285714285714286,0.4,0.28571428571428575,0.4,0.2857142857142857
clip,304,EV00305,POS,POS,1,13,0.010761618614196777,1.0,0.010761618614196777,0.004617031037807464,2.2279490665016186,0.5867442045974999,0.9557627524888217,0.010286509990692139,0.00270901620388031,2,1.1068935438895535,0.19740274990512313,0.47484371888320165,0.005110561847686768,0.000911414623260498,3,2.033360638712728,0.5390846923378544,0.8722867098169785,0.009388089179992676,0.0024889707565307617,4,2.4233895367660656,0.9938429990645478,1.0396043109051312,0.011188864707946777,0.004588603973388672,7,3.3481525466381266,0.6166463770824742,1.4363162703499752,0.015458524227142334,0.0028470754623413086,0,0,NA,NA,NA,NA,NA,NA,NA,NA,NA,NA,NA,NA,NA,NA,NA
clip,305,EV00306,NEG,NEG,1,28,-0.005646228790283203,-1.0,0.005646228790283203,0.004617031037807464,1.431444268669803,-0.5214984065450186,1.1703125307605347,0.006609022617340088,-0.002407774329185486,3,1.6497091494915883,0.1824274579104895,1.3487603618368087,0.007616758346557617,0.0008422732353210449,6,1.7930846606057271,-0.9832053778545666,1.4659805435327395,0.008278727531433105,-0.00453948974609375,9,0.8387067198408302,-1.0501552608581615,0.6857053434395401,0.0038723349571228027,-0.004848599433898926,14,1.4442765447410668,-0.23506044537783546,1.18080387423305,0.006668269634246826,-0.0010852813720703125,6,1,0.3214285714285714,0.3333333333333333,0.3333333333333333,0.3333333333333333,0.2857142857142857,0.41666666666666663,0.16666666666666666,0.3333333333333333,0.5,0.6666666666666666,0.3388888888888889,0.2222222222222222,0.3333333333333333,0.4,0.4
clip,306,EV00307,POS,POS,1,7,0.007619678974151611,1.0,0.007619678974151611,0.004617031037807464,1.201047464872193,1.4479622739345737,0.7276613333278777,0.005545273423194885,0.0066852867603302,1,0.5753868656903629,0.8543016790904142,0.3486013551613896,0.00265657901763916,0.003944337368011475,2,1.7995524375792715,1.853424759556518,1.0902689231034755,0.008308589458465576,0.008557319641113281,3,1.7108625617145017,1.600561790333338,1.0365356650833106,0.007899105548858643,0.007389843463897705,4,0.7183879945046359,1.4835608667580238,0.43523938996333517,0.003316819667816162,0.00684964656829834,1,1,0.14583333333333331,0.0,0.0,0.3333333333333333,0.25,0.5,0.0,0.0,1.0,1.0,0.225,0.0,0.0,0.5,0.4
clip,307,EV00308,POS,POS,1,16,0.01091301441192627,1.0,0.01091301441192627,0.004617031037807464,1.121904337654002,0.7966306677429771,0.4746069551400869,0.005179867148399353,0.003678068518638611,2,0.4746780270264517,1.640698154825852,0.2008063303775252,0.002191603183746338,0.0075751543045043945,4,1.0228253529679552,0.948245816887784,0.4326928866567202,0.004722416400909424,0.004378080368041992,5,1.4626987358413617,0.7307297006657305,0.618775567582321,0.006753325462341309,0.0033738017082214355,8,1.5274152347802397,-0.13315100140745798,0.6461530359437814,0.007052123546600342,-0.0006147623062133789,2,1,0.03125,0.0,0.0,0.0,0.125,0.125,0.0,0.0,0.0,0.5,0.05,0.0,0.0,0.0,0.2
clip,308,EV00309,POS,NEG,0,12,-0.006688952445983887,-1.0,0.006688952445983887,0.004617031037807464,1.4901641959435885,1.5093577436789518,1.0284279895339516,0.006880134344100952,0.006968751549720764,2,1.5757492806663675,2.399971278422733,1.087494028602087,0.007275283336639404,0.011080741882324219,3,1.2578728886113124,0.8431993074392203,0.868113520271942,0.005807638168334961,0.0038930773735046387,4,1.087929143941177,1.4809014614555285,0.7508278519269787,0.005023002624511719,0.006837368011474609,6,2.039105470555497,1.3133589273983257,1.4072765573347994,0.009414613246917725,0.00606381893157959,2,1,0.625,1.0,0.6666666666666666,0.5,0.3333333333333333,1.0,1.0,1.0,1.0,1.0,0.7416666666666667,1.0,0.8,0.6666666666666666,0.5
clip,309,EV00310,POS,NEG,0,5,-0.003802061080932617,-1.0,0.003802061080932617,0.004617031037807464,1.5414448887243501,0.800564909325188,1.871360659967295,0.0071168988943099976,0.003696233034133911,1,1.6476694114440433,0.7062270246262351,2.0003204394544123,0.0076073408126831055,0.003260672092437744,1,1.6476694114440433,0.7062270246262351,2.0003204394544123,0.0076073408126831055,0.003260672092437744,2,0.9302754664942237,0.4646858925403772,1.1293825187423407,0.0042951107025146484,0.0021454691886901855,3,1.94016526551509,1.3251196955079043,2.355419242218015,0.00895780324935913,0.006118118762969971,2,1,0.29166666666666663,0.0,0.0,0.5,0.6666666666666666,0.375,0.0,0.0,0.5,1.0,0.325,0.0,0.0,0.5,0.8
clip,310,EV00311,NEG,NEG,1,18,-0.0031366348266601562,-1.0,0.0031366348266601562,0.004617031037807464,0.9764794061914597,0.4851768685907929,1.4368898789170945,0.0045084357261657715,0.0022400766611099243,2,0.9346131372788762,0.25465742231564054,1.3752836456600694,0.00431513786315918,0.0011757612228393555,4,1.0370131511594227,1.2509661806655117,1.5259653114617113,0.004787921905517578,0.005775749683380127,6,0.97709907344641,0.5426606887882971,1.4378017195573467,0.00451129674911499,0.002505481243133545,9,0.9571922628811298,-0.10757681740627763,1.4085088389892513,0.004419386386871338,-0.0004966855049133301,2,1,0.13194444444444442,0.0,0.25,0.16666666666666666,0.1111111111111111,0.375,0.0,0.5,0.5,0.5,0.19128787878787876,0.0,0.3333333333333333,0.25,0.1818181818181818
clip,311,EV00312,NEG,NEG,1,4,-0.000156402587890625,-1.0,0.000156402587890625,0.004617031037807464,0.30349494784641556,-0.23180073742210702,8.902303404302016,0.0014012455940246582,-0.0010702311992645264,1,0.25383119930904,-0.6212293328222112,7.445535307132853,0.0011719465255737305,-0.0028682351112365723,1,0.25383119930904,-0.6212293328222112,7.445535307132853,0.0011719465255737305,-0.0028682351112365723,2,0.35315869638379105,0.15762785797799708,10.35907150147118,0.001630544662475586,0.0007277727127075195,2,0.35315869638379105,0.15762785797799708,10.35907150147118,0.001630544662475586,0.0007277727127075195,0,0,NA,NA,NA,NA,NA,NA,NA,NA,NA,NA,NA,NA,NA,NA,NA
clip,312,EV00313,NEG,NEG,1,11,-0.003426194190979004,-1.0,0.003426194190979004,0.004617031037807464,0.9968703317996699,0.17910965614960947,1.3429589938916586,0.004602581262588501,0.0008269548416137695,2,1.3081692141381165,0.44007993862505673,1.7623331296131053,0.006039857864379883,0.002031862735748291,3,1.0177130981146147,0.8965294205683855,1.3710378518808464,0.004698812961578369,0.004139304161071777,4,1.1688731791190674,0.025845288425221144,1.5746769650399655,0.005396723747253418,0.00011932849884033203,6,0.49272583582688084,-0.6460160230202254,0.6637880290327182,0.002274930477142334,-0.0029826760292053223,0,0,NA,NA,NA,NA,NA,NA,NA,NA,NA,NA,NA,NA,NA,NA,NA
clip,313,EV00314,POS,POS,1,18,0.008256018161773682,1.0,0.008256018161773682,0.004617031037807464,1.5435556303115248,1.053663481202594,0.863101438570641,0.007126644253730774,0.004864796996116638,2,1.2632691576231718,0.3661587990032704,0.706375206591309,0.005832552909851074,0.0016905665397644043,4,1.6799179281704182,0.8948511550862283,0.9393503881631191,0.007756233215332031,0.0041315555572509766,6,1.3833555077387598,1.7886695314142058,0.7735232247787347,0.006386995315551758,0.008258342742919922,9,1.8476799277137492,1.1649744393066714,1.0331569347494014,0.008530795574188232,0.00537872314453125,5,1,0.027777777777777776,0.0,0.0,0.0,0.1111111111111111,0.05,0.0,0.0,0.0,0.2,0.03571428571428571,0.0,0.0,0.0,0.14285714285714285
clip,314,EV00315,NEG,POS,0,9,0.00043767690658569336,1.0,0.00043767690658569336,0.004617031037807464,-0.8764483285876504,0.5358572587183213,-9.22453193996246,-0.004046589136123657,0.002474069595336914,1,-0.7641530032296154,1.7399998324316466,-8.042634751404952,-0.003528118133544922,0.0080336332321167,2,-0.993184602606163,0.7798641500895026,-10.453169673770732,-0.004585564136505127,0.0036006569862365723,3,-1.3699681130849364,-0.033733136191360064,-14.418778841470845,-0.006325185298919678,-0.0001557469367980957,5,-0.37848759542988686,-0.34270181145650375,-3.9835444932033113,-0.0017474889755249023,-0.0015822649002075195,1,1,0.5083333333333333,1.0,0.5,0.3333333333333333,0.2,1.0,1.0,1.0,1.0,1.0,0.625,1.0,0.6666666666666666,0.5,0.33333333333333337
clip,315,EV00316,NEG,POS,0,18,0.006594955921173096,1.0,0.006594955921173096,0.004617031037807464,0.7676483138395698,0.5984501063355465,0.537337746563884,0.003544256091117859,0.0027630627155303955,2,-0.11064933421207314,0.4041650573068923,-0.07745221715778448,-0.000510871410369873,0.0018660426139831543,4,1.3626870228392698,0.5904267063573871,0.9538523838630197,0.006291568279266357,0.0027260184288024902,6,0.9848449141332895,0.6965059945642014,0.6893708190778095,0.004547059535980225,0.003215789794921875,9,0.833710652597793,0.702702667113705,0.5835800004724913,0.0038492679595947266,0.0032444000244140625,3,1,0.2847222222222222,0.5,0.25,0.16666666666666666,0.2222222222222222,0.41666666666666663,0.3333333333333333,0.3333333333333333,0.3333333333333333,0.6666666666666666,0.3103174603174603,0.4,0.28571428571428575,0.2222222222222222,0.3333333333333333
clip,316,EV00317,NEG,POS,0,10,0.0005644559860229492,1.0,0.0005644559860229492,0.004617031037807464,-0.15157319250775297,0.3708611697869301,-1.2376173417668248,-0.0006998181343078613,0.0017122775316238403,1,-0.0952738404486174,1.3354474830904104,-0.7779248771177215,-0.0004398822784423828,0.006165802478790283,2,0.08985175196780179,0.7156898599987063,0.7336527296394771,0.00041484832763671875,0.0033043622970581055,3,-0.6613527875802467,-0.5991278673956484,-5.400042483721376,-0.0030534863471984863,-0.0027661919593811035,5,0.060482106030050484,0.03143520345425249,0.49384526413232044,0.0002792477607727051,0.00014513731002807617,2,1,0.5083333333333333,1.0,0.5,0.3333333333333333,0.2,0.5,0.5,0.5,0.5,0.5,0.46309523809523806,0.6666666666666666,0.5,0.4,0.28571428571428575
clip,317,EV00318,POS,POS,1,24,0.016505956649780273,1.0,0.016505956649780273,0.004617031037807464,1.857304134767197,1.103433735049414,0.5194919341465909,0.008575230836868286,0.005094587802886963,3,0.7563684333393016,1.8363968197798615,0.21155786659146802,0.0034921765327453613,0.008478701114654541,5,2.1429513746975943,1.208312417949762,0.5993880773669245,0.009894073009490967,0.005578815937042236,8,2.400836230632768,1.0457014024632059,0.6715190224766066,0.01108473539352417,0.004828035831451416,12,2.129060500399124,0.323324300004827,0.5955027701513649,0.009829938411712646,0.0014927983283996582,7,1,0.49583333333333335,0.6666666666666666,0.4,0.5,0.4166666666666667,0.4642857142857143,0.2857142857142857,0.2857142857142857,0.5714285714285714,0.7142857142857143,0.44824561403508767,0.4,0.3333333333333333,0.5333333333333333,0.5263157894736842
clip,318,EV00319,POS,NEG,0,7,-0.006229102611541748,-1.0,0.006229102611541748,0.004617031037807464,1.6779814679986984,-0.4366459492538735,1.2435256691058767,0.007747292518615723,-0.002016007900238037,1,0.9875559583736973,-0.6090941824127667,0.7318621852128226,0.004559576511383057,-0.002812206745147705,2,1.5775695532277842,-0.5721336126018735,1.169111978678993,0.007283687591552734,-0.0026415586471557617,3,2.311345951230354,-0.6458611062064878,1.7129021239828823,0.010671555995941162,-0.0029819607734680176,4,1.8354544091629579,0.08050510420563389,1.3602263885488093,0.008474349975585938,0.00037169456481933594,0,0,NA,NA,NA,NA,NA,NA,NA,NA,NA,NA,NA,NA,NA,NA,NA
clip,319,EV00320,NEG,NEG,1,42,-0.004947841167449951,-1.0,0.004947841167449951,0.004617031037807464,1.4208744235658322,-0.5201525667256732,1.3256075700264596,0.006560221314430237,-0.0024015605449676514,5,0.7225061998031601,-0.4488198288667524,0.6740635709709808,0.0033358335494995117,-0.0020722150802612305,9,1.5242910790365316,-0.26149958158905073,1.4220903408365189,0.007037699222564697,-0.0012073516845703125,13,1.7621658465306,-0.31897371948569636,1.6440160700062165,0.008135974407196045,-0.0014727115631103516,21,1.6745345688930369,-1.0513171369611933,1.5622602982921219,0.007731378078460693,-0.004853963851928711,6,1,0.27673992673992676,0.4,0.3333333333333333,0.23076923076923078,0.14285714285714285,0.4583333333333333,0.3333333333333333,0.5,0.5,0.5,0.32541201488569915,0.3636363636363636,0.4,0.3157894736842105,0.22222222222222224
clip,320,EV00321,NEG,POS,0,18,0.00016373395919799805,1.0,0.00016373395919799805,0.004617031037807464,-0.5577328037915168,0.5115450012623785,-15.63168686314259,-0.0025750696659088135,0.0023618191480636597,2,-1.124076400479948,0.38480045558969367,-31.50471011046934,-0.0051898956298828125,0.0017766356468200684,4,-0.29636877441448645,0.38873792460552403,-8.30638586464127,-0.0013683438301086426,0.0017948150634765625,6,0.04221483174349308,0.8394425747060837,1.1831633827319314,0.00019490718841552734,0.003875732421875,9,-0.8527008720151258,0.43319905014821214,-23.898814860191685,-0.003936946392059326,0.002000093460083008,3,1,0.2569444444444444,0.5,0.25,0.16666666666666666,0.1111111111111111,0.3333333333333333,0.3333333333333333,0.3333333333333333,0.3333333333333333,0.3333333333333333,0.26865079365079364,0.4,0.28571428571428575,0.2222222222222222,0.16666666666666666
clip,321,EV00322,POS,NEG,0,7,-0.003481268882751465,-1.0,0.003481268882751465,0.004617031037807464,0.8065453438221828,-0.7599218377544075,1.069373161926476,0.003723844885826111,-0.0035085827112197876,1,0.25757502230769846,-0.8728787870044468,0.341510639356183,0.0011892318725585938,-0.004030108451843262,2,0.7158318670779656,-0.8564059658103498,0.9490990097063446,0.0033050179481506348,-0.003954052925109863,3,0.970863671693472,-0.5938606957285704,1.2872376765307931,0.0044825077056884766,-0.002741873264312744,4,1.281910814209595,-0.716541902474263,1.6996453221125831,0.005918622016906738,-0.0033082962036132812,3,1,0.8541666666666666,1.0,1.0,0.6666666666666666,0.75,0.6666666666666666,0.3333333333333333,0.6666666666666666,0.6666666666666666,1.0,0.705952380952381,0.5,0.8,0.6666666666666666,0.8571428571428571
clip,322,EV00323,POS,POS,1,20,0.008930802345275879,1.0,0.008930802345275879,0.004617031037807464,2.040625591790297,0.8680763657785815,1.0548410421132108,0.009421631693840027,0.004007935523986816,2,0.5609408728093327,1.9139068655865688,0.28996179270640854,0.002589881420135498,0.008836567401885986,4,2.423131342076503,0.35038310347099255,1.2525660759800115,0.01118767261505127,0.001617729663848877,6,2.5549010018948004,0.6814145149592646,1.3206805041440195,0.011796057224273682,0.0031461119651794434,10,2.6235291503805525,0.5266009790975004,1.3561557956224035,0.012112915515899658,0.002431333065032959,5,1,0.5125,0.5,0.75,0.5,0.3,0.5,0.2,0.6,0.6,0.6,0.47445887445887447,0.28571428571428575,0.6666666666666665,0.5454545454545454,0.4
clip,323,EV00324,POS,POS,1,12,0.005642056465148926,1.0,0.005642056465148926,0.004617031037807464,0.8314449941968808,0.44800651559463006,0.6802709432636052,0.0038388073444366455,0.002068459987640381,2,0.851745551663744,0.46797787483230097,0.6968804357413361,0.003932535648345947,0.00216066837310791,3,0.7224158316618132,0.5549894852149136,0.5910655577496616,0.003335416316986084,0.002562403678894043,4,0.6867462352987332,0.6481461292091173,0.5618814383754356,0.0031707286834716797,0.0029925107955932617,6,1.0648723581632324,0.12091257312218844,0.8712563411879874,0.004916548728942871,0.0005582571029663086,2,1,0.041666666666666664,0.0,0.0,0.0,0.16666666666666666,0.125,0.0,0.0,0.0,0.5,0.0625,0.0,0.0,0.0,0.25
clip,324,EV00325,NEG,NEG,1,22,-0.005590081214904785,-1.0,0.005590081214904785,0.004617031037807464,1.3458591839470242,-0.2808351364036736,1.1113903350637444,0.006213873624801636,-0.0012966245412826538,3,1.4370600031677907,-0.6457578283306628,1.1867026041635444,0.006634950637817383,-0.0029814839363098145,5,1.5692815036928232,0.24421344712283138,1.2958891368438692,0.007245421409606934,0.0011275410652160645,7,1.335718587514451,-0.17861908623944045,1.103016382572005,0.006167054176330566,-0.0008246898651123047,11,1.0413766414130314,-0.5431770781674224,0.8599532166755586,0.00480806827545166,-0.0025078654289245605,4,1,0.46471861471861475,0.6666666666666666,0.4,0.42857142857142855,0.36363636363636365,0.6875,0.5,0.5,0.75,1.0,0.5236652236652237,0.5714285714285715,0.4444444444444445,0.5454545454545454,0.5333333333333333
clip,325,EV00326,NEG,POS,0,35,0.0047803521156311035,1.0,0.0047803521156311035,0.004617031037807464,1.0160057857298816,2.1388912632042216,0.9810886405900385,0.004690930247306824,0.009875327348709106,4,1.0813451793573294,2.3522439900570777,1.0441825104983473,0.0049926042556762695,0.0108603835105896,7,0.35854205566117225,3.397713017299677,0.3462200146136744,0.0016553997993469238,0.01568734645843506,11,1.9323032372179074,1.8226608622951286,1.8658956305528953,0.008921504020690918,0.008415281772613525,18,0.6918326706831175,0.982947183165004,0.6680564066952368,0.0031942129135131836,0.004538297653198242,6,1,0.32999639249639245,0.25,0.42857142857142855,0.36363636363636365,0.2777777777777778,0.5416666666666666,0.16666666666666666,0.5,0.6666666666666666,0.8333333333333334,0.3871983408748115,0.2,0.4615384615384615,0.4705882352941177,0.4166666666666667
clip,326,EV00327,POS,POS,1,13,0.00013387203216552734,1.0,0.00013387203216552734,0.004617031037807464,-1.1980362693051685,0.773231774001362,-41.01199152254502,-0.005531370639801025,0.0035700350999832153,2,-0.8009070172888585,1.264844145229504,-27.41719315596998,-0.003697812557220459,0.005839824676513672,3,-1.521115284354911,1.0854762943903318,-52.07185186718797,-0.007023036479949951,0.0050116777420043945,4,-1.5242652595675754,0.4946493862641226,-52.17968395877644,-0.0070375800132751465,0.002283811569213867,7,-0.9458575160093295,0.24795727012148977,-32.37923710824566,-0.004367053508758545,0.0011448264122009277,4,1,0.25297619047619047,0.0,0.3333333333333333,0.25,0.42857142857142855,0.3125,0.0,0.25,0.25,0.75,0.2702922077922078,0.0,0.28571428571428575,0.25,0.5454545454545454
clip,327,EV00328,NEG,POS,0,22,0.0017788410186767578,1.0,0.0017788410186767578,0.004617031037807464,0.18993769594314305,1.2666030965521495,0.49271155581699383,0.0008769482374191284,0.005847945809364319,3,-0.15402604205859816,0.7627845713749334,-0.39955423509898236,-0.0007111430168151855,0.0035218000411987305,5,0.020823401713227625,2.070708500557965,0.05401734818662799,9.614229202270508e-05,0.00956052541732788,7,0.4501237120490438,1.3994152174295564,1.1676521259907986,0.002078235149383545,0.006461143493652344,11,0.442829712068899,0.8335040968461429,1.148730984189531,0.0020445585250854492,0.0038483142852783203,5,1,0.3813852813852814,0.3333333333333333,0.4,0.42857142857142855,0.36363636363636365,0.5,0.2,0.4,0.6,0.8,0.4125000000000001,0.25,0.4000000000000001,0.5,0.5000000000000001
clip,328,EV00329,POS,NEG,0,14,-0.0007057785987854004,-1.0,0.0007057785987854004,0.004617031037807464,0.5932571656417177,-0.2949422487546528,3.8754523012957915,0.0027390867471694946,-0.001361757516860962,2,0.9460640717609796,-0.7841889111396769,6.180163336271606,0.004368007183074951,-0.003620624542236328,3,0.4374850819949521,0.06444539451483715,2.857871199863163,0.0020198822021484375,0.00029754638671875,5,0.8074006137313591,-0.3922622821180542,5.274344327840001,0.0037277936935424805,-0.0018110871315002441,7,0.18207889507957994,-0.06776319627571718,1.189430341208394,0.0008406639099121094,-0.0003128647804260254,2,1,0.294047619047619,0.5,0.3333333333333333,0.2,0.14285714285714285,0.5,0.5,0.5,0.5,0.5,0.351984126984127,0.5,0.4,0.28571428571428575,0.22222222222222224
clip,329,EV00330,NEG,NEG,1,5,-0.007394134998321533,-1.0,0.007394134998321533,0.004617031037807464,0.9840606477637429,0.08015654137472432,0.6143820978036696,0.00454343855381012,0.0003700852394104004,1,0.7608610209376916,0.10012790061239521,0.4750310778538216,0.0035129189491271973,0.0004622936248779297,1,0.7608610209376916,0.10012790061239521,0.4750310778538216,0.0035129189491271973,0.0004622936248779297,2,0.4014540130664845,-0.04797257332074015,0.250641217368042,0.0018535256385803223,-0.00022149085998535156,3,2.013066536113104,0.16834293759484703,1.2568250181389928,0.009294390678405762,0.0007772445678710938,1,1,0.7083333333333334,1.0,1.0,0.5,0.3333333333333333,1.0,1.0,1.0,1.0,1.0,0.7916666666666666,1.0,1.0,0.6666666666666666,0.5
clip,330,EV00331,NEG,POS,0,18,0.00525587797164917,1.0,0.00525587797164917,0.004617031037807464,-0.4275897705174636,0.7852604191013619,-0.3755451910002702,-0.0019741952419281006,0.0036255717277526855,2,-0.9120211019421444,1.78304088718174,-0.8010134071043005,-0.004210829734802246,0.008232355117797852,4,-0.6994752334941718,0.6914195591798172,-0.6143378029007334,-0.003229498863220215,0.003192305564880371,6,0.08577227587271194,0.5835458178805426,0.07533240490333455,0.0003960132598876953,0.002694249153137207,9,-0.18463502250625016,0.08303541216334785,-0.1621619588993815,-0.0008524656295776367,0.0003833770751953125,4,1,0.6458333333333334,1.0,0.75,0.5,0.3333333333333333,0.6875,0.5,0.75,0.75,0.75,0.6195512820512821,0.6666666666666666,0.75,0.6,0.46153846153846156
clip,331,EV00332,NEG,POS,0,29,0.008069157600402832,1.0,0.008069157600402832,0.004617031037807464,1.5954430806127586,0.4516147863812681,0.9127715451153728,0.007366210222244263,0.0020851194858551025,3,1.054221827218773,0.3322578362636946,0.6031325703924559,0.004867374897003174,0.0015340447425842285,6,1.6210366292156562,0.4670871031533098,0.9274139119833154,0.007484376430511475,0.002156555652618408,9,1.8652242568695312,0.710396868862672,1.0671164942315525,0.008611798286437988,0.0032799243927001953,15,1.8412896091470736,0.296717337245396,1.053423203854168,0.008501291275024414,0.0013699531555175781,2,1,0.17222222222222222,0.0,0.3333333333333333,0.2222222222222222,0.13333333333333333,0.75,0.0,1.0,1.0,1.0,0.2747326203208556,0.0,0.5,0.3636363636363636,0.23529411764705882
clip,332,EV00333,POS,POS,1,19,0.006386399269104004,1.0,0.006386399269104004,0.004617031037807464,1.0247650405732944,0.13514878281794898,0.7407352819906969,0.004731371998786926,0.0006239861249923706,2,1.0203854131515881,-1.2304009736418466,0.7375695372347898,0.004711151123046875,-0.00568079948425293,4,1.1482305136885336,0.7033352441031335,0.8299803561522509,0.005301415920257568,0.0032473206520080566,6,0.8372608295792794,0.3887508343400022,0.6052008139848468,0.003865659236907959,0.0017948746681213379,10,1.0931834058737768,0.6789100264705069,0.7901904205909004,0.005047261714935303,0.0031345486640930176,3,1,0.2791666666666667,0.5,0.25,0.16666666666666666,0.2,0.41666666666666663,0.3333333333333333,0.3333333333333333,0.3333333333333333,0.6666666666666666,0.3039072039072039,0.4,0.28571428571428575,0.2222222222222222,0.30769230769230765
clip,333,EV00334,POS,NEG,0,20,-0.007003068923950195,-1.0,0.007003068923950195,0.004617031037807464,0.6808013025715534,0.08658236171121475,0.44877924227790816,0.0031432807445526123,0.0003997534513473511,2,0.649475831860365,-0.2706009443961341,0.42812972096138807,0.002998650074005127,-0.0012493729591369629,4,0.9343420328548354,0.666736146857628,0.6159114384022831,0.0043138861656188965,0.0030783414840698242,6,0.07419224404582714,-0.13453234299661815,0.04890698496024762,0.0003425478935241699,-0.0006211400032043457,10,1.0651951015251857,0.0847265873799832,0.7021688247877138,0.004918038845062256,0.00039118528366088867,0,0,NA,NA,NA,NA,NA,NA,NA,NA,NA,NA,NA,NA,NA,NA,NA
clip,334,EV00335,NEG,NEG,1,27,-0.00954502820968628,-1.0,0.00954502820968628,0.004617031037807464,1.5913248753142344,0.7989511925154213,0.7696600281471797,0.007347196340560913,0.0036887824535369873,3,0.9347680540926138,0.7903726739547023,0.452109822440837,0.004315853118896484,0.0036491751670837402,6,1.7767280270219334,0.9649381035680092,0.8593320977387177,0.008203208446502686,0.004455149173736572,9,1.3472469804034233,0.8273848827035081,0.6516093381961013,0.00622028112411499,0.003820061683654785,14,2.3065564397389666,0.6131091098354658,1.115588854213063,0.010649442672729492,0.0028307437896728516,5,1,0.376984126984127,0.6666666666666666,0.3333333333333333,0.2222222222222222,0.2857142857142857,0.5,0.4,0.4,0.4,0.8,0.3926008202323992,0.5,0.3636363636363636,0.2857142857142857,0.4210526315789473
clip,335,EV00336,POS,POS,1,7,0.005880951881408691,1.0,0.005880951881408691,0.004617031037807464,0.04950883172363791,0.2665182408674247,0.03886189777174419,0.00022858381271362305,0.0012305229902267456,1,0.8106925960232828,0.6713707415352775,0.6363521758467329,0.003742992877960205,0.0030997395515441895,2,-0.48074560223117396,-0.04431911846342867,-0.3773606808662275,-0.0022196173667907715,-0.00020462274551391602,3,-0.019054768089723482,0.35583101142076445,-0.0149570172388773,-8.797645568847656e-05,0.0016428828239440918,4,-0.1128568988078338,0.08319032897708545,-0.08858688665465132,-0.0005210638046264648,0.0003840923309326172,2,1,0.14583333333333331,0.0,0.0,0.3333333333333333,0.25,0.25,0.0,0.0,0.5,0.5,0.18333333333333335,0.0,0.0,0.4,0.3333333333333333
clip,336,EV00337,POS,POS,1,26,0.01436549425125122,1.0,0.01436549425125122,0.004617031037807464,1.455217544711284,1.070917341332618,0.46767043185283785,0.00671878457069397,0.004944458603858948,3,0.6444797646173277,1.1013294483294784,0.20711963715280773,0.0029755830764770508,0.005084872245788574,6,0.9519767301519643,1.5290547710589626,0.3059414519307158,0.00439530611038208,0.007059693336486816,8,1.7656514748396956,1.2057046515851793,0.5674361134119699,0.0081520676612854,0.005566775798797607,13,2.4587622092361485,0.4475804943568517,0.7901845249158578,0.011352181434631348,0.002066493034362793,3,1,0.11137820512820512,0.0,0.16666666666666666,0.125,0.15384615384615385,0.3333333333333333,0.0,0.3333333333333333,0.3333333333333333,0.6666666666666666,0.163510101010101,0.0,0.2222222222222222,0.18181818181818182,0.25
clip,337,EV00338,NEG,NEG,1,6,-0.0008318424224853516,-1.0,0.0008318424224853516,0.004617031037807464,0.7838274385742893,-0.8299216455284611,4.345306524351873,0.003618955612182617,-0.0038317739963531494,1,0.5782140975410739,-1.5524601196678165,3.205447228394427,0.0026696324348449707,-0.0071677565574646,2,0.8912751586357855,-0.8383968862133551,4.940964772625485,0.004115045070648193,-0.0038709044456481934,2,0.8912751586357855,-0.8383968862133551,4.940964772625485,0.004115045070648193,-0.0038709044456481934,3,0.774545339484512,-0.09043269001931774,4.293849323762094,0.0035760998725891113,-0.00041753053665161133,1,1,0.5833333333333334,1.0,0.5,0.5,0.3333333333333333,1.0,1.0,1.0,1.0,1.0,0.7083333333333333,1.0,0.6666666666666666,0.6666666666666666,0.5
clip,338,EV00339,NEG,NEG,1,19,-0.003626585006713867,-1.0,0.003626585006713867,0.004617031037807464,1.2928163124099974,-1.1070065040662371,1.6454398806736394,0.0059689730405807495,-0.005111083388328552,2,0.9523640221863082,-0.7802643518583247,1.212127142875296,0.004397094249725342,-0.0036025047302246094,4,2.0851544934389956,-1.3816901519910807,2.6538931539891295,0.009627223014831543,-0.006379306316375732,6,0.8780426807956998,-1.4389835536050324,1.1175342003703406,0.004053950309753418,-0.006643831729888916,10,1.2557040532189863,-0.827087958810511,1.5982050254597917,0.005797624588012695,-0.003818690776824951,5,1,0.43333333333333335,0.5,0.5,0.3333333333333333,0.4,0.45,0.2,0.4,0.4,0.8,0.4067821067821068,0.28571428571428575,0.4444444444444445,0.3636363636363636,0.5333333333333333
clip,339,EV00340,NEG,NEG,1,14,-0.004174470901489258,-1.0,0.004174470901489258,0.004617031037807464,1.311138453068087,-0.3214168867356829,1.4497926283042966,0.006053566932678223,-0.0014839917421340942,2,1.2247723294093809,-0.966280715953735,1.3542932025017747,0.005654811859130859,-0.004461348056793213,3,1.6366444981997184,-0.5373547879177847,1.809721256433563,0.007556438446044922,-0.0024809837341308594,5,1.7257474855677883,0.25860780106594905,1.9082469719625625,0.007967829704284668,0.001194000244140625,7,0.6573894990954601,-0.04063984413716092,0.7269090823192867,0.0030351877212524414,-0.0001876354217529297,1,1,0.03571428571428571,0.0,0.0,0.0,0.14285714285714285,0.25,0.0,0.0,0.0,1.0,0.0625,0.0,0.0,0.0,0.25
clip,340,EV00341,POS,POS,1,19,0.0061092376708984375,1.0,0.0061092376708984375,0.004617031037807464,0.01718285659039428,1.3670376033584004,0.012983747354688407,7.933378219604492e-05,0.006311655044555664,2,-0.28218097622301885,1.5787701585342506,-0.21322220111102838,-0.0013028383255004883,0.007289230823516846,4,-0.13504873237574347,2.103615413742725,-0.10204581598602196,-0.0006235241889953613,0.009712457656860352,6,-0.39399218653812396,1.5373299108594454,-0.29770923029131097,-0.0018190741539001465,0.007097899913787842,10,0.8799533214984634,0.24843493029718067,0.6649122368071149,0.004062771797180176,0.0011470317840576172,4,1,0.4125,0.5,0.25,0.5,0.4,0.5625,0.25,0.25,0.75,1.0,0.4386904761904762,0.3333333333333333,0.25,0.6,0.5714285714285715
clip,341,EV00342,NEG,NEG,1,8,-0.0022636055946350098,-1.0,0.0022636055946350098,0.004617031037807464,0.4081606201278743,-0.3447221849023315,0.8321494285828893,0.0018844902515411377,-0.0015915930271148682,1,0.25558692319806603,0.19345237115481462,0.5210853316174795,0.0011800527572631836,0.0008931756019592285,2,0.29558128061132033,0.02618094152165259,0.6026250001370751,0.0013647079467773438,0.00012087821960449219,3,0.5057388481808384,-0.6209840478671267,1.0310899013089585,0.0023350119590759277,-0.00286710262298584,4,0.5757354285212725,-0.9775380044186666,1.173797481268044,0.0026581883430480957,-0.0045133233070373535,1,1,0.0625,0.0,0.0,0.0,0.25,0.25,0.0,0.0,0.0,1.0,0.1,0.0,0.0,0.0,0.4
clip,342,EV00343,POS,POS,1,26,0.0015310049057006836,1.0,0.0015310049057006836,0.004617031037807464,-0.3521485096608772,-0.02363126896222143,-1.061276366003732,-0.0016258805990219116,-0.00010910630226135254,3,-0.6502504159290529,-0.257045723194095,-1.9596715007374867,-0.0030022263526916504,-0.0011867880821228027,6,-0.09314373425972555,0.15095352525280262,-0.28070896539182766,-0.00043004751205444336,0.0006969571113586426,8,-0.22509413036071724,-0.04229229015036187,-0.6783702731215394,-0.001039266586303711,-0.0001952648162841797,13,-0.44010575809401303,0.053859412242768544,-1.3263547247640743,-0.002031981945037842,0.0002486705780029297,4,1,0.31810897435897434,0.3333333333333333,0.3333333333333333,0.375,0.23076923076923078,0.5625,0.25,0.5,0.75,0.75,0.38466386554621845,0.28571428571428575,0.4,0.5,0.3529411764705882
clip,343,EV00344,NEG,POS,0,19,0.0022702813148498535,1.0,0.0022702813148498535,0.004617031037807464,0.4134342466621914,0.07156188564590765,0.8404237451572886,0.0019088387489318848,0.0003304034471511841,2,-0.24498803119151932,0.8404237145264218,-0.4980084749992152,-0.0011311173439025879,0.0038802623748779297,4,-0.013955422970861168,-0.27215011253350996,-0.02836840182716718,-6.443262100219727e-05,-0.0012565255165100098,6,0.705336252947244,-0.27045893731687465,1.4337983369371934,0.003256559371948242,-0.0012487173080444336,10,1.2073441878639022,-0.011567122092406667,2.4542735205183432,0.005574345588684082,-5.340576171875e-05,7,1,0.5875,0.5,0.75,0.5,0.6,0.4642857142857143,0.14285714285714285,0.42857142857142855,0.42857142857142855,0.8571428571428571,0.4837743955391014,0.22222222222222224,0.5454545454545454,0.4615384615384615,0.7058823529411764
clip,344,EV00345,POS,POS,1,14,0.00487363338470459,1.0,0.00487363338470459,0.004617031037807464,0.5404176224227216,0.9336061779895818,0.5118589931158544,0.002495124936103821,0.004310488700866699,2,0.22819246663546902,-0.3074195071277678,0.2161335259294895,0.0010535717010498047,-0.001419365406036377,3,0.7486484121213783,0.6559306990994311,0.7090857265318525,0.0034565329551696777,0.0030284523963928223,5,0.5090050110038059,2.7850170189675114,0.48210639626317675,0.0023500919342041016,0.01285851001739502,7,0.6758245999302332,0.6008965010191526,0.6401103237388989,0.0031203031539916992,0.002774357795715332,2,1,0.08571428571428572,0.0,0.0,0.2,0.14285714285714285,0.25,0.0,0.0,0.5,0.5,0.126984126984127,0.0,0.0,0.28571428571428575,0.22222222222222224
clip,345,EV00346,POS,POS,1,22,0.0015807151794433594,1.0,0.0015807151794433594,0.004617031037807464,0.6223460248545696,1.0344312042637962,1.8166297892019054,0.0028733909130096436,0.0047760009765625,3,0.31035001685430386,0.8677665321511063,0.9059125682189245,0.0014328956604003906,0.004006505012512207,5,0.6423496584284358,0.5232444481331859,1.875020451616848,0.0029657483100891113,0.0024158358573913574,7,0.8285080296031057,1.6199263920505367,2.4184172583438404,0.003825247287750244,0.007479250431060791,11,0.7081763945324332,1.1267874447203556,2.0671688786280082,0.003269672393798828,0.0052024126052856445,3,1,0.441991341991342,0.6666666666666666,0.4,0.42857142857142855,0.2727272727272727,0.8333333333333333,0.6666666666666666,0.6666666666666666,1.0,1.0,0.5488095238095237,0.6666666666666666,0.5,0.6,0.42857142857142855
clip,346,EV00347,POS,POS,1,15,0.0048563480377197266,1.0,0.0048563480377197266,0.004617031037807464,-0.26760265856358784,0.7493649023849147,-0.2543630332422907,-0.0012355297803878784,0.003459841012954712,2,0.09500273602457662,0.9034748577176207,0.09030248141494385,0.0004386305809020996,0.0041713714599609375,3,-0.5595337117512162,1.2222678409206231,-0.5318508152583906,-0.0025833845138549805,0.005643248558044434,5,0.26881940103815183,0.2845434576325171,0.25551957745663484,0.001241147518157959,0.0013137459754943848,8,-0.8746990595658635,0.5871734532688978,-0.831423376582351,-0.004038512706756592,0.002710998058319092,5,1,0.43333333333333335,0.5,0.3333333333333333,0.4,0.5,0.4,0.2,0.2,0.4,0.8,0.38777472527472534,0.28571428571428575,0.25,0.4000000000000001,0.6153846153846154
clip,347,EV00348,POS,POS,1,22,0.003683030605316162,1.0,0.003683030605316162,0.004617031037807464,-0.23040971353208825,0.08424569977067277,-0.2887622044330661,-0.001063808798789978,0.00038896501064300537,3,-0.8732531693043126,-0.05233606357434891,-1.0944091997291476,-0.004031836986541748,-0.0002416372299194336,5,-0.31989031063364376,0.03515320698395463,-0.40090424079488707,-0.0014769434928894043,0.00016230344772338867,7,-0.3228466398291361,-0.023844279581110617,-0.40460927615313513,-0.0014905929565429688,-0.00011008977890014648,11,0.5943512656387394,0.37800993525419596,0.7448738989449052,0.002744138240814209,0.0017452836036682129,2,1,0.022727272727272728,0.0,0.0,0.0,0.09090909090909091,0.125,0.0,0.0,0.0,0.5,0.038461538461538464,0.0,0.0,0.0,0.15384615384615385
clip,348,EV00349,NEG,POS,0,9,0.005048871040344238,1.0,0.005048871040344238,0.004617031037807464,0.7333987882690844,0.3021168336908749,0.6705369189582162,0.0033861249685287476,0.0013948827981948853,1,1.1695961242498427,-0.30142939032991434,1.0693464376058066,0.00540006160736084,-0.0013917088508605957,2,0.31643050179350424,0.5720690639294829,0.28930826874937554,0.0014609694480895996,0.0026412606239318848,3,0.42846117759473756,0.21160345783106882,0.3917364502273683,0.0019782185554504395,0.0009769797325134277,5,1.019107349438253,0.7262242033328623,0.9317565192503143,0.004705250263214111,0.0033529996871948242,1,1,0.5083333333333333,1.0,0.5,0.3333333333333333,0.2,1.0,1.0,1.0,1.0,1.0,0.625,1.0,0.6666666666666666,0.5,0.33333333333333337
clip,349,EV00350,NEG,NEG,1,10,-0.001621246337890625,-1.0,0.001621246337890625,0.004617031037807464,-0.25545782585328475,-0.25218520816307816,-0.7270515477625021,-0.0011794567108154297,-0.0011643469333648682,1,-0.5239157543260489,-1.2177236143843206,-1.4911023328707105,-0.0024189352989196777,-0.005622267723083496,2,0.15310945091065073,-0.5275562994488822,0.43576063050653296,0.0007069110870361328,-0.002435743808746338,3,0.07056460865747193,0.2982148664448594,0.20083200728066689,0.00032579898834228516,0.0013768672943115234,5,-0.7215896086552127,0.4383242147360307,-2.0536964959664976,-0.003331601619720459,0.002023756504058838,1,1,0.5083333333333333,1.0,0.5,0.3333333333333333,0.2,1.0,1.0,1.0,1.0,1.0,0.625,1.0,0.6666666666666666,0.5,0.33333333333333337
clip,350,EV00351,POS,POS,1,29,0.00904393196105957,1.0,0.00904393196105957,0.004617031037807464,1.7647284288245093,0.6585901044019264,0.900814507423833,0.00814780592918396,0.0030407309532165527,3,0.17784450217075248,1.126219416403318,0.09078162112892132,0.0008211135864257812,0.005199790000915527,6,1.6829904449762136,0.5019175667753112,0.8590909422250985,0.007770419120788574,0.002317368984222412,9,2.0616587766887946,0.1380050615712358,1.0523840977821195,0.009518742561340332,0.0006371736526489258,15,3.1364199914622763,0.868218372857841,1.6010013685591926,0.014480948448181152,0.004008591175079346,5,1,0.18611111111111112,0.3333333333333333,0.16666666666666666,0.1111111111111111,0.13333333333333333,0.25,0.2,0.2,0.2,0.4,0.19366883116883116,0.25,0.1818181818181818,0.14285714285714285,0.2
clip,351,EV00352,NEG,POS,0,5,0.0016675591468811035,1.0,0.0016675591468811035,0.004617031037807464,-0.0007939486704051451,0.9634308920676873,-0.002196916819243999,-3.6656856536865234e-06,0.004448190331459045,1,-0.25722645947678885,2.045637796201432,-0.7117653272103543,-0.0011876225471496582,0.009444773197174072,1,-0.25722645947678885,2.045637796201432,-0.7117653272103543,-0.0011876225471496582,0.009444773197174072,2,1.0415444679612471,-0.10935836076425991,2.8820333668258056,0.00480884313583374,-0.000504910945892334,3,-0.53026734368929,-0.12819366336785512,-1.4672903796820729,-0.00244826078414917,-0.0005918741226196289,0,0,NA,NA,NA,NA,NA,NA,NA,NA,NA,NA,NA,NA,NA,NA,NA
clip,352,EV00353,POS,POS,1,4,0.009179294109344482,1.0,0.009179294109344482,0.004617031037807464,1.2072215453863597,0.4901245243295372,0.6071460541645666,0.005573779344558716,0.0022629201412200928,1,1.3170123822556372,0.5170606853181605,0.6623629889876389,0.006080687046051025,0.0023872852325439453,1,1.3170123822556372,0.5170606853181605,0.6623629889876389,0.006080687046051025,0.0023872852325439453,2,1.0974307085170825,0.46318836334091384,0.5519291193414941,0.005066871643066406,0.0021385550498962402,2,1.0974307085170825,0.46318836334091384,0.5519291193414941,0.005066871643066406,0.0021385550498962402,0,0,NA,NA,NA,NA,NA,NA,NA,NA,NA,NA,NA,NA,NA,NA,NA
clip,353,EV00354,POS,POS,1,9,0.007885217666625977,1.0,0.007885217666625977,0.004617031037807464,0.7549322253786093,1.44411517306009,0.4419793700045498,0.003485545516014099,0.006667524576187134,1,0.8910427834151792,0.9338643726791445,0.5216660712336577,0.004113972187042236,0.004311680793762207,2,1.3490156140269274,3.1895564585742693,0.7897888726566161,0.006228446960449219,0.01472628116607666,3,0.42356838822752535,1.3226281167536247,0.2479805247269137,0.0019556283950805664,0.00610661506652832,5,0.3561021158448052,0.3304117442333217,0.2084820114010115,0.001644134521484375,0.0015255212783813477,2,1,0.7666666666666666,1.0,1.0,0.6666666666666666,0.4,0.875,0.5,1.0,1.0,1.0,0.7595238095238096,0.6666666666666666,1.0,0.8,0.5714285714285715
clip,354,EV00355,POS,NEG,0,28,-0.008325457572937012,-1.0,0.008325457572937012,0.004617031037807464,-0.2541119860339394,0.21313003393310798,-0.14090541101307194,-0.0011732429265975952,0.0009840279817581177,3,1.0770591475105895,0.9144739514929895,0.597230631400043,0.00497281551361084,0.00422215461730957,6,-0.6926201644862836,0.6644123946515642,-0.3840587391255388,-0.0031978487968444824,0.003067612648010254,9,-1.510000002969239,-0.25722645947678885,-0.8372968720165098,-0.00697171688079834,-0.0011876225471496582,14,0.10911307580917538,-0.4691397509353329,0.06050333568971788,0.0005037784576416016,-0.0021660327911376953,4,1,0.15079365079365079,0.0,0.16666666666666666,0.2222222222222222,0.21428571428571427,0.375,0.0,0.25,0.5,0.75,0.21025641025641023,0.0,0.2,0.30769230769230765,0.3333333333333333
clip,355,EV00356,NEG,POS,0,16,0.004807949066162109,1.0,0.004807949066162109,0.004617031037807464,0.3980845723676919,1.19774902771303,0.3821976072125002,0.0018379688262939453,0.005530044436454773,2,0.5522913507089839,0.604446678000639,0.5302502216291987,0.0025499463081359863,0.0027907490730285645,4,0.1339901341485366,1.6790013370224708,0.12864278652414513,0.0006186366081237793,0.0077520012855529785,5,0.6005737576571992,1.6453327495035013,0.5766057492908522,0.0027728676795959473,0.00759655237197876,8,0.30548304695604794,0.8622153463255094,0.2932916714058046,0.0014104247093200684,0.003980875015258789,2,1,0.03125,0.0,0.0,0.0,0.125,0.125,0.0,0.0,0.0,0.5,0.05,0.0,0.0,0.0,0.2
clip,356,EV00357,POS,POS,1,19,0.0009760260581970215,1.0,0.0009760260581970215,0.004617031037807464,0.3569928875237964,1.1857784764181818,1.6870043824783034,0.001648247241973877,0.005474776029586792,2,0.3696444273123662,1.3903396740914293,1.7467904561350038,0.0017066597938537598,0.006419241428375244,4,0.16878186856710353,1.4123765908456014,0.797595027538471,0.000779271125793457,0.006520986557006836,6,0.23923028961427226,1.0377619157591544,1.1305058478901182,0.0011045336723327637,0.004791378974914551,10,0.6503149646014436,0.9026357249765421,3.0731261983496205,0.0030025243759155273,0.004167497158050537,8,1,0.625,1.0,0.5,0.5,0.5,0.375,0.25,0.25,0.375,0.625,0.4293650793650794,0.4,0.3333333333333333,0.42857142857142855,0.5555555555555556
clip,357,EV00358,NEG,NEG,1,8,-0.006161689758300781,-1.0,0.006161689758300781,0.004617031037807464,1.868806708187213,-0.45617192265204887,1.4000929648845772,0.00862833857536316,-0.0021061599254608154,1,0.4441465049856685,0.039426329096216475,0.33275051629695457,0.002050638198852539,0.00018203258514404297,2,1.9545337999892514,-0.55093582858878,1.4643189212695884,0.00902414321899414,-0.0025436878204345703,3,2.2981263831247465,-0.8400364224920779,1.7217353551506327,0.010610520839691162,-0.003878474235534668,4,2.7784201446491856,-0.47314176862355395,2.0815670668211332,0.012828052043914795,-0.0021845102310180664,1,1,0.2708333333333333,0.0,0.5,0.3333333333333333,0.25,0.75,0.0,1.0,1.0,1.0,0.3916666666666666,0.0,0.6666666666666666,0.5,0.4
clip,358,EV00359,NEG,NEG,1,20,-0.0011498332023620605,-1.0,0.0011498332023620605,0.004617031037807464,-1.774933573929473,-0.26201919840179555,-7.120861115284997,-0.008194923400878906,-0.001209750771522522,2,-1.5989093443201372,-0.7919218420920783,-6.41466900174119,-0.007382214069366455,-0.003656327724456787,4,-2.3387274980584727,0.7686197713590492,-9.382747582661978,-0.010797977447509766,0.003548741340637207,6,-2.1135042703529745,-0.4242655138893445,-8.479173867012161,-0.0097581148147583,-0.0019588470458984375,10,-1.0485931829863075,-0.6005092089848086,-4.206854009724658,-0.0048413872718811035,-0.0027725696563720703,5,1,0.5375,0.5,0.75,0.5,0.4,0.55,0.2,0.6,0.6,0.8,0.5077922077922078,0.28571428571428575,0.6666666666666665,0.5454545454545454,0.5333333333333333
clip,359,EV00360,POS,NEG,0,12,-0.000723719596862793,-1.0,0.000723719596862793,0.004617031037807464,0.7493939492874905,0.3131094725990047,4.774225974270865,0.0034599751234054565,0.0014456361532211304,2,0.3334197123667265,0.42748003777439947,2.124144520553735,0.0015394091606140137,0.0019736886024475098,3,0.6805366530147516,0.02300514684003201,4.335551105470637,0.003142058849334717,0.0001062154769897461,4,0.8941927586278434,0.3464456344551622,5.696707717356041,0.004128515720367432,0.0015995502471923828,6,1.0894266731406403,0.45550707132642504,6.940500553703047,0.005029916763305664,0.002103090286254883,2,1,0.41666666666666663,0.5,0.3333333333333333,0.5,0.3333333333333333,0.75,0.5,0.5,1.0,1.0,0.5166666666666666,0.5,0.4,0.6666666666666666,0.5
clip,360,EV00361,POS,POS,1,8,0.008094191551208496,1.0,0.008094191551208496,0.004617031037807464,0.7765463483286226,1.381770837831569,0.44289731377561503,0.003585338592529297,0.006379678845405579,1,0.22187960647566224,0.45492613327490905,0.1265473489137767,0.0010244250297546387,0.0021004080772399902,2,0.20714959943611314,2.359099059064966,0.11814620123759009,0.000956416130065918,0.010892033576965332,3,1.1717907791111253,1.8558001507004946,0.6683219739457545,0.005410194396972656,0.008568286895751953,4,1.5053654082915895,0.8572580082859066,0.8585737310053388,0.006950318813323975,0.003957986831665039,5,1,0.41666666666666663,0.0,0.5,0.6666666666666666,0.5,0.25,0.0,0.2,0.4,0.4,0.30753968253968256,0.0,0.28571428571428575,0.5,0.4444444444444445
clip,361,EV00362,POS,POS,1,19,0.00245058536529541,1.0,0.00245058536529541,0.004617031037807464,-0.14682886508703932,-0.4376012696052553,-0.2765204250887744,-0.0006779134273529053,-0.002020418643951416,2,-0.8561606808552653,-0.00052929911360343,-1.6123935526849635,-0.003952920436859131,-2.4437904357910156e-06,4,0.3696056981089318,-0.5866957930932069,0.6960724289173617,0.0017064809799194336,-0.0027087926864624023,6,0.46977232792476137,-0.7731381784263955,0.8847146215813438,0.0021689534187316895,-0.0035696029663085938,10,-0.570532805526585,-0.39004180778781544,-1.0744751981688396,-0.0026341676712036133,-0.001800835132598877,4,1,0.025,0.0,0.0,0.0,0.1,0.0625,0.0,0.0,0.0,0.25,0.03571428571428572,0.0,0.0,0.0,0.14285714285714288
clip,362,EV00363,NEG,NEG,1,2,-0.007161259651184082,-1.0,0.007161259651184082,0.004617031037807464,1.6781105653434796,0.47475548543332047,1.0817659429287203,0.0077478885650634766,0.0021919608116149902,1,1.6781105653434796,0.47475548543332047,1.0817659429287203,0.0077478885650634766,0.0021919608116149902,1,1.6781105653434796,0.47475548543332047,1.0817659429287203,0.0077478885650634766,0.0021919608116149902,1,1.6781105653434796,0.47475548543332047,1.0817659429287203,0.0077478885650634766,0.0021919608116149902,1,1.6781105653434796,0.47475548543332047,1.0817659429287203,0.0077478885650634766,0.0021919608116149902,1,1,1.0,1.0,1.0,1.0,1.0,1.0,1.0,1.0,1.0,1.0,1.0,1.0,1.0,1.0,1.0
clip,363,EV00364,NEG,POS,0,26,0.006675541400909424,1.0,0.006675541400909424,0.004617031037807464,0.2673186444050689,0.86158922420332,0.18485895676984865,0.0012342184782028198,0.003977984189987183,3,-0.39356616530034555,0.6050663452555893,-0.27216294957371895,-0.0018171072006225586,0.002793610095977783,6,0.1329186261868516,1.9175732301783583,0.09191726460706588,0.0006136894226074219,0.008853495121002197,8,0.532900929522829,0.9712767831967722,0.3685171683872448,0.0024604201316833496,0.004484415054321289,13,0.7970211872109406,-0.04755946181743991,0.5511643436588028,0.0036798715591430664,-0.00021958351135253906,3,1,0.20352564102564102,0.0,0.3333333333333333,0.25,0.23076923076923078,0.5833333333333333,0.0,0.6666666666666666,0.6666666666666666,1.0,0.295770202020202,0.0,0.4444444444444444,0.36363636363636365,0.375
clip,364,EV00365,NEG,NEG,1,8,-0.0002894401550292969,-1.0,0.0002894401550292969,0.004617031037807464,0.41124604666814796,-0.3012228345782642,6.537442322501616,0.001898735761642456,-0.0013907551765441895,1,0.29303806291912826,-0.02787211673828794,4.658329119883982,0.0013529658317565918,-0.00012868642807006836,2,0.31386146463235587,-0.5119871596682545,4.989351846452238,0.0014491081237792969,-0.002363860607147217,3,0.6739655981653822,-0.6344101717243844,10.713808098711976,0.003111720085144043,-0.002929091453552246,4,0.3641190609557255,-0.030621890182130147,5.7882802249582666,0.0016811490058898926,-0.00014138221740722656,1,1,0.14583333333333331,0.0,0.0,0.3333333333333333,0.25,0.5,0.0,0.0,1.0,1.0,0.225,0.0,0.0,0.5,0.4
clip,365,EV00366,NEG,NEG,1,23,-0.004405498504638672,-1.0,0.004405498504638672,0.004617031037807464,2.065747935084743,-0.46041277042811535,2.1644446996935978,0.009537622332572937,-0.0021257400512695312,3,1.1149363084694301,-0.08646940153453109,1.1682054438377578,0.005147695541381836,-0.0003992319107055664,5,2.8945561160144653,-0.20513568085752448,3.032851461142176,0.013364255428314209,-0.000947117805480957,7,2.33805619186561,-1.2051495330026196,2.449763229152988,0.010794878005981445,-0.005564212799072266,12,1.9154431239894665,-0.34489646631778625,2.0069586646414685,0.008843660354614258,-0.001592397689819336,5,1,0.42142857142857143,0.6666666666666666,0.4,0.2857142857142857,0.3333333333333333,0.5,0.4,0.4,0.4,0.8,0.4259803921568628,0.5,0.4000000000000001,0.3333333333333333,0.47058823529411764
clip,366,EV00367,NEG,NEG,1,8,-0.005315840244293213,-1.0,0.005315840244293213,0.004617031037807464,0.6785743733740754,0.7413544121412335,0.5892595600726646,0.0031329989433288574,0.003422856330871582,1,1.1798206339565238,0.6479912123953797,1.02453115680309,0.005447268486022949,0.002991795539855957,2,0.2423931745614147,1.3932443643490091,0.21048907976950232,0.0011191368103027344,0.006432652473449707,3,0.630859994742898,0.664102561024089,0.547825408026005,0.0029127001762390137,0.0030661821365356445,4,0.6612236902354655,0.26007951079645614,0.5741925956920612,0.0030528903007507324,0.0012007951736450195,0,0,NA,NA,NA,NA,NA,NA,NA,NA,NA,NA,NA,NA,NA,NA,NA
clip,367,EV00368,POS,POS,1,40,0.009959876537322998,1.0,0.009959876537322998,0.004617031037807464,0.8192743420176214,1.9264744921010306,0.3797472091337888,0.003782615065574646,0.008894592523574829,4,0.2956200098147547,2.4068263474306213,0.13702476439673708,0.00136488676071167,0.011112391948699951,8,0.6432533398419051,2.6780082298782717,0.2981585630637241,0.0029699206352233887,0.012364447116851807,12,0.6404131982567159,2.5303208674484363,0.2968421104602356,0.0029568076133728027,0.011682569980621338,20,1.6978108201571098,0.09074252364679292,0.7869633986144583,0.007838845252990723,0.0004189610481262207,6,1,0.22916666666666666,0.25,0.25,0.16666666666666666,0.25,0.41666666666666663,0.16666666666666666,0.3333333333333333,0.3333333333333333,0.8333333333333334,0.27313797313797317,0.2,0.28571428571428575,0.2222222222222222,0.3846153846153846
clip,368,EV00369,NEG,POS,0,13,0.006088614463806152,1.0,0.006088614463806152,0.004617031037807464,0.6312085575738076,1.54407201969065,0.4785704446429663,0.0029143095016479492,0.0071290284395217896,2,0.11170793243928001,2.3126627441471235,0.08469485125977803,0.0005157589912414551,0.010677635669708252,3,0.5596498993615194,2.4309933703736855,0.4243160172151436,0.002583920955657959,0.011223971843719482,4,0.9903444610209738,1.534760873698297,0.7508605252156885,0.004572451114654541,0.007086038589477539,7,0.8631319374734568,-0.10212890945650574,0.654410384881255,0.003985106945037842,-0.00047153234481811523,3,1,0.31547619047619047,0.0,0.3333333333333333,0.5,0.42857142857142855,0.5,0.0,0.3333333333333333,0.6666666666666666,1.0,0.3761904761904762,0.0,0.3333333333333333,0.5714285714285715,0.6
clip,369,EV00370,POS,POS,1,12,0.014123916625976562,1.0,0.014123916625976562,0.004617031037807464,1.6046219018267107,0.7317269776541663,0.524504980868682,0.007408589124679565,0.0033784061670303345,2,1.8539153294666872,1.3205754689716016,0.6059918684315035,0.008559584617614746,0.006097137928009033,3,1.3455170759833537,0.7954203801356522,0.43981102800212707,0.006212294101715088,0.003672480583190918,4,1.4014291360081452,0.434644940409763,0.45808708041063956,0.006470441818237305,0.0020067691802978516,6,1.817626065848657,0.3762671210996481,0.5941299466304579,0.008392035961151123,0.0017372369766235352,4,1,0.18749999999999997,0.0,0.3333333333333333,0.25,0.16666666666666666,0.1875,0.0,0.25,0.25,0.25,0.18392857142857144,0.0,0.28571428571428575,0.25,0.2
clip,370,EV00371,NEG,NEG,1,15,-0.005050361156463623,-1.0,0.005050361156463623,0.004617031037807464,1.0090732583151245,-0.2050194932472213,0.9223103256240097,0.004658922553062439,-0.0009465813636779785,2,0.26512721697740593,-0.32630644866927555,0.242330839517555,0.0012241005897521973,-0.0015065670013427734,3,1.4208711961322127,-0.2507199532998101,1.2987007283917387,0.006560206413269043,-0.0011575818061828613,5,1.263863005409166,-0.5004716765137603,1.155192539746245,0.005835294723510742,-0.0023106932640075684,8,1.0864316147417137,0.2574201054939609,0.9930171948405004,0.0050160884857177734,0.001188516616821289,3,1,0.37083333333333335,0.5,0.3333333333333333,0.4,0.25,0.5,0.3333333333333333,0.3333333333333333,0.6666666666666666,0.6666666666666666,0.3992424242424243,0.4,0.3333333333333333,0.5,0.36363636363636365
clip,371,EV00372,NEG,POS,0,12,0.0007533431053161621,1.0,0.0007533431053161621,0.004617031037807464,-0.43047509617332624,0.45035285983603063,-2.634765090352867,-0.0019875168800354004,0.002079293131828308,2,-0.07102935909868469,0.26267436742656075,-0.43474216605552485,-0.0003279447555541992,0.001212775707244873,3,-0.19465297646128094,0.855153721565971,-1.1913926535414765,-0.0008987188339233398,0.00394827127456665,4,-0.6363982708340168,0.38477463612073737,-3.895138098486578,-0.0029382705688476562,0.0017765164375305176,6,-0.8198197782993225,0.2988087142308535,-5.017787443327889,-0.0037851333618164062,0.0013796091079711914,1,1,0.041666666666666664,0.0,0.0,0.0,0.16666666666666666,0.25,0.0,0.0,0.0,1.0,0.07142857142857142,0.0,0.0,0.0,0.2857142857142857
clip,372,EV00373,POS,POS,1,13,0.005735039710998535,1.0,0.005735039710998535,0.004617031037807464,0.39861709891491487,-0.14732911729806694,0.32085334318066405,0.0018404275178909302,-0.0006802231073379517,2,0.380449875070563,-0.19560829681266273,0.30623025118927916,0.0017565488815307617,-0.0009031295776367188,3,0.3355498185556184,-0.32140074956758524,0.27008947027186103,0.0015492439270019531,-0.001483917236328125,4,0.9074768754058418,-0.31730836373801724,0.7304427986799861,0.004189848899841309,-0.0014650225639343262,7,-0.029008173372363593,0.24500094092599745,-0.023349147418469978,-0.00013393163681030273,0.0011311769485473633,1,1,0.306547619047619,0.5,0.3333333333333333,0.25,0.14285714285714285,1.0,1.0,1.0,1.0,1.0,0.4541666666666666,0.6666666666666666,0.5,0.4,0.25
clip,373,EV00374,POS,NEG,0,13,-0.003259420394897461,-1.0,0.003259420394897461,0.004617031037807464,0.5172769233706692,-0.8508709171528506,0.732507873549553,0.002388283610343933,-0.0039284974336624146,2,0.900376521442869,-1.229678028511071,1.2750093060761822,0.004157066345214844,-0.005677461624145508,3,0.06735008477241694,-0.5084111632178118,0.09537341634835172,0.0003109574317932129,-0.0023473501205444336,4,0.48179129072390264,-0.705723544981588,0.6822572164309922,0.002224445343017578,-0.003258347511291504,7,0.6195897965434883,-0.9596709319009312,0.877391555342686,0.0028606653213500977,-0.004430830478668213,6,1,0.6845238095238095,1.0,0.6666666666666666,0.5,0.5714285714285714,0.41666666666666663,0.3333333333333333,0.3333333333333333,0.3333333333333333,0.6666666666666666,0.489957264957265,0.5,0.4444444444444444,0.4,0.6153846153846153
clip,374,EV00375,POS,POS,1,10,0.005206465721130371,1.0,0.005206465721130371,0.004617031037807464,0.42407509530579207,0.5214015835364325,0.37599246586360424,0.0019579678773880005,0.0024073272943496704,1,0.1882755676290835,0.3107373088886478,0.16692844196305257,0.0008692741394042969,0.0014346837997436523,2,0.860808185267393,0.43567771916801357,0.7632077332456378,0.0039743781089782715,0.002011537551879883,3,0.5313646711199312,0.5686221648238214,0.4711172978057627,0.002453327178955078,0.0026253461837768555,5,0.11585195720676052,0.7705691412652472,0.10271639043996392,0.0005348920822143555,0.003557741641998291,5,1,0.6416666666666666,1.0,0.5,0.6666666666666666,0.4,0.30000000000000004,0.2,0.2,0.4,0.4,0.3797619047619048,0.33333333333333337,0.28571428571428575,0.5,0.4000000000000001
clip,375,EV00376,POS,POS,1,9,0.0027390122413635254,1.0,0.0027390122413635254,0.004617031037807464,0.27316352669004335,-0.2922441142487231,0.4602915498279886,0.001261204481124878,-0.0013493001461029053,1,-0.3862592555857226,0.5830681577048517,-0.6508624103052255,-0.0017833709716796875,0.0026920437812805176,2,0.13495836423439653,-0.3055346858939605,0.2274102819963512,0.0006231069564819336,-0.00141066312789917,3,0.6333773929661338,-0.8216529605952173,1.0672664296255003,0.002924323081970215,-0.0037935972213745117,5,0.7105776051453658,-0.6248569682105664,1.1973518979953284,0.0032807588577270508,-0.002884984016418457,2,1,0.2583333333333333,0.0,0.5,0.3333333333333333,0.2,0.375,0.0,0.5,0.5,0.5,0.29642857142857143,0.0,0.5,0.4,0.28571428571428575
clip,376,EV00377,POS,NEG,0,16,-0.00243377685546875,-1.0,0.00243377685546875,0.004617031037807464,0.766112055436672,-0.29970271334346416,1.4527668646285874,0.0035371631383895874,-0.0013837367296218872,2,0.5532079418569313,-0.7519533041477803,1.0490399693828623,0.002554178237915039,-0.0034717917442321777,4,-0.17249987209680567,-0.8043668261289979,-0.32710893472635594,-0.0007964372634887695,-0.0037137866020202637,5,0.6252571699793885,-0.3860656095685506,1.1856658461010026,0.002886831760406494,-0.0017824769020080566,8,2.058482982007174,0.7435748864714723,3.9034705777568406,0.009504079818725586,0.0034331083297729492,2,1,0.175,0.0,0.25,0.2,0.25,0.5,0.0,0.5,0.5,1.0,0.25476190476190474,0.0,0.3333333333333333,0.28571428571428575,0.4
clip,377,EV00378,NEG,POS,0,20,0.0041214823722839355,1.0,0.0041214823722839355,0.004617031037807464,0.27895354260348576,0.6650385167737536,0.31241787059312476,0.0012879371643066406,0.0030705034732818604,2,0.4556361686712063,0.10254202095980597,0.510296016508411,0.0021036863327026367,0.00047343969345092773,4,-0.2851631248874675,1.8629650533358582,-0.3193723779864649,-0.0013166069984436035,0.008601367473602295,6,0.5015690039444015,0.5620769294434084,0.561739129409667,0.0023157596588134766,0.0025951266288757324,10,0.44377212268580263,0.13257006335594204,0.49700871444088596,0.0020489096641540527,0.0006120800971984863,2,1,0.3833333333333333,0.5,0.5,0.3333333333333333,0.2,0.875,0.5,1.0,1.0,1.0,0.5,0.5,0.6666666666666666,0.5,0.33333333333333337
clip,378,EV00379,NEG,POS,0,11,0.0038068294525146484,1.0,0.0038068294525146484,0.004617031037807464,0.061353513107324426,0.007300454847383895,0.0743917441228821,0.00028327107429504395,3.37064266204834e-05,2,0.45877323414939253,0.4034937511140294,0.5562671038179613,0.0021181702613830566,0.001862943172454834,3,0.09631952894134614,-0.22823119583890342,0.11678838567087287,0.00044471025466918945,-0.0010537505149841309,4,0.3618598574220523,-0.18946326320107168,0.43875867180734035,0.0016707181930541992,-0.0008747577667236328,6,-0.6715385680834933,0.04340252731548126,-0.8142471848046461,-0.0031005144119262695,0.00020039081573486328,0,0,NA,NA,NA,NA,NA,NA,NA,NA,NA,NA,NA,NA,NA,NA,NA
clip,379,EV00380,NEG,NEG,1,25,-0.00030684471130371094,-1.0,0.00030684471130371094,0.004617031037807464,0.2438261550884874,-0.21397239410780614,3.656885710673023,0.0011257529258728027,-0.000987917184829712,3,0.24515585773973503,-0.7836983412295079,3.6768284876200936,0.001131892204284668,-0.0036183595657348633,5,0.0437769096153471,-0.42886137936355967,0.656562685704041,0.0002021193504333496,-0.0019800662994384766,8,0.6183891912370221,0.3704577405844885,9.274552995549769,0.0028551220893859863,0.0017104148864746094,13,0.06798266176184543,-0.013787596422645446,1.0195986738181892,0.00031387805938720703,-6.365776062011719e-05,1,1,0.0,0.0,0.0,0.0,0.0,0.0,0.0,0.0,0.0,0.0,0.0,0.0,0.0,0.0,0.0
clip,380,EV00381,NEG,NEG,1,6,-0.0035602450370788574,-1.0,0.0035602450370788574,0.004617031037807464,0.9527964982913257,-1.3419894910372039,1.2352677110176362,0.004399091005325317,-0.006196007132530212,1,0.239010824128144,-1.4930237021304948,0.30986926815818167,0.001103520393371582,-0.006893336772918701,2,1.239399058573105,-1.6929180307898974,1.6068380193111282,0.005722343921661377,-0.00781625509262085,2,1.239399058573105,-1.6929180307898974,1.6068380193111282,0.005722343921661377,-0.00781625509262085,3,1.093377051890949,-0.48909820043852564,1.4175255372901068,0.005048155784606934,-0.0022581815719604492,2,1,0.9166666666666666,1.0,1.0,1.0,0.6666666666666666,0.875,0.5,1.0,1.0,1.0,0.8666666666666667,0.6666666666666666,1.0,1.0,0.8
clip,381,EV00382,POS,POS,1,34,0.0071599483489990234,1.0,0.0071599483489990234,0.004617031037807464,0.3440218318068928,0.4024577449221593,0.2218085367642441,0.0015883594751358032,0.0018581598997116089,4,0.06811175910662676,0.3015843071436519,0.04391514789782264,0.00031447410583496094,0.0013924241065979004,7,-0.2294963498177604,0.325080023893853,-0.14796807888165145,-0.0010595917701721191,0.0015009045600891113,11,0.3347752344869304,0.4682231597873855,0.21584678075935113,0.0015456676483154297,0.0021618008613586426,17,1.2026966834517745,0.5149434888637467,0.7754402972814541,0.005552887916564941,0.0023775100708007812,3,1,0.0748663101604278,0.0,0.0,0.18181818181818182,0.11764705882352941,0.3333333333333333,0.0,0.0,0.6666666666666666,0.6666666666666666,0.12142857142857144,0.0,0.0,0.28571428571428575,0.2
clip,382,EV00383,NEG,POS,0,28,0.0015393495559692383,1.0,0.0015393495559692383,0.004617031037807464,0.4004244617418534,-0.15053718631588286,1.2002289746473664,0.0018487721681594849,-0.0006950348615646362,3,0.24862857631435267,-0.9215872151904405,0.7452372413006836,0.001147925853729248,-0.0042549967765808105,6,0.2520625656855359,0.0554343998491007,0.7555302526816474,0.001163780689239502,0.00025594234466552734,9,0.5912400196295095,-0.045093702532116614,1.7721779519751133,0.00272977352142334,-0.00020819902420043945,14,0.5097666853380157,0.309097772609925,1.527970452632021,0.0023536086082458496,0.0014271140098571777,3,1,0.17063492063492064,0.3333333333333333,0.16666666666666666,0.1111111111111111,0.07142857142857142,0.3333333333333333,0.3333333333333333,0.3333333333333333,0.3333333333333333,0.3333333333333333,0.2099673202614379,0.3333333333333333,0.2222222222222222,0.16666666666666666,0.11764705882352941
clip,383,EV00384,NEG,NEG,1,5,-0.006719768047332764,-1.0,0.006719768047332764,0.004617031037807464,1.3528562600341718,-0.3266162822967507,0.9293847516057017,0.0062461793422698975,-0.0015079975128173828,1,1.3597306936437774,-0.5932926674115325,0.9341073477612842,0.006277918815612793,-0.002739250659942627,1,1.3597306936437774,-0.5932926674115325,0.9341073477612842,0.006277918815612793,-0.002739250659942627,2,1.1526198234110987,-0.1160843324273669,0.7918263897819222,0.005321681499481201,-0.0005359649658203125,3,1.539343829438034,-0.0037954619365709375,1.0574979211183162,0.007107198238372803,-1.7523765563964844e-05,1,1,0.08333333333333333,0.0,0.0,0.0,0.3333333333333333,0.25,0.0,0.0,0.0,1.0,0.125,0.0,0.0,0.0,0.5
clip,384,EV00385,NEG,NEG,1,6,-0.00895071029663086,-1.0,0.00895071029663086,0.004617031037807464,1.5053234516545355,0.33701830085250595,0.776401924093127,0.006950125098228455,0.0015560239553451538,1,1.1316285951496554,0.2939675638015538,0.5836610182796971,0.005224764347076416,0.00135725736618042,2,1.5357161940496789,0.283949609846523,0.7920776140241647,0.007090449333190918,0.0013110041618347168,2,1.5357161940496789,0.283949609846523,0.7920776140241647,0.007090449333190918,0.0013110041618347168,3,1.8182328233691292,0.48620641991542396,0.9377914500444813,0.008394837379455566,0.0022448301315307617,1,1,0.5833333333333334,1.0,0.5,0.5,0.3333333333333333,1.0,1.0,1.0,1.0,1.0,0.7083333333333333,1.0,0.6666666666666666,0.6666666666666666,0.5
clip,385,EV00386,POS,POS,1,23,0.0032504796981811523,1.0,0.0032504796981811523,0.004617031037807464,-0.066623912208022,1.6219403106291255,-0.09460451827414712,-0.00030760467052459717,0.007488548755645752,3,-0.06768573786884838,1.7078804130500531,-0.09611228780920472,-0.00031250715255737305,0.007885336875915527,5,-0.6725713468417439,2.040551360817048,-0.9550368053183192,-0.0031052827835083008,0.009421288967132568,7,-0.4357939067783168,1.0546994873944642,-0.6188179476588449,-0.0020120739936828613,0.004869580268859863,12,0.909555342656821,1.6846299812549366,1.2915489676897804,0.0041994452476501465,0.007777988910675049,3,1,0.1898809523809524,0.3333333333333333,0.2,0.14285714285714285,0.08333333333333333,0.3333333333333333,0.3333333333333333,0.3333333333333333,0.3333333333333333,0.3333333333333333,0.22916666666666663,0.3333333333333333,0.25,0.2,0.13333333333333333
clip,386,EV00387,NEG,POS,0,32,0.013277411460876465,1.0,0.013277411460876465,0.004617031037807464,1.8920797320176663,0.4425682899457168,0.6578942725544501,0.008735790848731995,0.0020433515310287476,4,2.218757335553188,-0.07936904757155824,0.7714832089512523,0.01024407148361206,-0.00036644935607910156,7,1.2620814620511835,0.39777473874021674,0.43883783084299094,0.005827069282531738,0.001836538314819336,10,1.498200505656226,1.1155043367864679,0.5209386872710337,0.006917238235473633,0.005150318145751953,16,2.589279624810067,0.33636313182774075,0.9003173631525236,0.011954784393310547,0.0015529990196228027,4,1,0.17008928571428572,0.25,0.14285714285714285,0.1,0.1875,0.375,0.25,0.25,0.25,0.75,0.21866883116883118,0.25,0.18181818181818182,0.14285714285714288,0.3
clip,387,EV00388,POS,POS,1,20,0.007633984088897705,1.0,0.007633984088897705,0.004617031037807464,2.002558012247904,0.7377041847175415,1.210987788567017,0.009245872497558594,0.0034060031175613403,2,1.0860443227073697,1.4932818968200574,0.6567532149367514,0.005014300346374512,0.006894528865814209,4,2.517798425004648,0.6609009468735122,1.5225642044353656,0.011624753475189209,0.0030514001846313477,6,2.0622397147403104,0.2673864205110791,1.2470785347412392,0.009521424770355225,0.0012345314025878906,10,2.3441495865392885,0.5292474746655175,1.4175552001547123,0.01082301139831543,0.002443552017211914,4,1,0.475,0.5,0.5,0.5,0.4,0.625,0.25,0.5,0.75,1.0,0.5011904761904762,0.3333333333333333,0.5,0.6,0.5714285714285715
clip,388,EV00389,POS,POS,1,28,0.002661406993865967,1.0,0.002661406993865967,0.004617031037807464,0.07448916793882418,0.7979668252614638,0.12917589277160596,0.0003439188003540039,0.0036842375993728638,3,0.2861829939112399,0.9353360824096516,0.4962861682774629,0.0013213157653808594,0.0043184757232666016,6,0.16971136944952905,0.4061015174786122,0.2943061154896936,0.0007835626602172852,0.0018749833106994629,9,-0.3202388734645533,0.5345662852705081,-0.5553444014025056,-0.0014785528182983398,0.002468109130859375,14,0.16230118185908105,1.3158634158870834,0.28145568872177296,0.0007493495941162109,0.006075382232666016,4,1,0.2579365079365079,0.3333333333333333,0.3333333333333333,0.2222222222222222,0.14285714285714285,0.4375,0.25,0.5,0.5,0.5,0.30390720390720394,0.28571428571428575,0.4,0.30769230769230765,0.22222222222222224
clip,389,EV00390,NEG,NEG,1,8,-0.0021575093269348145,-1.0,0.0021575093269348145,0.004617031037807464,0.5598370905114524,-1.4714870375873503,1.1974862423586186,0.002584785223007202,-0.006793901324272156,1,-0.1663031995473021,-2.157629742799231,-0.35572097114212275,-0.000767827033996582,-0.009961843490600586,2,0.8857885214825792,-1.8259528445870523,1.894693270761187,0.004089713096618652,-0.00843048095703125,3,0.26087991433410035,-1.0267886414527418,0.5580196696817278,0.0012044906616210938,-0.004740715026855469,4,1.258983125776432,-0.8755769215103765,2.6929530001336826,0.0058127641677856445,-0.004042565822601318,3,1,0.5833333333333333,1.0,0.5,0.3333333333333333,0.5,0.41666666666666663,0.3333333333333333,0.3333333333333333,0.3333333333333333,0.6666666666666666,0.45119047619047625,0.5,0.4,0.3333333333333333,0.5714285714285715
clip,390,EV00391,NEG,NEG,1,24,-0.0039955973625183105,-1.0,0.0039955973625183105,0.004617031037807464,1.8576752896334432,0.2556385621359786,2.146061685083315,0.008576944470405579,0.0011802911758422852,3,2.673657649359141,0.42301326964496566,3.0887175344038535,0.0123443603515625,0.0019530653953552246,5,2.740555893424823,-0.2687935815691955,3.1660010936942617,0.012653231620788574,-0.0012410283088684082,8,0.9544941283752001,0.8485697569821234,1.1026702508096575,0.004406929016113281,0.003917872905731201,12,1.0619934873746089,0.019764803486020766,1.2268578614254877,0.004903256893157959,9.125471115112305e-05,2,1,0.28750000000000003,0.3333333333333333,0.4,0.25,0.16666666666666666,0.875,0.5,1.0,1.0,1.0,0.41428571428571426,0.4,0.5714285714285715,0.4,0.2857142857142857
clip,391,EV00392,POS,NEG,0,8,-0.004895508289337158,-1.0,0.004895508289337158,0.004617031037807464,2.1982373126001966,0.6951859742138123,2.0727688591568776,0.010149329900741577,0.0032096952199935913,1,1.9328196265970328,1.2471448992599843,1.8225003776497155,0.008923888206481934,0.005758106708526611,2,2.1926409427039264,0.6077257505580846,2.0674919124055777,0.010123491287231445,0.0028058886528015137,3,2.3441237670703323,0.44874237045988363,2.2103285748732953,0.010822892189025879,0.002071857452392578,4,2.3233649140294954,0.47713087657729686,2.1907545716989225,0.01072704792022705,0.002202928066253662,3,1,0.7916666666666666,1.0,1.0,0.6666666666666666,0.5,0.5833333333333333,0.3333333333333333,0.6666666666666666,0.6666666666666666,0.6666666666666666,0.6345238095238096,0.5,0.8,0.6666666666666666,0.5714285714285715
clip,392,EV00393,POS,NEG,0,12,-0.003391563892364502,-1.0,0.003391563892364502,0.004617031037807464,1.1350819491225557,-0.10722502714174852,1.5447634166445239,0.005240708589553833,-0.0004950612783432007,2,0.9570502558018703,0.10575654484486095,1.3024753183643367,0.004418730735778809,0.00048828125,3,0.9388991691256161,0.03180958575411833,1.277773018507048,0.004334926605224609,0.0001468658447265625,4,1.262998053199131,-0.32462818318711834,1.7188478676658236,0.005831301212310791,-0.0014988183975219727,6,1.3813803183636055,-0.241838055978855,1.8799574620408872,0.006377875804901123,-0.0011165738105773926,1,1,0.0,0.0,0.0,0.0,0.0,0.0,0.0,0.0,0.0,0.0,0.0,0.0,0.0,0.0,0.0
clip,393,EV00394,POS,NEG,0,16,-0.0012170672416687012,-1.0,0.0012170672416687012,0.004617031037807464,0.3578546123002117,0.16294344114936812,1.3564323836089331,0.0016522258520126343,0.0007523149251937866,2,1.1182928394337446,0.04021382289938255,4.238840494511682,0.0051631927490234375,0.0001856684684753418,4,1.351391005170904,0.6255928230758199,5.122388979560894,0.006239414215087891,0.0028883814811706543,5,0.0515356600367047,0.8766613392065397,0.19534368366839022,0.00023794174194335938,0.004047572612762451,8,-1.0898010554405062,-0.8906942205842696,-4.130843623305235,-0.00503164529800415,-0.004112362861633301,3,1,0.4125,0.5,0.5,0.4,0.25,0.5833333333333333,0.3333333333333333,0.6666666666666666,0.6666666666666666,0.6666666666666666,0.4587662337662338,0.4,0.5714285714285715,0.5,0.36363636363636365
clip,394,EV00395,NEG,NEG,1,15,-0.002498328685760498,-1.0,0.002498328685760498,0.004617031037807464,0.371822945005551,0.4914639092816434,0.6868716737579645,0.001716718077659607,0.0022691041231155396,2,-0.05560222639731642,1.001175728248127,-0.10271446349182091,-0.0002567172050476074,0.004622459411621094,3,0.4178106466502783,0.6169562107099493,0.7718251442882034,0.0019290447235107422,0.002848505973815918,5,0.6165818284100835,-0.130814339466916,1.139016830934028,0.0028467774391174316,-0.0006039738655090332,8,0.5085015313591587,0.4785380376354133,0.9393591833014474,0.0023477673530578613,0.0022094249725341797,1,1,0.0,0.0,0.0,0.0,0.0,0.0,0.0,0.0,0.0,0.0,0.0,0.0,0.0,0.0,0.0
clip,395,EV00396,NEG,POS,0,24,0.00039833784103393555,1.0,0.00039833784103393555,0.004617031037807464,-0.1181014784395751,1.103566059827815,-1.3654558510024337,-0.0005452781915664673,0.005095198750495911,3,-0.6076224726822596,1.2976348708039604,-7.0251589691068315,-0.0028054118156433105,0.005991220474243164,5,-0.4552746961058186,1.039194896286227,-5.263757116547082,-0.0021020174026489258,0.004797995090484619,8,0.3445091742834423,1.3633325095631763,3.9831175186348164,0.0015906095504760742,0.006294548511505127,12,0.2459820807463355,0.7141019626578959,2.8439751630093606,0.001135706901550293,0.0032970309257507324,2,1,0.20625,0.3333333333333333,0.2,0.125,0.16666666666666666,0.625,0.5,0.5,0.5,1.0,0.2928571428571428,0.4,0.28571428571428575,0.2,0.2857142857142857
clip,396,EV00397,NEG,NEG,1,22,-0.00555342435836792,-1.0,0.00555342435836792,0.004617031037807464,0.9280033532260723,0.6939466397039117,0.7713887180008601,0.00428462028503418,0.003203973174095154,3,0.4599609297213807,1.340004619361191,0.3823355494081109,0.0021236538887023926,0.006186842918395996,5,0.8204910844921853,1.5849281018803196,0.6820207745988351,0.0037882328033447266,0.007317662239074707,7,0.7477060015044746,0.16600627565430504,0.6215192778528437,0.0034521818161010742,0.000766456127166748,11,1.6838553971862487,-0.31515243808016913,1.3996792701436507,0.007774412631988525,-0.001455068588256836,3,1,0.491991341991342,0.6666666666666666,0.6,0.42857142857142855,0.2727272727272727,0.9166666666666666,0.6666666666666666,1.0,1.0,1.0,0.6113095238095237,0.6666666666666666,0.7499999999999999,0.6,0.42857142857142855
clip,397,EV00398,NEG,NEG,1,13,-0.00290757417678833,-1.0,0.00290757417678833,0.004617031037807464,1.0879130067730793,0.592598769183333,1.7269382912049727,0.0050229281187057495,0.0027360469102859497,2,0.38304473170066766,1.078672864320356,0.6080399906057885,0.0017685294151306152,0.004980266094207764,3,0.817922047331037,0.8223500862570364,1.2983583190593826,0.003776371479034424,0.003796815872192383,4,1.5516855355991286,0.7566137182943861,2.46312448757584,0.007164180278778076,0.0034933090209960938,7,1.598999712461484,-0.2872415921384468,2.53823036757888,0.007382631301879883,-0.0013262033462524414,1,1,0.0,0.0,0.0,0.0,0.0,0.0,0.0,0.0,0.0,0.0,0.0,0.0,0.0,0.0,0.0
clip,398,EV00399,POS,POS,1,25,0.007844269275665283,1.0,0.007844269275665283,0.004617031037807464,0.29850210803699784,-0.09503178292715242,0.17567191758894782,0.0013781934976577759,-0.00043876469135284424,3,0.10238710414606839,0.7390822988730822,0.06025598626422365,0.00047272443771362305,0.0034123659133911133,5,0.5560868126455548,-0.590801088657253,0.3272634735003699,0.002567470073699951,-0.0027277469635009766,8,0.5394848941066765,-0.3495956096678265,0.31749305383881504,0.002490818500518799,-0.0016140937805175781,13,-0.003950378750308526,-0.17881273225661243,-0.002324843247617253,-1.823902130126953e-05,-0.0008255839347839355,3,1,0.2842948717948718,0.3333333333333333,0.4,0.25,0.15384615384615385,0.5833333333333333,0.3333333333333333,0.6666666666666666,0.6666666666666666,0.6666666666666666,0.3617424242424242,0.3333333333333333,0.5,0.36363636363636365,0.25
clip,399,EV00400,POS,NEG,0,18,-0.00023066997528076172,-1.0,0.00023066997528076172,0.004617031037807464,-0.186958774712314,-0.34282445393404604,-3.725966062676436,-0.000863194465637207,-0.0015828311443328857,2,-0.7635075165057088,0.3644159848487225,-15.216205280956345,-0.0035251379013061523,0.0016825199127197266,4,-0.1536129305552979,-1.0311392219718725,-3.061405205067457,-0.000709235668182373,-0.004760801792144775,6,-0.001755723889026012,-0.4825658747925906,-0.03499042843005078,-8.106231689453125e-06,-0.0022280216217041016,9,0.1710410721007767,-0.22200870382044358,3.4087366637481082,0.0007897019386291504,-0.0010250210762023926,4,1,0.4583333333333333,0.5,0.5,0.5,0.3333333333333333,0.5625,0.25,0.5,0.75,0.75,0.4737179487179487,0.3333333333333333,0.5,0.6,0.46153846153846156
clip,400,EV00401,POS,POS,1,11,0.009122967720031738,1.0,0.009122967720031738,0.004617031037807464,1.456592431433205,0.027329907890206374,0.737084201930863,0.006725132465362549,0.00012618303298950195,2,0.8412370277985443,0.11111408465328591,0.42569390715525995,0.0038840174674987793,0.0005130171775817871,3,1.3238674512635256,-0.3827478078076706,0.6699209488660375,0.006112337112426758,-0.0017671585083007812,4,1.8278247560863816,-0.4703016270383648,0.9249401016616405,0.008439123630523682,-0.0021713972091674805,6,1.833440490584369,0.851254981753575,0.9277818500405141,0.008465051651000977,0.003930270671844482,3,1,0.625,1.0,0.6666666666666666,0.5,0.3333333333333333,0.6666666666666666,0.6666666666666666,0.6666666666666666,0.6666666666666666,0.6666666666666666,0.6206349206349207,0.8,0.6666666666666666,0.5714285714285715,0.4444444444444444
clip,401,EV00402,NEG,POS,0,17,0.0003381967544555664,1.0,0.0003381967544555664,0.004617031037807464,-0.9075414240782325,1.1855202817286192,-12.353145683220504,-0.0041901469230651855,0.005473583936691284,2,-0.7556196687395699,1.114329550948958,-10.28523833887508,-0.0034887194633483887,0.005144894123077393,4,-0.908083632926314,1.3254037096664233,-12.360526045938256,-0.004192650318145752,0.006119430065155029,6,-1.1716487720318658,1.1375670730095961,-15.948085218453224,-0.005409538745880127,0.005252182483673096,9,-0.79481362261518,1.1647807932894993,-10.818733129615453,-0.0036696791648864746,0.005377829074859619,3,1,0.26388888888888884,0.0,0.5,0.3333333333333333,0.2222222222222222,0.5,0.0,0.6666666666666666,0.6666666666666666,0.6666666666666666,0.33730158730158727,0.0,0.5714285714285715,0.4444444444444444,0.3333333333333333
clip,402,EV00403,POS,POS,1,15,0.006908118724822998,1.0,0.006908118724822998,0.004617031037807464,1.29452685222835,-0.027826932667614476,0.8650699016851251,0.005976870656013489,-0.0001284778118133545,2,1.323415610556791,-0.334439581390499,0.8843748664944464,0.006110250949859619,-0.0015441179275512695,3,0.9503501036077195,0.06425174849766516,0.635073169227207,0.004387795925140381,0.00029665231704711914,5,1.4850067570195746,-0.05236188304330518,0.9923584412987247,0.006856322288513184,-0.00024175643920898438,8,1.419334937729315,0.2112419852656811,0.9484731297201225,0.0065531134605407715,0.0009753108024597168,3,1,0.0625,0.0,0.0,0.0,0.25,0.16666666666666666,0.0,0.0,0.0,0.6666666666666666,0.09090909090909091,0.0,0.0,0.0,0.36363636363636365
clip,403,EV00404,POS,POS,1,26,0.0041084885597229,1.0,0.0041084885597229,0.004617031037807464,0.24757643295438486,1.6841006821413331,0.2781533659402935,0.0011430680751800537,0.007775545120239258,3,0.06330933788076148,2.3181493813003295,0.07112835909639939,0.0002923011779785156,0.010702967643737793,6,0.21273951446514447,1.733118943954802,0.23901391304028663,0.0009822249412536621,0.008001863956451416,8,-0.22376442770946958,1.7255022006127039,-0.2514004584457363,-0.0010331273078918457,0.007966697216033936,13,0.9380213071811031,0.9596322026974968,1.0538716500702243,0.004330873489379883,0.004430651664733887,3,1,0.019230769230769232,0.0,0.0,0.0,0.07692307692307693,0.08333333333333333,0.0,0.0,0.0,0.3333333333333333,0.03125,0.0,0.0,0.0,0.125
clip,404,EV00405,NEG,POS,0,16,0.0026841163635253906,1.0,0.0026841163635253906,0.004617031037807464,0.47709214737386246,1.4197093200291808,0.8203552301276296,0.002202749252319336,0.006554841995239258,2,-0.36600388218953284,1.7355847032401253,-0.6293400565361086,-0.0016898512840270996,0.008013248443603516,4,0.8630932082700224,1.5114846224342242,1.484080237726291,0.003984928131103516,0.00697857141494751,5,0.7854411553840558,0.9537582735099466,1.3505583005789348,0.003626406192779541,0.004403531551361084,8,0.6258381080309044,1.4780096809324268,1.0761224387414015,0.0028895139694213867,0.006824016571044922,4,1,0.55625,0.5,0.75,0.6,0.375,0.625,0.25,0.75,0.75,0.75,0.5625,0.3333333333333333,0.75,0.6666666666666665,0.5
clip,405,EV00406,POS,POS,1,15,0.006823360919952393,1.0,0.006823360919952393,0.004617031037807464,0.8867277046658634,1.604066783244151,0.5999168834339175,0.004094049334526062,0.007406026124954224,2,0.33708607695851617,2.137903668516645,0.2280560623896606,0.0015563368797302246,0.009870767593383789,3,0.8862274524548358,1.6265878150412532,0.5995784370926208,0.004091739654541016,0.007510006427764893,5,1.046385618390547,1.699476175904789,0.7079336709023611,0.004831194877624512,0.007846534252166748,8,1.277211670859555,0.9522994735139176,0.8640993633510277,0.005896925926208496,0.004396796226501465,2,1,0.3208333333333333,0.5,0.3333333333333333,0.2,0.25,0.625,0.5,0.5,0.5,1.0,0.39642857142857146,0.5,0.4,0.28571428571428575,0.4
clip,406,EV00407,NEG,NEG,1,20,-0.011980652809143066,-1.0,0.011980652809143066,0.004617031037807464,1.8354834560655335,0.6420140053320044,0.7072884034471353,0.008474484086036682,0.002964198589324951,2,0.3483304556889695,1.4243826439102647,0.13422626668854487,0.0016082525253295898,0.006576418876647949,4,1.4157589412788723,0.40878674225006373,0.5455510252266682,0.006536602973937988,0.0018873810768127441,6,3.028804444852564,0.5844753187629681,1.1671247992315716,0.013984084129333496,0.002698540687561035,10,2.5490399824417285,0.15041131640472105,0.9822515226417564,0.011768996715545654,0.0006944537162780762,6,1,0.3458333333333333,0.5,0.25,0.3333333333333333,0.3,0.29166666666666663,0.16666666666666666,0.16666666666666666,0.3333333333333333,0.5,0.2895833333333333,0.25,0.2,0.3333333333333333,0.37499999999999994
clip,407,EV00408,POS,NEG,0,9,-0.0036089420318603516,-1.0,0.0036089420318603516,0.004617031037807464,1.574861736420996,-0.14847162879938167,2.014211157170287,0.007271185517311096,-0.0006854981184005737,1,1.3165734512833807,0.46729365890495994,1.6838665093456024,0.006078660488128662,0.0021575093269348145,2,1.5440817019915087,-0.510386352592966,1.9748442163575315,0.007129073143005371,-0.0023564696311950684,3,1.3842333696832727,-0.14764863322640073,1.7704019552089356,0.006391048431396484,-0.0006816983222961426,5,2.0545584227258216,-0.40314518828311985,2.6277319477690786,0.009485960006713867,-0.0018613338470458984,3,1,0.3583333333333333,0.0,0.5,0.3333333333333333,0.6,0.41666666666666663,0.0,0.3333333333333333,0.3333333333333333,1.0,0.37083333333333335,0.0,0.4,0.3333333333333333,0.7499999999999999
clip,408,EV00409,NEG,POS,0,20,0.007666647434234619,1.0,0.007666647434234619,0.004617031037807464,1.324929276924352,0.8915365807589677,0.7977987573016461,0.006117239594459534,0.004116252064704895,2,1.1912328392351927,1.2635402620472125,0.717294194754978,0.0054999589920043945,0.005833804607391357,4,1.012097363616627,1.4623114438070177,0.6094287695385565,0.004672884941101074,0.006751537322998047,6,1.5228839179784153,0.6464678637269601,0.9169960377796154,0.00703120231628418,0.002984762191772461,10,1.5735029868671724,0.19382675345468045,0.947476027133434,0.007264912128448486,0.0008949041366577148,5,1,0.075,0.0,0.0,0.0,0.3,0.15,0.0,0.0,0.0,0.6,0.1,0.0,0.0,0.0,0.4
clip,409,EV00410,NEG,POS,0,10,0.0017543435096740723,1.0,0.0017543435096740723,0.004617031037807464,-0.056534954713361486,-0.4808521075406185,-0.1487023133615002,-0.0002610236406326294,-0.0022201091051101685,1,0.6354042212792006,-0.9380729461190156,1.6712859876325117,0.002933681011199951,-0.004331111907958984,2,0.16991792520117918,-1.0504650944856366,0.44693037585524126,0.0007845163345336914,-0.004850029945373535,3,-0.3141712982598311,-0.003924559281352262,-0.8263559965668706,-0.0014505386352539062,-1.811981201171875e-05,5,-0.7172906670739947,0.06905416972353043,-1.8866696203668831,-0.003311753273010254,0.00031882524490356445,2,1,0.2583333333333333,0.0,0.5,0.3333333333333333,0.2,0.375,0.0,0.5,0.5,0.5,0.29642857142857143,0.0,0.5,0.4,0.28571428571428575
clip,410,EV00411,NEG,POS,0,21,0.0022109150886535645,1.0,0.0022109150886535645,0.004617031037807464,0.22768253212358278,-0.08083107500120675,0.47525211206053714,0.0010512173175811768,-0.00037319958209991455,3,0.4310560342248422,0.1695693623702696,0.8997628793525548,0.001990199089050293,0.0007829070091247559,5,0.1753400136819948,-0.13087888813930668,0.3659951909962983,0.0008095502853393555,-0.0006042718887329102,7,0.32652591415540383,-0.32183968053984174,0.6815724021402866,0.001507580280303955,-0.0014859437942504883,11,-0.022191833567909665,-0.040175093695948155,-0.04632202424699137,-0.00010246038436889648,-0.00018548965454101562,2,1,0.10844155844155845,0.0,0.2,0.14285714285714285,0.09090909090909091,0.375,0.0,0.5,0.5,0.5,0.16544566544566547,0.0,0.28571428571428575,0.22222222222222224,0.15384615384615385
clip,411,EV00412,POS,POS,1,5,0.00490957498550415,1.0,0.00490957498550415,0.004617031037807464,-0.3622826512262111,1.457644574793173,-0.34062614869099006,-0.0016726702451705933,0.006729990243911743,1,-0.6411490531219695,2.1948743267686432,-0.6028224977448515,-0.002960205078125,0.010133802890777588,1,-0.6411490531219695,2.1948743267686432,-0.6028224977448515,-0.002960205078125,0.010133802890777588,2,-0.11195321739436452,1.4227172881625856,-0.10526088717065384,-0.0005168914794921875,0.006568729877471924,3,-0.054879281266541007,0.018112357472819814,-0.05159871210360349,-0.00025337934494018555,8.362531661987305e-05,1,1,0.7083333333333334,1.0,1.0,0.5,0.3333333333333333,1.0,1.0,1.0,1.0,1.0,0.7916666666666666,1.0,1.0,0.6666666666666666,0.5
clip,412,EV00413,POS,POS,1,5,0.0029371976852416992,1.0,0.0029371976852416992,0.004617031037807464,0.28178722932143585,0.4017993484637745,0.44279538792428647,0.0013010203838348389,0.001855120062828064,1,0.13786305449197633,0.0945896245212764,0.21663552617768664,0.0006365180015563965,0.0004367232322692871,1,0.13786305449197633,0.0945896245212764,0.21663552617768664,0.0006365180015563965,0.0004367232322692871,2,0.2951165301701076,0.8857368825446668,0.4637408117259965,0.0013625621795654297,0.004089474678039551,3,0.5563062781316831,0.5322812622678786,0.8741696876157761,0.002568483352661133,0.002457559108734131,3,1,0.29166666666666663,0.0,0.0,0.5,0.6666666666666666,0.25,0.0,0.0,0.3333333333333333,0.6666666666666666,0.26666666666666666,0.0,0.0,0.4,0.6666666666666666
clip,413,EV00414,NEG,NEG,1,13,-0.007516205310821533,-1.0,0.007516205310821533,0.004617031037807464,1.09267669879551,-1.081458139534013,0.6711167280964585,0.005044922232627869,-0.004993125796318054,2,0.7920638491713378,-0.9381374947914063,0.4864817740556903,0.0036569833755493164,-0.004331409931182861,3,1.458528891604925,-1.9921914954619637,0.8958213702617244,0.006734073162078857,-0.009198009967803955,4,1.448381840305113,-1.114148814666264,0.8895891005742097,0.0066872239112854,-0.005144059658050537,7,0.6717322141006653,-0.2813547532164184,0.41257466749420957,0.0031014084815979004,-0.0012990236282348633,4,1,0.6488095238095237,1.0,0.6666666666666666,0.5,0.42857142857142855,0.5625,0.5,0.5,0.5,0.75,0.5708874458874459,0.6666666666666666,0.5714285714285715,0.5,0.5454545454545454
clip,414,EV00415,NEG,NEG,1,24,-0.004348158836364746,-1.0,0.004348158836364746,0.004617031037807464,0.8413241685062716,-0.41201740330321635,0.8931427765691384,0.003884419798851013,-0.0019022971391677856,3,0.38321255824888334,-0.9248921072168425,0.40681528131807027,0.0017693042755126953,-0.0042702555656433105,5,1.7125795564000932,-0.7358806847225053,1.8180602880033878,0.00790703296661377,-0.0033975839614868164,8,-0.10725407404432431,-0.4495685934664841,-0.11386003763611803,-0.0004951953887939453,-0.002075672149658203,12,1.376758633420434,0.46227177219296645,1.461555574591214,0.006356537342071533,0.0021343231201171875,1,1,0.0,0.0,0.0,0.0,0.0,0.0,0.0,0.0,0.0,0.0,0.0,0.0,0.0,0.0,0.0
clip,415,EV00416,NEG,NEG,1,9,-0.004598379135131836,-1.0,0.004598379135131836,0.004617031037807464,0.21709332241789464,-0.19503704106200537,0.21792650230723626,0.0010023266077041626,-0.0009004920721054077,1,0.26604380812535333,0.8668757604721152,0.267064854503681,0.00122833251953125,0.004002392292022705,2,0.4360521014678794,-0.4367234076607423,0.43772562066046355,0.002013266086578369,-0.0020163655281066895,3,0.08162825110523142,-0.9509568611281918,0.0819415312027744,0.0003768801689147949,-0.004390597343444824,5,0.08464912897311441,-0.25934365593120257,0.08497400286202622,0.00039082765579223633,-0.0011973977088928223,0,0,NA,NA,NA,NA,NA,NA,NA,NA,NA,NA,NA,NA,NA,NA,NA
clip,416,EV00417,POS,NEG,0,12,-0.0002955198287963867,-1.0,0.0002955198287963867,0.004617031037807464,1.3889131484315957,-0.2952456275148889,21.62639558088705,0.0064126551151275635,-0.0013631582260131836,2,1.2951045628462463,-1.8084343349002265,20.165727156052004,0.0059795379638671875,-0.008349597454071045,3,1.4827733729548578,0.22734042415991226,23.0878680618288,0.006846010684967041,0.001049637794494629,4,1.4883761977183672,-0.014613819429245922,23.17510814940582,0.0068718791007995605,-6.747245788574219e-05,6,1.289398460206912,0.4147252201100046,20.076878956261584,0.005953192710876465,0.0019147992134094238,1,1,0.18749999999999997,0.0,0.3333333333333333,0.25,0.16666666666666666,0.75,0.0,1.0,1.0,1.0,0.29642857142857143,0.0,0.5,0.4,0.2857142857142857
clip,417,EV00418,POS,NEG,0,15,-0.0029834508895874023,-1.0,0.0029834508895874023,0.004617031037807464,1.3260072397532758,0.4271895687486415,2.0513711931593117,0.006122216582298279,0.0019723474979400635,2,1.2607130301965015,0.8357245711763817,1.950359180140592,0.005820751190185547,0.0038585662841796875,3,1.2523862514581061,0.17038267564239196,1.9374774148502802,0.00578230619430542,0.0007866621017456055,5,1.4618854225692395,0.0737016741356581,2.261578635208697,0.006749570369720459,0.0003402829170227051,8,1.3290442547892567,0.6289493540401344,2.0560695424376774,0.0061362385749816895,0.002903878688812256,2,1,0.4541666666666666,0.5,0.6666666666666666,0.4,0.25,0.875,0.5,1.0,1.0,1.0,0.5678571428571428,0.5,0.8,0.5714285714285715,0.4
clip,418,EV00419,NEG,NEG,1,23,-0.008149564266204834,-1.0,0.008149564266204834,0.004617031037807464,0.8915527179270654,0.7796317748688962,0.5050357786366562,0.004116326570510864,0.0035995841026306152,3,-0.6612495097044218,1.209771217945791,-0.37457646002487915,-0.003053009510040283,0.0055855512619018555,5,0.6270516230718489,0.8876604329819084,0.3552044633320011,0.0028951168060302734,0.004098355770111084,7,1.4950118012401272,0.695292479523257,0.846875831264152,0.006902515888214111,0.0032101869583129883,12,2.105396957100707,0.3258029690246284,1.1926392799753507,0.009720683097839355,0.0015042424201965332,4,1,0.13392857142857142,0.0,0.0,0.2857142857142857,0.25,0.3125,0.0,0.0,0.5,0.75,0.1846590909090909,0.0,0.0,0.36363636363636365,0.375
clip,419,EV00420,NEG,NEG,1,14,-0.00048673152923583984,-1.0,0.00048673152923583984,0.004617031037807464,0.6626405335944405,-0.5297574091774038,6.272778623330419,0.0030594319105148315,-0.002445906400680542,2,0.6555434070650872,-0.8601756082779645,6.205594831631305,0.0030266642570495605,-0.003971457481384277,3,0.5371611419006127,0.2112807144691155,5.084948410747494,0.0024800896644592285,0.000975489616394043,5,0.816553615476355,-0.8352210915317345,7.729771730351359,0.0037700533866882324,-0.0038562417030334473,7,0.6413039699357072,-0.6349136513690316,6.070799520591518,0.0029609203338623047,-0.0029314160346984863,1,1,0.294047619047619,0.5,0.3333333333333333,0.2,0.14285714285714285,1.0,1.0,1.0,1.0,1.0,0.4375,0.6666666666666666,0.5,0.33333333333333337,0.25
clip,420,EV00421,POS,POS,1,17,0.004422605037689209,1.0,0.004422605037689209,0.004617031037807464,0.29303483548550874,0.3459647468458517,0.3058480400189952,0.001352950930595398,0.0015973299741744995,2,0.587973856806542,0.3120411920709392,0.6136835280649875,0.002714693546295166,0.0014407038688659668,4,0.1621204455763872,1.0896203191578124,0.16920930388495145,0.0007485151290893555,0.005030810832977295,6,0.612050511608259,0.4112008625974745,0.6388129556605787,0.0028258562088012695,0.0018985271453857422,9,-0.19000547204915325,-0.4290033864428191,-0.19831362753453696,-0.0008772611618041992,-0.001980721950531006,3,1,0.5208333333333334,0.5,0.75,0.5,0.3333333333333333,0.8333333333333333,0.3333333333333333,1.0,1.0,1.0,0.6059523809523809,0.4,0.8571428571428571,0.6666666666666666,0.5
clip,421,EV00422,POS,NEG,0,16,-0.006480753421783447,-1.0,0.006480753421783447,0.004617031037807464,0.7181620741512685,-0.6912388228971234,0.5115554959849522,0.0033157765865325928,-0.0031914710998535156,2,0.6948922777544349,-0.9812172787449343,0.49498013971691324,0.003208339214324951,-0.00453031063079834,4,0.49406844821260665,-0.3859623316927256,0.35193090692600343,0.0022811293601989746,-0.0017820000648498535,5,0.6525612584006386,-0.5526011843364591,0.4648272447361088,0.0030128955841064453,-0.0025513768196105957,8,1.0311263122373944,-0.8451744968143746,0.7344836925607835,0.0047607421875,-0.0039021968841552734,2,1,0.26875,0.5,0.25,0.2,0.125,0.5,0.5,0.5,0.5,0.5,0.32976190476190476,0.5,0.3333333333333333,0.28571428571428575,0.2
clip,422,EV00423,NEG,NEG,1,7,-0.010639786720275879,-1.0,0.010639786720275879,0.004617031037807464,3.416093251762918,0.7758234031978472,1.4822408329433279,0.01577220857143402,0.003582000732421875,1,2.795499723363755,0.29988022219253846,1.2129656695739135,0.012906908988952637,0.0013845562934875488,2,3.847952916959024,0.0952738404486174,1.669624485167857,0.017766118049621582,0.0004398822784423828,3,3.8565637098559384,1.304915961049627,1.6733607030914275,0.017805874347686768,0.006024837493896484,4,3.164356656872955,1.4032235891006055,1.3730124739401142,0.014609932899475098,0.006478726863861084,2,1,0.5208333333333333,1.0,0.5,0.3333333333333333,0.25,0.5,0.5,0.5,0.5,0.5,0.4749999999999999,0.6666666666666666,0.5,0.4,0.3333333333333333
clip,423,EV00424,NEG,NEG,1,29,-0.005102097988128662,-1.0,0.005102097988128662,0.004617031037807464,0.9127924585772128,0.02200786985159628,0.8258495373068506,0.004214391112327576,0.00010161101818084717,3,0.8732531693043126,0.3537009052318726,0.7900763410620394,0.004031836986541748,0.0016330480575561523,6,0.3550176981486421,-0.18566780126450075,0.3212024803631726,0.0016391277313232422,-0.000857234001159668,9,1.2269669842706634,0.11165629350136748,1.1100991323155145,0.005664944648742676,0.0005155205726623535,15,1.195931982585233,-0.19165791806235422,1.0820201954866757,0.005521655082702637,-0.0008848905563354492,4,1,0.11944444444444445,0.0,0.16666666666666666,0.1111111111111111,0.2,0.3125,0.0,0.25,0.25,0.75,0.16740890688259108,0.0,0.2,0.15384615384615383,0.31578947368421056
clip,424,EV00425,NEG,NEG,1,14,-0.0006321072578430176,-1.0,0.0006321072578430176,0.004617031037807464,0.3259804778737027,0.09505114752886963,2.377262249669839,0.0015050619840621948,0.0004388540983200073,2,0.2906497620406738,0.2519851072786671,2.119607627063226,0.0013419389724731445,0.0011634230613708496,3,0.3195546575372123,-0.07243652015680112,2.330400976845342,0.0014753937721252441,-0.0003344416618347168,5,0.177599217215668,0.008856077851998854,1.2951693224442036,0.0008199810981750488,4.088878631591797e-05,7,0.5161182747012568,0.19179992514161368,3.7638710723265842,0.002382934093475342,0.0008855462074279785,3,1,0.294047619047619,0.5,0.3333333333333333,0.2,0.14285714285714285,0.3333333333333333,0.3333333333333333,0.3333333333333333,0.3333333333333333,0.3333333333333333,0.29583333333333334,0.4,0.3333333333333333,0.25,0.2
clip,425,EV00426,POS,POS,1,4,0.0004443526268005371,1.0,0.0004443526268005371,0.004617031037807464,-0.4521118111586762,-0.11904066162285923,-4.687104418076911,-0.002087414264678955,-0.000549614429473877,1,-0.9571922628811298,-0.5781753683376395,-9.923341911376388,-0.004419386386871338,-0.0026694536209106445,1,-0.9571922628811298,-0.5781753683376395,-9.923341911376388,-0.004419386386871338,-0.0026694536209106445,2,0.052968640563777404,0.340094045091921,0.5491330752225683,0.00024455785751342773,0.0015702247619628906,2,0.052968640563777404,0.340094045091921,0.5491330752225683,0.00024455785751342773,0.0015702247619628906,1,1,0.0,0.0,0.0,0.0,0.0,0.0,0.0,0.0,0.0,0.0,0.0,0.0,0.0,0.0,0.0
clip,426,EV00427,NEG,NEG,1,26,-0.003811061382293701,-1.0,0.003811061382293701,0.004617031037807464,0.9946821318056264,1.0510460325371527,1.204723065748694,0.004592478275299072,0.004852712154388428,3,0.5590173223720909,1.9784168087737966,0.6770615866922342,0.002581000328063965,0.009134411811828613,6,1.0968755899345228,0.7113650989485318,1.3284960905571492,0.0050643086433410645,0.0032843947410583496,8,1.052052991826447,1.163657646389902,1.2742085789180693,0.004857361316680908,0.00537264347076416,13,1.2707826230894448,0.35074457603638026,1.5391260068273236,0.0058672428131103516,0.0016193985939025879,1,1,0.0,0.0,0.0,0.0,0.0,0.0,0.0,0.0,0.0,0.0,0.0,0.0,0.0,0.0,0.0
clip,427,EV00428,POS,POS,1,6,0.004065871238708496,1.0,0.004065871238708496,0.004617031037807464,0.834594969409545,-0.010624711475502998,0.9474976343203669,0.003853350877761841,-4.9054622650146484e-05,1,0.6126185399252968,0.38500701134134374,0.6954925905324748,0.0028284788131713867,0.0017775893211364746,2,0.9931975123406411,-0.13973496599130553,1.127555674127058,0.004585623741149902,-0.0006451606750488281,2,0.9931975123406411,-0.13973496599130553,1.127555674127058,0.004585623741149902,-0.0006451606750488281,3,0.7393663130316012,-0.1480359252607447,0.8393865984948771,0.003413677215576172,-0.0006834864616394043,0,0,NA,NA,NA,NA,NA,NA,NA,NA,NA,NA,NA,NA,NA,NA,NA
clip,428,EV00429,NEG,POS,0,9,0.0003063082695007324,1.0,0.0003063082695007324,0.004617031037807464,-0.20425781891301148,0.610549754975176,-3.0687904727340336,-0.0009430646896362305,0.0028189271688461304,1,-0.452382915582717,0.7923220438609004,-6.796647436831374,-0.0020886659622192383,0.0036581754684448242,2,-0.11856300144716833,1.0674801245278152,-1.781302724155566,-0.0005474090576171875,0.0049285888671875,3,-0.12837439965054898,0.6118439558566089,-1.9287101795517145,-0.0005927085876464844,0.0028249025344848633,5,-0.11771095897161159,-0.029447104344620095,-1.7685015503974792,-0.0005434751510620117,-0.00013595819473266602,2,1,0.7666666666666666,1.0,1.0,0.6666666666666666,0.4,0.875,0.5,1.0,1.0,1.0,0.7595238095238096,0.6666666666666666,1.0,0.8,0.5714285714285715
clip,429,EV00430,NEG,NEG,1,16,-0.005534112453460693,-1.0,0.005534112453460693,0.004617031037807464,1.4043112342303883,0.5629999754585948,1.1713851542672102,0.006483748555183411,0.002599388360977173,2,1.1708483684942217,-0.10813193598883732,0.9766456062738493,0.005405843257904053,-0.0004992485046386719,4,1.504448817143642,1.0788277811340936,1.2549134171975225,0.006946086883544922,0.004980981349945068,5,2.008974150283536,0.7549741820156632,1.6757556569989263,0.009275496006011963,0.003485739231109619,8,0.9329736010001534,0.5263298746734596,0.7782259365985426,0.004307568073272705,0.0024300813674926758,2,1,0.4125,0.5,0.5,0.4,0.25,0.875,0.5,1.0,1.0,1.0,0.5345238095238095,0.5,0.6666666666666666,0.5714285714285715,0.4
clip,430,EV00431,NEG,NEG,1,26,-0.009804487228393555,-1.0,0.009804487228393555,0.004617031037807464,2.05263487228858,0.48092311108024827,0.9665077006270271,0.009477078914642334,0.002220436930656433,3,1.1784134728984073,1.5874196806345993,0.5548700898806638,0.005440771579742432,0.007329165935516357,6,2.327947869769232,-0.07130046352272547,1.0961421211175457,0.010748207569122314,-0.0003291964530944824,8,1.6222372345221225,0.15075987923563064,0.7638498208214657,0.007489919662475586,0.0006960630416870117,13,3.0819409119645576,0.25681334797348865,1.451168770688433,0.014229416847229004,0.0011857151985168457,3,1,0.19471153846153846,0.3333333333333333,0.16666666666666666,0.125,0.15384615384615385,0.41666666666666663,0.3333333333333333,0.3333333333333333,0.3333333333333333,0.6666666666666666,0.24684343434343436,0.3333333333333333,0.2222222222222222,0.18181818181818182,0.25
clip,431,EV00432,NEG,POS,0,19,0.0013550519943237305,1.0,0.0013550519943237305,0.004617031037807464,0.09834635725441293,-0.03962965741424706,0.33484570340930897,0.0004540681838989258,-0.00018297135829925537,2,0.4109943068458244,-0.43398654395137826,1.3993368093645,0.001897573471069336,-0.0020037293434143066,4,0.008584973427958073,-0.4898469650382573,0.029229770644157323,3.9637088775634766e-05,-0.002261638641357422,6,-0.19200648089326378,-0.5033763667713401,-0.653735907955717,-0.0008864998817443848,-0.0023241043090820312,10,0.16581262963713306,1.2686912461039874,0.5645521415842957,0.0007655620574951172,0.005857586860656738,4,1,0.05,0.0,0.0,0.0,0.2,0.125,0.0,0.0,0.0,0.5,0.07142857142857144,0.0,0.0,0.0,0.28571428571428575
clip,432,EV00433,NEG,NEG,1,5,-0.0054329633712768555,-1.0,0.0054329633712768555,0.004617031037807464,1.283763361107207,-0.36572632289825296,1.090764673674872,0.005927175283432007,-0.0016885697841644287,1,0.7550774598914883,-0.35399782912486966,0.6415604651837471,0.0034862160682678223,-0.0016344189643859863,1,0.7550774598914883,-0.35399782912486966,0.6415604651837471,0.0034862160682678223,-0.0016344189643859863,2,2.170965498515142,-0.5270657295387131,1.84458642868958,0.010023415088653564,-0.002433478832244873,3,1.4539330261307097,-0.22784390380455943,1.235351335642414,0.006712853908538818,-0.0010519623756408691,2,1,0.9166666666666666,1.0,1.0,1.0,0.6666666666666666,0.75,0.5,0.5,1.0,1.0,0.7833333333333332,0.6666666666666666,0.6666666666666666,1.0,0.8
clip,433,EV00434,NEG,NEG,1,10,-0.004706025123596191,-1.0,0.004706025123596191,0.004617031037807464,0.975143248672973,-0.7247169918325403,0.9564993870251033,0.0045022666454315186,-0.0033460408449172974,1,0.25798813381099867,-0.3986267812157735,0.25305563278603654,0.0011911392211914062,-0.0018404722213745117,2,0.7299163873936082,-0.5831197966427641,0.7159610427203016,0.003370046615600586,-0.002692282199859619,3,1.5028738295373099,-1.1907293595905457,1.4741402339448388,0.006938815116882324,-0.005497634410858154,5,1.4097946439499751,-0.726392029881078,1.3828406386492362,0.006509065628051758,-0.0033537745475769043,1,1,0.5083333333333333,1.0,0.5,0.3333333333333333,0.2,1.0,1.0,1.0,1.0,1.0,0.625,1.0,0.6666666666666666,0.5,0.33333333333333337
clip,434,EV00435,POS,POS,1,6,0.011552214622497559,1.0,0.011552214622497559,0.004617031037807464,1.6019947708604108,0.6186473859265846,0.6402079266375489,0.0073964595794677734,0.002856314182281494,1,1.189786948973642,1.7378309970393202,0.4754766055408067,0.005493283271789551,0.008023619651794434,2,1.7857906606255822,0.322446438060314,0.7136585942997574,0.00824505090713501,0.0014887452125549316,2,1.7857906606255822,0.322446438060314,0.7136585942997574,0.00824505090713501,0.0014887452125549316,3,1.6466108132168364,0.09186567054639044,0.658037912409874,0.0076024532318115234,0.0004241466522216797,2,1,0.41666666666666663,0.0,0.5,0.5,0.6666666666666666,0.5,0.0,0.5,0.5,1.0,0.45,0.0,0.5,0.5,0.8
clip,435,EV00436,POS,NEG,0,14,-0.005389988422393799,-1.0,0.005389988422393799,0.004617031037807464,1.384978906849385,-0.5154082393049595,1.1861443762464754,0.006394490599632263,-0.0023796558380126953,2,1.130427989843189,-0.3415399353534718,0.9681380678600635,0.005219221115112305,-0.0015769004821777344,3,0.9212644718284873,-1.378888739609326,0.7890031154199197,0.004253506660461426,-0.006366372108459473,5,1.6760320980925003,0.03823863352422829,1.4354125089770735,0.007738292217254639,0.00017654895782470703,7,1.8121910676333632,-0.3794429157812687,1.5520238127288448,0.008366942405700684,-0.0017518997192382812,3,1,0.37976190476190474,0.5,0.3333333333333333,0.4,0.2857142857142857,0.5,0.3333333333333333,0.3333333333333333,0.6666666666666666,0.6666666666666666,0.4083333333333333,0.4,0.3333333333333333,0.5,0.4
clip,436,EV00437,NEG,NEG,1,10,-0.004850804805755615,-1.0,0.004850804805755615,0.004617031037807464,0.8680763657785815,-0.0539433255168764,0.8260710569461223,0.004007935523986816,-0.0002490580081939697,1,0.1522961376385284,-0.040394559182076406,0.14492668657674376,0.0007031559944152832,-0.00018650293350219727,2,0.36482909635202276,-0.46879118810442333,0.34717539736024233,0.001684427261352539,-0.0021644234657287598,3,0.709325360900987,-0.04125951139211128,0.6750018474153756,0.003274977207183838,-0.00019049644470214844,5,2.245854868222788,0.3346719566111054,2.137180296432127,0.010369181632995605,0.0015451908111572266,4,1,0.49166666666666664,0.0,0.5,0.6666666666666666,0.8,0.4375,0.0,0.25,0.5,1.0,0.4484126984126985,0.0,0.3333333333333333,0.5714285714285715,0.888888888888889
clip,437,EV00438,NEG,POS,0,35,0.004582464694976807,1.0,0.004582464694976807,0.004617031037807464,-0.7732866403728941,1.2253371302927991,-0.7789496935879806,-0.0035702884197235107,0.005657419562339783,4,-1.1728751968072884,2.320434404302959,-1.181464579201082,-0.005415201187133789,0.010713517665863037,7,-1.1179830058062694,1.4406489093527115,-1.1261703931538514,-0.005161762237548828,0.006651520729064941,11,-1.0599924785304984,1.28395055225714,-1.0677551806128918,-0.0048940181732177734,0.00592803955078125,18,0.25770411965247975,-0.14368534474161407,0.2595913786159028,0.0011898279190063477,-0.0006633996963500977,7,1,0.4291125541125541,0.5,0.42857142857142855,0.45454545454545453,0.3333333333333333,0.5714285714285714,0.2857142857142857,0.42857142857142855,0.7142857142857143,0.8571428571428571,0.4569408369408369,0.36363636363636365,0.42857142857142855,0.5555555555555556,0.48
clip,438,EV00439,POS,POS,1,24,0.0007524490356445312,1.0,0.0007524490356445312,0.004617031037807464,0.5563675993704542,0.3397035256239575,3.4093433705524454,0.002568766474723816,0.001568421721458435,3,-0.4207282466423362,0.7750746385981154,-2.578164257079808,-0.0019425153732299805,0.0035785436630249023,5,0.2107514153555121,0.3407008026123932,1.291455400332245,0.000973045825958252,0.001573026180267334,8,1.5055332348398052,0.05879093081341513,9.225698547427038,0.006951093673706055,0.0002714395523071289,12,0.9299139939288359,0.18424773047190618,5.698383791530307,0.0042934417724609375,0.000850677490234375,3,1,0.20625,0.3333333333333333,0.2,0.125,0.16666666666666666,0.41666666666666663,0.3333333333333333,0.3333333333333333,0.3333333333333333,0.6666666666666666,0.25795454545454544,0.3333333333333333,0.25,0.18181818181818182,0.26666666666666666
clip,439,EV00440,POS,POS,1,3,0.005151152610778809,1.0,0.005151152610778809,0.004617031037807464,0.3899353024783708,0.9762018469001797,0.34943518375464755,0.00180034339427948,0.004507154226303101,1,0.26409443821915535,1.1579644534850455,0.2366646157994628,0.001219332218170166,0.005346357822418213,1,0.26409443821915535,1.1579644534850455,0.2366646157994628,0.001219332218170166,0.005346357822418213,1,0.26409443821915535,1.1579644534850455,0.2366646157994628,0.001219332218170166,0.005346357822418213,2,0.7674578952560173,0.43091402714558275,0.6877468876202016,0.003543376922607422,0.0019895434379577637,1,1,0.875,1.0,1.0,1.0,0.5,1.0,1.0,1.0,1.0,1.0,0.9166666666666666,1.0,1.0,1.0,0.6666666666666666
clip,440,EV00441,NEG,NEG,1,19,-0.011835992336273193,-1.0,0.011835992336273193,0.004617031037807464,2.101553083659843,0.1621204455763872,0.8197129422077835,0.009702935814857483,0.0007485151290893555,2,0.8372091906413669,1.2117980462588578,0.32655430607010616,0.0038654208183288574,0.005594909191131592,4,2.4065423332721028,-0.2762295886285998,0.9386743127699912,0.011111080646514893,-0.0012753605842590332,6,2.3797159050265435,-0.048953713141078214,0.928210636835716,0.01098722219467163,-0.00022602081298828125,10,2.78274490569936,-0.238132962183631,1.0854125131553203,0.01284801959991455,-0.0010994672775268555,4,1,0.45,0.5,0.5,0.5,0.3,0.5625,0.25,0.5,0.75,0.75,0.4654761904761904,0.3333333333333333,0.5,0.6,0.4285714285714285
clip,441,EV00442,POS,POS,1,23,0.006349802017211914,1.0,0.006349802017211914,0.004617031037807464,0.632809364649096,1.2498623983676314,0.4600522059547312,0.0029217004776000977,0.005770653486251831,3,0.2555998329325442,2.1808027161874786,0.18582099689293163,0.001180112361907959,0.010068833827972412,5,0.5005362251861509,1.5622715178711972,0.3638896758186143,0.0023109912872314453,0.0072130560874938965,7,0.8741439409833038,0.6410457752461445,0.6355023658575779,0.00403594970703125,0.002959728240966797,12,0.9009574594943849,0.6153295841657046,0.6549957852498007,0.004159748554229736,0.0028409957885742188,0,0,NA,NA,NA,NA,NA,NA,NA,NA,NA,NA,NA,NA,NA,NA,NA
clip,442,EV00443,POS,NEG,0,7,-0.0010530948638916016,-1.0,0.0010530948638916016,0.004617031037807464,0.03381704946546793,0.8199714676794405,0.14812174154108382,0.00015613436698913574,0.003785833716392517,1,-0.6156910567310924,1.7663227810325586,-2.6967826293481085,-0.0028426647186279297,0.00815516710281372,2,-0.28129020454402776,0.9362010346196864,-1.2320765895929284,-0.0012987256050109863,0.004322469234466553,3,0.6190346779609286,0.533184943681348,2.711427993371449,0.002858102321624756,0.002461731433868408,4,0.41321478117606314,0.04417711138416921,1.809918191733923,0.0019078254699707031,0.00020396709442138672,0,0,NA,NA,NA,NA,NA,NA,NA,NA,NA,NA,NA,NA,NA,NA,NA
clip,443,EV00444,POS,POS,1,26,0.0019949674606323242,1.0,0.0019949674606323242,0.004617031037807464,0.12535674921628553,0.07978538650847801,0.28997266405679784,0.0005787760019302368,0.0003683716058731079,3,0.0741406051079146,0.057435408693211225,0.1715005287894946,0.00034230947494506836,0.0002651810646057129,6,-0.27338944704341067,-0.055950789228225994,-0.6323988678696024,-0.0012622475624084473,-0.00025832653045654297,8,0.3574576379650091,0.26702494794569137,0.8268636847731701,0.001650393009185791,0.0012328624725341797,13,0.34321820083562904,0.05063197862323543,0.7939253105341291,0.0015846490859985352,0.00023376941680908203,6,1,0.41025641025641024,0.3333333333333333,0.5,0.5,0.3076923076923077,0.5,0.16666666666666666,0.5,0.6666666666666666,0.6666666666666666,0.42867585630743527,0.2222222222222222,0.5,0.5714285714285715,0.42105263157894735
clip,444,EV00445,NEG,NEG,1,30,-0.0074599385261535645,-1.0,0.0074599385261535645,0.004617031037807464,1.2706632080455222,0.6404519274601503,0.7863208428244096,0.005866691470146179,0.002956986427307129,3,0.6352105752620286,1.2248626975507277,0.39308552553378273,0.0029327869415283203,0.005655229091644287,6,1.0818486590019767,1.011129133530767,0.6694772808157168,0.00499492883682251,0.00466841459274292,9,1.340391911395535,0.2530178860369177,0.8294708549126412,0.006188631057739258,0.0011681914329528809,15,2.0252016865225486,0.07279799272218883,1.2532497100354978,0.009350419044494629,0.00033611059188842773,3,1,0.3833333333333333,0.6666666666666666,0.3333333333333333,0.3333333333333333,0.2,0.8333333333333333,0.6666666666666666,0.6666666666666666,1.0,1.0,0.48611111111111116,0.6666666666666666,0.4444444444444444,0.5,0.33333333333333337
clip,445,EV00446,POS,NEG,0,10,-0.002102971076965332,-1.0,0.002102971076965332,0.004617031037807464,0.5774395134723859,-0.35609243354394665,1.2671543755267967,0.0026660561561584473,-0.0016440898180007935,1,0.3000996876786667,0.012135150409444493,0.6585497241945028,0.0013855695724487305,5.602836608886719e-05,2,0.44339774038593677,-0.8602917958882677,0.9730082090331409,0.0020471811294555664,-0.003971993923187256,3,0.25374083116769314,-0.3070063956244676,0.556818154910219,0.0011715292930603027,-0.0014174580574035645,5,1.312519794657247,-0.2692066930724958,2.880241413969324,0.0060599446296691895,-0.0012429356575012207,2,1,0.2583333333333333,0.0,0.5,0.3333333333333333,0.2,0.375,0.0,0.5,0.5,0.5,0.29642857142857143,0.0,0.5,0.4,0.28571428571428575
clip,446,EV00447,POS,NEG,0,23,-0.003648519515991211,-1.0,0.003648519515991211,0.004617031037807464,1.3137268548309524,-0.17661162252809084,1.6620044467164032,0.0060655176639556885,-0.0008154213428497314,3,1.0553449741183707,-0.2762683178320342,1.3351238374663803,0.004872560501098633,-0.0012755393981933594,5,1.7090035599496505,-0.5141043561226681,2.16207159475017,0.007890522480010986,-0.002373635768890381,7,0.9492656859115565,-0.015233486684196279,1.2009222353175664,0.004382789134979248,-7.033348083496094e-05,12,1.541293199344232,0.09915967052653528,1.9499001193314962,0.007116198539733887,0.0004578232765197754,2,1,0.07738095238095238,0.0,0.0,0.14285714285714285,0.16666666666666666,0.375,0.0,0.0,0.5,1.0,0.12698412698412698,0.0,0.0,0.22222222222222224,0.2857142857142857
clip,447,EV00448,NEG,POS,0,14,0.00022804737091064453,1.0,0.00022804737091064453,0.004617031037807464,-0.6575347336083391,0.797882911987356,-13.254281249490992,-0.0030358582735061646,0.0036838501691818237,2,-0.7852216898979275,1.1454678305102133,-15.82813589784748,-0.0036253929138183594,0.005288660526275635,3,-0.43567771916801357,1.0699846130165729,-8.782190094050979,-0.002011537551879883,0.004940152168273926,5,-0.5736311418013369,0.37028991403627276,-11.562991425834456,-0.002648472785949707,0.0017096400260925293,7,-0.8356083835660785,0.6057892903863648,-16.843807580231058,-0.003858029842376709,0.002796947956085205,2,1,0.294047619047619,0.5,0.3333333333333333,0.2,0.14285714285714285,0.5,0.5,0.5,0.5,0.5,0.351984126984127,0.5,0.4,0.28571428571428575,0.22222222222222224
clip,448,EV00449,POS,POS,1,17,0.007022380828857422,1.0,0.007022380828857422,0.004617031037807464,0.48057777568295823,0.08328069711843238,0.3159222830822428,0.0022188425064086914,0.0003845095634460449,2,0.3171405371898015,-0.1276643642542517,0.20848188916881685,0.001464247703552246,-0.0005894303321838379,4,0.7661023731358134,0.3820377724113733,0.503620481516938,0.003537118434906006,0.0017638802528381348,6,0.34186267871542514,-0.24873185419017774,0.2247337339037466,0.0015783905982971191,-0.0011484026908874512,9,0.4972055136907928,0.3274812345067856,0.32685302773946967,0.0022956132888793945,0.001511991024017334,5,1,0.5694444444444444,1.0,0.5,0.3333333333333333,0.4444444444444444,0.5,0.4,0.4,0.4,0.8,0.48773448773448774,0.5714285714285715,0.4444444444444445,0.3636363636363636,0.5714285714285714
clip,449,EV00450,NEG,NEG,1,6,-0.007212996482849121,-1.0,0.007212996482849121,0.004617031037807464,1.125348009326044,0.8156499340628857,0.7202341586589123,0.0051957666873931885,0.003765881061553955,1,0.4535447916857489,1.5218124100167303,0.2902732743531918,0.0020940303802490234,0.007026255130767822,2,1.078763232461703,0.5762905471038321,0.6904194281994026,0.004980683326721191,0.0026607513427734375,2,1.078763232461703,0.5762905471038321,0.6904194281994026,0.004980683326721191,0.0026607513427734375,3,1.8903207806950206,0.5882062320271484,1.209824503883652,0.008727669715881348,0.002715766429901123,0,0,NA,NA,NA,NA,NA,NA,NA,NA,NA,NA,NA,NA,NA,NA,NA
clip,450,EV00451,NEG,POS,0,23,0.0013788938522338867,1.0,0.0013788938522338867,0.004617031037807464,-0.9819563610438073,-0.11945700055977901,-3.2855592402068927,-0.004533722996711731,-0.0005515366792678833,3,-0.3833674750626209,-0.14309149695561996,-1.2827215139661254,-0.00177001953125,-0.0006606578826904297,5,-0.8572321888169503,0.25436049842264347,-2.8682406374723417,-0.003957867622375488,0.0011743903160095215,7,-1.4041143607795967,-0.42402022893426,-4.69807121312674,-0.006482839584350586,-0.001957714557647705,12,-1.2831114195160613,-0.16507677477187951,-4.293203596262364,-0.00592416524887085,-0.0007621645927429199,1,1,0.1898809523809524,0.3333333333333333,0.2,0.14285714285714285,0.08333333333333333,1.0,1.0,1.0,1.0,1.0,0.3092948717948718,0.5,0.33333333333333337,0.25,0.15384615384615385
clip,451,EV00452,NEG,NEG,1,15,-0.010577261447906494,-1.0,0.010577261447906494,0.004617031037807464,1.8297418516563841,-0.03836450343539008,0.7986165743657939,0.008447974920272827,-0.0001771301031112671,2,0.9760017460157687,-0.05076107596801675,0.42598969372239276,0.004506230354309082,-0.00023436546325683594,3,1.1311896641773989,-0.2532115320540897,0.493723643991392,0.005222737789154053,-0.0011690855026245117,5,2.2099270771701454,0.12065437843262579,0.9645537649861162,0.010203301906585693,0.0005570650100708008,8,3.001848919262224,0.029860215847920334,1.3101991947632747,0.01385962963104248,0.00013786554336547852,2,1,0.3208333333333333,0.5,0.3333333333333333,0.2,0.25,0.625,0.5,0.5,0.5,1.0,0.39642857142857146,0.5,0.4,0.28571428571428575,0.4
clip,452,EV00453,POS,POS,1,10,0.0002658963203430176,1.0,0.0002658963203430176,0.004617031037807464,-0.27260840810748366,1.2953853495711458,-4.71584426410195,-0.0012586414813995361,0.005980834364891052,1,-0.9020806063939824,2.08892413590661,-15.605063992536067,-0.004164934158325195,0.009644627571105957,2,0.31455859029417504,1.6712425866011131,5.441539144228831,0.001452326774597168,0.007716178894042969,3,-0.2874868770935313,1.0506329210338523,-4.973226430387911,-0.0013273358345031738,0.004850804805755615,5,-0.21542473923659602,0.3707417547430074,-3.7266257777126532,-0.0009946227073669434,0.001711726188659668,3,1,0.9,1.0,1.0,1.0,0.6,0.75,0.3333333333333333,0.6666666666666666,1.0,1.0,0.7625,0.5,0.8,1.0,0.7499999999999999
clip,453,EV00454,NEG,NEG,1,13,-0.0028743743896484375,-1.0,0.0028743743896484375,0.004617031037807464,0.3026235407691416,-0.32373418407450766,0.4859270798030419,0.0013972222805023193,-0.0014946907758712769,2,-0.8488795906095986,-0.3590713547747757,-1.363058470338887,-0.0039193034172058105,-0.0016578435897827148,3,0.16206880663847464,-0.23975958872787567,0.2602362715631418,0.0007482767105102539,-0.0011069774627685547,4,1.2070730834398613,-0.38341911400053347,1.9382150412159727,0.005573093891143799,-0.0017702579498291016,7,0.6902318636078291,-0.31268667879484585,1.1083154767719403,0.003186821937561035,-0.0014436841011047363,6,1,0.6220238095238095,0.5,0.6666666666666666,0.75,0.5714285714285714,0.41666666666666663,0.16666666666666666,0.3333333333333333,0.5,0.6666666666666666,0.4774572649572649,0.25,0.4444444444444444,0.6,0.6153846153846153
clip,454,EV00455,POS,POS,1,13,0.0024983882904052734,1.0,0.0024983882904052734,0.004617031037807464,0.30455031864000287,-0.08979365816265018,0.5625849649423802,0.0014061182737350464,-0.0004145801067352295,2,0.29617512839731447,-0.9553978097886694,0.5471137740728076,0.0013674497604370117,-0.004411101341247559,3,0.2235707816922976,-0.7866159412215659,0.4129943483302625,0.0010322332382202148,-0.0036318302154541016,4,-0.7191496688388457,0.13764358900584808,-1.3284595893339648,-0.00332033634185791,0.0006355047225952148,7,1.4176050333092451,1.2451955293537864,2.6186913267004153,0.006545126438140869,0.005749106407165527,7,1,0.9285714285714286,1.0,1.0,1.0,0.7142857142857143,0.5,0.2857142857142857,0.42857142857142855,0.5714285714285714,0.7142857142857143,0.6215007215007216,0.4444444444444445,0.6,0.7272727272727273,0.7142857142857143
clip,455,EV00456,POS,POS,1,14,0.007399260997772217,1.0,0.007399260997772217,0.004617031037807464,1.213518268378069,1.3524786503006865,0.7571153925158317,0.005602851510047913,0.006244435906410217,2,1.418095603219414,1.661185903442648,0.8847514184450208,0.006547391414642334,0.0076697468757629395,3,1.238714842645764,2.655738937903493,0.7728355631254075,0.005719184875488281,0.012261629104614258,5,1.0684870838171094,0.9602131407490128,0.6666302757382595,0.0049332380294799805,0.004433333873748779,7,1.128775543829988,0.13277661910759214,0.7042443127546391,0.005211591720581055,0.0006130337715148926,5,1,0.8428571428571427,1.0,1.0,0.8,0.5714285714285714,0.65,0.4,0.6,0.8,0.8,0.6970238095238095,0.5714285714285715,0.7499999999999999,0.8000000000000002,0.6666666666666666
clip,456,EV00457,NEG,NEG,1,23,-0.008020639419555664,-1.0,0.008020639419555664,0.004617031037807464,0.9074801028394612,0.8332652667582974,0.5223201370518084,0.0041898638010025024,0.0038472115993499756,3,-0.3359112911210061,1.2711570053893106,-0.19334113339409773,-0.001550912857055664,0.005868971347808838,5,-0.1070087890892398,0.7596475058967472,-0.06159126267116356,-0.0004940629005432129,0.0035073161125183105,7,1.4680304561808304,0.6216553540599895,0.8449572245929985,0.006777942180633545,0.00287020206451416,12,2.6048100353872607,0.6806012016871422,1.4992557196794962,0.012026488780975342,0.0031423568725585938,5,1,0.6494047619047619,0.6666666666666666,0.8,0.7142857142857143,0.4166666666666667,0.8,0.4,0.8,1.0,1.0,0.6803921568627452,0.5,0.8000000000000002,0.8333333333333333,0.5882352941176471
clip,457,EV00458,POS,POS,1,16,0.0023200511932373047,1.0,0.0023200511932373047,0.004617031037807464,-0.0761674334209814,0.01676974508709404,-0.15151212743580797,-0.0003516674041748047,7.742643356323242e-05,2,-0.2807609054304243,-0.7855444332598809,-0.5584891097413478,-0.0012962818145751953,-0.003626883029937744,4,0.1694015358220539,-0.22678530557735258,0.33697324342587665,0.0007821321487426758,-0.0010470747947692871,5,0.5685447064169526,0.8060580013456333,1.130948151232709,0.002624988555908203,0.00372159481048584,8,-0.7618550704925078,0.2733507178399763,-1.5154807946604698,-0.0035175085067749023,0.001262068748474121,0,0,NA,NA,NA,NA,NA,NA,NA,NA,NA,NA,NA,NA,NA,NA,NA
clip,458,EV00459,POS,POS,1,24,0.0003858804702758789,1.0,0.0003858804702758789,0.004617031037807464,-0.9280324001286482,0.42761881742003943,-11.075137477033996,-0.004284754395484924,0.001974329352378845,3,-0.7118427591242228,1.2807102089031288,-8.495130577595223,-0.003286600112915039,0.005913078784942627,5,-0.9914934273895277,-0.30911068234440314,-11.832481295256953,-0.004577755928039551,-0.0014271736145019531,8,-1.2587894797592598,0.20248918528950732,-15.022392042611125,-0.005811870098114014,0.000934898853302002,12,-0.7500039342415823,0.5363865578319248,-8.950545992672689,-0.0034627914428710938,0.002476513385772705,4,1,0.30833333333333335,0.3333333333333333,0.4,0.25,0.25,0.5,0.25,0.5,0.5,0.75,0.35962301587301587,0.28571428571428575,0.4444444444444445,0.3333333333333333,0.375
clip,459,EV00460,NEG,NEG,1,4,-0.007848560810089111,-1.0,0.007848560810089111,0.004617031037807464,1.8666830568655601,0.36795970696296987,1.0979637994803644,0.008618533611297607,0.0016988813877105713,1,1.8723504303014604,0.07303036794279522,1.1012972903201022,0.008644700050354004,0.00033718347549438477,1,1.8723504303014604,0.07303036794279522,1.1012972903201022,0.008644700050354004,0.00033718347549438477,2,1.86101568342966,0.6628890459831446,1.0946303086406266,0.008592367172241211,0.003060579299926758,2,1.86101568342966,0.6628890459831446,1.0946303086406266,0.008592367172241211,0.003060579299926758,1,1,0.75,1.0,1.0,0.5,0.5,1.0,1.0,1.0,1.0,1.0,0.8333333333333333,1.0,1.0,0.6666666666666666,0.6666666666666666
clip,460,EV00461,NEG,NEG,1,4,-0.001698911190032959,-1.0,0.001698911190032959,0.004617031037807464,1.3032118760985136,-0.4716377845568515,3.539578841568466,0.006016969680786133,-0.0021775662899017334,1,1.5397956701447686,-0.8122546738951368,4.182150480933126,0.007109284400939941,-0.0037502050399780273,1,1.5397956701447686,-0.8122546738951368,4.182150480933126,0.007109284400939941,-0.0037502050399780273,2,1.0666280820522585,-0.13102089521856614,2.8970072022038056,0.004924654960632324,-0.0006049275398254395,2,1.0666280820522585,-0.13102089521856614,2.8970072022038056,0.004924654960632324,-0.0006049275398254395,1,1,0.75,1.0,1.0,0.5,0.5,1.0,1.0,1.0,1.0,1.0,0.8333333333333333,1.0,1.0,0.6666666666666666,0.6666666666666666
clip,461,EV00462,POS,NEG,0,9,-0.006100893020629883,-1.0,0.006100893020629883,0.004617031037807464,1.6581037043359939,0.26673770635355293,1.2546133209710968,0.007655516266822815,0.0012315362691879272,1,1.7482878819666077,-0.09325992187002875,1.3228516768111511,0.0080718994140625,-0.0004305839538574219,2,1.5672030364418439,0.41615820063707737,1.1858328288179592,0.007235825061798096,0.0019214153289794922,3,2.1580557640370093,0.2756099213736495,1.632904806785622,0.009963810443878174,0.0012724995613098145,5,1.1588681348985148,0.4684426252735137,0.8768639714696552,0.00535053014755249,0.0021628141403198242,5,1,0.95,1.0,1.0,1.0,0.8,0.5,0.2,0.4,0.6,0.8,0.6136904761904762,0.33333333333333337,0.5714285714285715,0.7499999999999999,0.8000000000000002
clip,462,EV00463,POS,POS,1,27,0.0076541900634765625,1.0,0.0076541900634765625,0.004617031037807464,0.9714187902760317,0.6501729575221841,0.5858862638580847,0.004485070705413818,0.003001868724822998,3,-0.17694082075728323,1.1012907191260441,-0.10671730610441493,-0.0008169412612915039,0.005084693431854248,6,1.2318210444344413,0.18153668623149838,0.7429411873537913,0.005687355995178223,0.000838160514831543,9,1.157138230478445,0.4610195279485876,0.6978981685434863,0.005342543125152588,0.0021285414695739746,14,1.673656706948524,0.8568448967826063,1.0094230056394764,0.007727324962615967,0.0039560794830322266,5,1,0.23809523809523808,0.0,0.3333333333333333,0.3333333333333333,0.2857142857142857,0.45,0.0,0.4,0.6,0.8,0.30331510594668487,0.0,0.3636363636363636,0.42857142857142855,0.4210526315789473
clip,463,EV00464,NEG,NEG,1,13,-0.008783400058746338,-1.0,0.008783400058746338,0.004617031037807464,2.126433369432824,0.39058078920227746,1.1176413643326257,0.009817808866500854,0.0018033236265182495,2,1.4695279853802938,0.7731769076298299,0.7723756060804667,0.00678485631942749,0.00356978178024292,3,1.9683084866774188,0.6339066920797373,1.0345318193837403,0.009087741374969482,0.002926766872406006,4,2.5828376673054794,0.5221987596404573,1.3575248845473809,0.011925041675567627,0.0024110078811645508,7,2.485059338368104,-0.36695920254091463,1.3061331473189153,0.011473596096038818,-0.0016942620277404785,4,1,0.34226190476190477,0.5,0.3333333333333333,0.25,0.2857142857142857,0.3125,0.25,0.25,0.25,0.5,0.3081709956709957,0.3333333333333333,0.28571428571428575,0.25,0.36363636363636365
clip,464,EV00465,NEG,POS,0,18,0.0021263957023620605,1.0,0.0021263957023620605,0.004617031037807464,-0.7603155846559906,0.5335205967777794,-1.6500929512021751,-0.003510400652885437,0.0024632811546325684,2,0.0906908847088804,0.013206658371129486,0.19682404598364509,0.00041872262954711914,6.097555160522461e-05,4,-0.9821080504239253,1.0380975688555858,-2.1314433164705764,-0.004534423351287842,0.004792928695678711,6,-1.2370236674291286,0.5160537260288661,-2.684679987216919,-0.005711376667022705,0.002382636070251465,9,-0.9128215054797886,0.566724433855536,-1.9810725471048507,-0.00421452522277832,0.002616584300994873,3,1,0.20138888888888887,0.0,0.25,0.3333333333333333,0.2222222222222222,0.41666666666666663,0.0,0.3333333333333333,0.6666666666666666,0.6666666666666666,0.26587301587301587,0.0,0.28571428571428575,0.4444444444444444,0.3333333333333333
clip,465,EV00466,NEG,NEG,1,8,-0.002262592315673828,-1.0,0.002262592315673828,0.004617031037807464,1.372169222813458,-0.7743420111664814,2.798802525961028,0.006335347890853882,-0.003575161099433899,1,1.725411832471357,-1.9065870461374677,3.519308635375491,0.007966279983520508,-0.00880277156829834,2,1.5591990010654018,-0.6150326602727075,3.1802856601827556,0.0071988701820373535,-0.0028396248817443848,3,0.6996301503079094,-0.59635227448285,1.4270299897161236,0.0032302141189575195,-0.0027533769607543945,4,1.504435907409164,0.020603936227099374,3.0685858185697397,0.0069460272789001465,9.512901306152344e-05,0,0,NA,NA,NA,NA,NA,NA,NA,NA,NA,NA,NA,NA,NA,NA,NA
clip,466,EV00467,NEG,POS,0,32,0.0004482269287109375,1.0,0.0004482269287109375,0.004617031037807464,-0.21990441710050798,0.14583158809860358,-2.260117224088583,-0.001015305519104004,0.0006733089685440063,4,0.01702793977665669,-0.13014303327405313,0.17500848999488325,7.861852645874023e-05,-0.0006008744239807129,7,-0.4255177581337234,0.7377267767528783,-4.3733546919797925,-0.0019646286964416504,0.0034061074256896973,10,-0.017905801721169696,-0.03173212734724954,-0.18403091404314106,-8.26716423034668e-05,-0.00014650821685791016,16,-0.4532220483237956,0.007474736262838683,-4.658091780326282,-0.0020925402641296387,3.451108932495117e-05,2,1,0.21517857142857144,0.25,0.2857142857142857,0.2,0.125,0.875,0.5,1.0,1.0,1.0,0.33333333333333337,0.3333333333333333,0.4444444444444445,0.33333333333333337,0.2222222222222222
clip,467,EV00468,POS,POS,1,5,0.010014355182647705,1.0,0.010014355182647705,0.004617031037807464,1.6401204442079553,0.6715934344550254,0.7560877131717259,0.007572486996650696,0.003100767731666565,1,1.1890381843739102,1.4047469377690252,0.5481409398145042,0.005489826202392578,0.00648576021194458,1,1.1890381843739102,1.4047469377690252,0.5481409398145042,0.005489826202392578,0.00648576021194458,2,2.2843000574986667,-0.435032232444107,1.0530514467833931,0.010546684265136719,-0.0020085573196411133,3,1.8981053505853345,0.3119120947261579,0.8750175262745021,0.008763611316680908,0.0014401078224182129,2,1,0.20833333333333331,0.0,0.0,0.5,0.3333333333333333,0.25,0.0,0.0,0.5,0.5,0.225,0.0,0.0,0.5,0.4
clip,468,EV00469,NEG,NEG,1,15,-0.006907105445861816,-1.0,0.006907105445861816,0.004617031037807464,1.2400510001642506,-0.04511629456745334,0.8287878639218239,0.005725353956222534,-0.0002083033323287964,2,1.2489264426179667,-0.03099627248199599,0.8347197642965682,0.005766332149505615,-0.0001431107521057129,3,0.7998613287961297,0.19643451981926321,0.5345871758813224,0.0036929845809936523,0.0009069442749023438,5,0.7938841217327545,-0.4439270394995402,0.5305923106107674,0.0036653876304626465,-0.0020496249198913574,8,2.1175321075101516,0.09802361389245962,1.4152522048986378,0.009776711463928223,0.000452578067779541,2,1,0.1125,0.0,0.0,0.2,0.25,0.375,0.0,0.0,0.5,1.0,0.17142857142857143,0.0,0.0,0.28571428571428575,0.4
clip,469,EV00470,POS,POS,1,5,0.00026988983154296875,1.0,0.00026988983154296875,0.004617031037807464,-1.5783893213671456,-0.1690336083894271,-26.90197873056755,-0.007287472486495972,-0.0007804334163665771,1,-2.0275512581975685,0.12144187223579186,-34.55746949423186,-0.00936126708984375,0.0005607008934020996,1,-2.0275512581975685,0.12144187223579186,-34.55746949423186,-0.00936126708984375,0.0005607008934020996,2,-1.3675281732685693,-0.4624395987411821,-23.308073193790626,-0.006313920021057129,-0.0021350979804992676,3,-0.890926595804876,-0.45657857928811,-15.184902740015847,-0.004113435745239258,-0.0021080374717712402,1,1,0.20833333333333331,0.0,0.0,0.5,0.3333333333333333,0.5,0.0,0.0,1.0,1.0,0.29166666666666663,0.0,0.0,0.6666666666666666,0.5
clip,470,EV00471,POS,POS,1,12,3.1054019927978516e-05,1.0,3.1054019927978516e-05,0.004617031037807464,-0.5622641205933412,0.39159420335881084,-80.98799782547873,-0.0025959908962249756,0.0018080025911331177,2,-0.0790333944751268,0.08267393959796014,-11.3838961894585,-0.0003648996353149414,0.00038170814514160156,3,-1.0821584926294519,0.2421220701373739,-155.87309671371426,-0.004996359348297119,0.0011178851127624512,4,-1.0369873316904663,0.10507232891751993,-149.36668495825603,-0.004787802696228027,0.0004851222038269043,6,-0.050877263578319946,1.1365084747823895,-7.328313440486107,-0.00023490190505981445,0.005247294902801514,2,1,0.625,1.0,0.6666666666666666,0.5,0.3333333333333333,1.0,1.0,1.0,1.0,1.0,0.7416666666666667,1.0,0.8,0.6666666666666666,0.5
clip,471,EV00472,POS,POS,1,27,0.004359304904937744,1.0,0.004359304904937744,0.004617031037807464,-0.3428535008366218,1.2009086852265531,-0.36304003717515976,-0.0015829652547836304,0.00554463267326355,3,-0.9886920150077729,1.8724924373807197,-1.0469042462956994,-0.004564821720123291,0.008645355701446533,6,-0.5255294711358154,1.8568329294587451,-0.5564716074715067,-0.0024263858795166016,0.008573055267333984,9,0.18422191100294993,0.6233981682145374,0.1950685329325538,0.0008505582809448242,0.002878248691558838,14,-0.04141442820584887,0.4509112058522099,-0.04385282786598687,-0.00019121170043945312,0.0020818710327148438,2,1,0.04563492063492063,0.0,0.0,0.1111111111111111,0.07142857142857142,0.25,0.0,0.0,0.5,0.5,0.07670454545454544,0.0,0.0,0.1818181818181818,0.125
clip,472,EV00473,NEG,NEG,1,16,-0.0010818839073181152,-1.0,0.0010818839073181152,0.004617031037807464,1.0200368503206785,-0.09444761744201693,4.349073585645625,0.0047095417976379395,-0.0004360675811767578,2,0.9181790452882136,0.8596721286333173,3.9147882074073097,0.004239261150360107,0.003969132900238037,4,0.9893375017316796,0.33931946102323307,4.218182504599907,0.0045678019523620605,0.0015666484832763672,5,1.1815505383765934,-1.028660552952071,5.037710387564453,0.0054552555084228516,-0.0047493577003479,8,0.9910803158862275,-0.5481215064725471,4.225613243010828,0.004575848579406738,-0.002530694007873535,4,1,0.4125,0.5,0.5,0.4,0.25,0.4375,0.25,0.5,0.5,0.5,0.40277777777777773,0.3333333333333333,0.5,0.4444444444444445,0.3333333333333333
clip,473,EV00474,POS,NEG,0,8,-0.0034359097480773926,-1.0,0.0034359097480773926,0.004617031037807464,0.6893152724598817,-0.7911569403242489,0.9260033696149057,0.0031825900077819824,-0.003652796149253845,1,0.4139635457757948,-0.6247666000692195,0.5561049545851029,0.0019112825393676758,-0.0028845667839050293,2,0.37749354587507067,-0.39045491929111564,0.5071123612868145,0.0017428994178771973,-0.0018027424812316895,3,0.491860883616846,-1.1190932429713887,0.6607496653680665,0.002270936965942383,-0.005166888236999512,4,1.4739431145718151,-1.030312998965272,1.9800464972196392,0.006805241107940674,-0.00475698709487915,2,1,0.5833333333333333,1.0,0.5,0.3333333333333333,0.5,0.625,0.5,0.5,0.5,1.0,0.5583333333333332,0.6666666666666666,0.5,0.4,0.6666666666666666
clip,474,EV00475,NEG,NEG,1,21,-0.0017073750495910645,-1.0,0.0017073750495910645,0.004617031037807464,0.49204484733315934,0.1797454605726575,1.3297936730428321,0.002271786332130432,0.0008298903703689575,3,0.1094358191711287,0.5519686073470306,0.29575974776846164,0.0005052685737609863,0.0025484561920166016,5,-0.07052587945403752,0.636914660213142,-0.19060227699175486,-0.000325620174407959,0.002940654754638672,7,0.916462050602622,-0.7140632334544615,2.4768178004108874,0.0042313337326049805,-0.0032968521118164062,11,1.0128073990129243,0.24416180818491884,2.737199420983735,0.004676163196563721,0.0011273026466369629,1,1,0.1917748917748918,0.3333333333333333,0.2,0.14285714285714285,0.09090909090909091,1.0,1.0,1.0,1.0,1.0,0.31250000000000006,0.5,0.33333333333333337,0.25,0.16666666666666669
clip,475,EV00476,POS,POS,1,22,0.008486926555633545,1.0,0.008486926555633545,0.004617031037807464,1.3630872246080918,1.4689373650279192,0.7414550517142935,0.0062934160232543945,0.006782129406929016,3,0.9808170769761122,1.694815761758183,0.5335181515920051,0.004528462886810303,0.007825016975402832,5,1.5914216983228202,2.528229490462979,0.8656582178506251,0.0073476433753967285,0.011672914028167725,7,1.6607469724703916,1.6588621512365842,0.9033678917439988,0.007667720317840576,0.007659018039703369,11,1.2193631506630433,-0.006157943346069174,0.663275945670545,0.005629837512969971,-2.8431415557861328e-05,4,1,0.3229437229437229,0.3333333333333333,0.4,0.2857142857142857,0.2727272727272727,0.5,0.25,0.5,0.5,0.75,0.3734487734487735,0.28571428571428575,0.4444444444444445,0.36363636363636365,0.39999999999999997
clip,476,EV00477,NEG,NEG,1,17,-0.011515676975250244,-1.0,0.011515676975250244,0.004617031037807464,1.4694343898053273,0.050883718445559015,0.5890956393352738,0.006784424185752869,0.00023493170738220215,2,1.057320163493525,0.6085132443612506,0.42387921639550846,0.004881680011749268,0.0028095245361328125,4,0.8503771198090619,0.04417711138416921,0.3409158357430134,0.003926217555999756,0.00020396709442138672,6,1.6655106644928224,-0.1737392066067064,0.6677025367897502,0.007689714431762695,-0.000802159309387207,9,2.3045296114259,-0.2754162753564775,0.9238849684128229,0.010640084743499756,-0.0012716054916381836,2,1,0.2847222222222222,0.5,0.25,0.16666666666666666,0.2222222222222222,0.625,0.5,0.5,0.5,1.0,0.3617424242424242,0.5,0.3333333333333333,0.25,0.3636363636363636
clip,477,EV00478,NEG,NEG,1,9,-0.0040836334228515625,-1.0,0.0040836334228515625,0.004617031037807464,0.215569973749475,-0.3839258210788002,0.24366770688710487,0.0009952932596206665,-0.0017725974321365356,1,0.12361070762811811,-0.09051014842618654,0.139722323803035,0.0005707144737243652,-0.00041788816452026367,2,-0.016640647742312716,-0.04847605296538731,-0.018809616227896828,-7.683038711547852e-05,-0.0002238154411315918,3,-0.2489642294107841,-0.8414694030191506,-0.28141462292861935,-0.0011494755744934082,-0.0038850903511047363,5,1.0042740645228787,-0.5552476799044762,1.1351727429019007,0.0046367645263671875,-0.0025635957717895508,2,1,0.6416666666666666,1.0,0.5,0.6666666666666666,0.4,0.75,0.5,0.5,1.0,1.0,0.6345238095238095,0.6666666666666666,0.5,0.8,0.5714285714285715
clip,478,EV00479,POS,POS,1,13,0.0017880797386169434,1.0,0.0017880797386169434,0.004617031037807464,0.16580294733627446,0.004495815032009623,0.42788330642172634,0.0007655173540115356,2.0757317543029785e-05,2,0.13091761734274107,-0.09754595371676872,0.33785565261306344,0.0006044507026672363,-0.00045037269592285156,3,0.45042063594204085,-0.04772728836565563,1.1623886914179848,0.002079606056213379,-0.00022035837173461914,4,0.08684378383439692,0.03730913264180275,0.22411546939434748,0.00040096044540405273,0.0001722574234008789,7,-0.004970247774080989,0.1259473695686601,-0.01282658773849023,-2.294778823852539e-05,0.0005815029144287109,3,1,0.21726190476190474,0.0,0.3333333333333333,0.25,0.2857142857142857,0.3333333333333333,0.0,0.3333333333333333,0.3333333333333333,0.6666666666666666,0.25476190476190474,0.0,0.3333333333333333,0.28571428571428575,0.4
clip,479,EV00480,NEG,NEG,1,16,-0.009299039840698242,-1.0,0.009299039840698242,0.004617031037807464,1.9381481195028818,0.29110483018102795,0.9621991063364228,0.008948490023612976,0.001344040036201477,2,1.6714749618217195,1.7060601404886364,0.8298084642473444,0.007717251777648926,0.007876932621002197,4,2.1211339234295505,-0.5524075383192871,1.053042925360767,0.009793341159820557,-0.002550482749938965,5,1.7241983174304125,-0.31006600269578494,0.8559831230049804,0.007960677146911621,-0.001431584358215332,8,2.2357852753298446,0.3208327212505474,1.1099619127325995,0.0103226900100708,0.0014812946319580078,0,0,NA,NA,NA,NA,NA,NA,NA,NA,NA,NA,NA,NA,NA,NA,NA
clip,480,EV00481,NEG,POS,0,5,0.0010340213775634766,1.0,0.0010340213775634766,0.004617031037807464,-0.5131748552402426,0.24177350730646435,-2.289174200482873,-0.0023693442344665527,0.0011162757873535156,1,-0.28323957445022574,0.712746440537692,-1.263477194500622,-0.0013077259063720703,0.0032907724380493164,1,-0.28323957445022574,0.712746440537692,-1.263477194500622,-0.0013077259063720703,0.0032907724380493164,2,-0.5700938745543286,-0.14017389696356203,-2.543078984008545,-0.00263214111328125,-0.0006471872329711914,3,-0.9161263975061905,-0.31822495488596464,-4.086663428921702,-0.00422978401184082,-0.001469254493713379,1,1,0.20833333333333331,0.0,0.0,0.5,0.3333333333333333,0.5,0.0,0.0,1.0,1.0,0.29166666666666663,0.0,0.0,0.6666666666666666,0.5
clip,481,EV00482,NEG,POS,0,25,0.0052381157875061035,1.0,0.0052381157875061035,0.004617031037807464,1.1107115978614612,1.0770430103424917,0.9788273688488536,0.005128189921379089,0.004972741007804871,3,0.36804362023707776,1.5294291533588282,0.32434267285214713,0.0016992688179016113,0.007061421871185303,5,0.8163470597247049,0.3585549653956504,0.71941523441038,0.003769099712371826,0.0016554594039916992,8,1.5689974895343042,1.1313445809911364,1.382697081193958,0.007244110107421875,0.005223453044891357,13,1.689458221949758,1.288843341624352,1.4888544869389293,0.007800281047821045,0.005950629711151123,6,1,0.4232371794871795,0.3333333333333333,0.6,0.375,0.38461538461538464,0.5,0.16666666666666666,0.5,0.5,0.8333333333333334,0.43064099643047005,0.2222222222222222,0.5454545454545454,0.42857142857142855,0.5263157894736842
clip,482,EV00483,NEG,NEG,1,25,-0.008325636386871338,-1.0,0.008325636386871338,0.004617031037807464,1.100151435058349,-0.11169179527118234,0.6100222329825278,0.00507943332195282,-0.0005156844854354858,3,0.6217715416702927,-0.09309209532181302,0.344765686039017,0.0028707385063171387,-0.0004298090934753418,5,0.21599276755363386,-0.03254544061937188,0.11976568513420663,0.0009972453117370605,-0.00015026330947875977,8,1.3132556495225005,-0.22344168434751627,0.728186246247224,0.006063342094421387,-0.001031637191772461,13,2.249585781486968,-0.09768796079602818,1.2473713145096634,0.010386407375335693,-0.00045102834701538086,1,1,0.0,0.0,0.0,0.0,0.0,0.0,0.0,0.0,0.0,0.0,0.0,0.0,0.0,0.0,0.0
clip,483,EV00484,POS,POS,1,11,0.006865143775939941,1.0,0.006865143775939941,0.004617031037807464,0.34180458491027355,0.7894399456386573,0.2298411493982432,0.0015781223773956299,0.0036448687314987183,2,0.2910499638094959,1.0272792113629108,0.1957119979296128,0.0013437867164611816,0.004742980003356934,3,0.5758516161315756,0.2026828313066793,0.38722241648473316,0.0026587247848510742,0.0009357929229736328,4,0.21455978702656114,0.8608856436742618,0.14427737438856353,0.0009906291961669922,0.003974735736846924,6,0.28575697267346156,1.0669120962107774,0.19215280879006338,0.0013193488121032715,0.004925966262817383,2,1,0.3125,0.5,0.3333333333333333,0.25,0.16666666666666666,0.5,0.5,0.5,0.5,0.5,0.37083333333333335,0.5,0.4,0.3333333333333333,0.25
clip,484,EV00485,NEG,NEG,1,16,-0.006517291069030762,-1.0,0.006517291069030762,0.004617031037807464,0.6432565672755246,-0.4713182686285177,0.4556310089457538,0.0029699355363845825,-0.0021760910749435425,2,0.42777696166739654,-1.2451955293537864,0.3030026564264835,0.0019750595092773438,-0.005749106407165527,4,0.5286278074105671,-0.5527302816812404,0.374437251791153,0.0024406909942626953,-0.0025519728660583496,5,0.33731845217912254,-1.1355660641654857,0.23892915287806576,0.0015574097633361816,-0.00524294376373291,8,1.2793030478450123,1.0482188006864417,0.9061549746873131,0.005906581878662109,0.004839658737182617,7,1,0.475,0.5,0.5,0.4,0.5,0.3214285714285714,0.14285714285714285,0.2857142857142857,0.2857142857142857,0.5714285714285714,0.3631313131313131,0.22222222222222224,0.36363636363636365,0.3333333333333333,0.5333333333333333
clip,485,EV00486,NEG,NEG,1,5,-0.004571497440338135,-1.0,0.004571497440338135,0.004617031037807464,0.6866623220246254,1.318132301721615,0.6933500334657801,0.0031703412532806396,0.0060858577489852905,1,0.27185318864051294,1.7852871809809352,0.27450088842200804,0.0012551546096801758,0.00824272632598877,1,0.27185318864051294,1.7852871809809352,0.27450088842200804,0.0012551546096801758,0.00824272632598877,2,0.307729340755243,0.7740805890432992,0.310726454426603,0.0014207959175109863,0.0035739541053771973,3,1.8952135700622328,0.927874255881291,1.9136719025925013,0.00875025987625122,0.004284024238586426,2,1,0.29166666666666663,0.0,0.0,0.5,0.6666666666666666,0.375,0.0,0.0,0.5,1.0,0.325,0.0,0.0,0.5,0.8
clip,486,EV00487,NEG,NEG,1,28,-0.0024222135543823242,-1.0,0.0024222135543823242,0.004617031037807464,0.7601413032405357,-0.1074961315657893,1.4483230270126,0.0035095959901809692,-0.0004963129758834839,3,0.6136513186835474,-0.35233247337719054,1.169210687035634,0.002833247184753418,-0.001626729965209961,6,0.8863694595340952,0.4229229015036187,1.6888298178394325,0.004092395305633545,0.0019526481628417969,9,0.27270523111606965,-0.2820776983471938,0.5195945334484944,0.0012590885162353516,-0.0013023614883422852,14,1.2678392036284307,-0.21849725604239156,2.4156570697268385,0.0058536529541015625,-0.0010088086128234863,3,1,0.04563492063492063,0.0,0.0,0.1111111111111111,0.07142857142857142,0.16666666666666666,0.0,0.0,0.3333333333333333,0.3333333333333333,0.07107843137254902,0.0,0.0,0.16666666666666666,0.11764705882352941
clip,487,EV00488,NEG,NEG,1,12,-0.0034756064414978027,-1.0,0.0034756064414978027,0.004617031037807464,0.7370457882591568,0.07189108387510003,0.9788175158565603,0.0034029632806777954,0.00033192336559295654,2,1.505326679088155,0.5071072800355204,1.9991161255501115,0.0069501399993896484,0.002341330051422119,3,1.1635801879830332,-0.011463844216581608,1.5452671831848193,0.005372285842895508,-5.2928924560546875e-05,4,0.10209018025307134,-0.3097561690683098,0.13557862784167166,0.00047135353088378906,-0.0014301538467407227,6,0.17718610571236773,0.1016770687497711,0.23530812684963878,0.0008180737495422363,0.00046944618225097656,3,1,0.3125,0.5,0.3333333333333333,0.25,0.16666666666666666,0.3333333333333333,0.3333333333333333,0.3333333333333333,0.3333333333333333,0.3333333333333333,0.3103174603174603,0.4,0.3333333333333333,0.28571428571428575,0.2222222222222222
clip,488,EV00489,POS,POS,1,22,0.008931934833526611,1.0,0.008931934833526611,0.004617031037807464,1.033098274178929,0.45418382354241643,0.5339618933620235,0.004769846796989441,0.0020969808101654053,3,0.2677091638730324,0.45506814035416854,0.1383667900574295,0.0012360215187072754,0.0021010637283325195,5,0.7057622741850224,0.5237221083088769,0.36477668156674603,0.00325852632522583,0.002418041229248047,7,1.2986934690311673,0.36853419014724675,0.671236068196812,0.005996108055114746,0.0017015337944030762,11,1.860228189626494,0.46941085535937366,0.9614680336271063,0.008588731288909912,0.0021672844886779785,3,1,0.27294372294372293,0.3333333333333333,0.2,0.2857142857142857,0.2727272727272727,0.5833333333333333,0.3333333333333333,0.3333333333333333,0.6666666666666666,1.0,0.35297619047619044,0.3333333333333333,0.25,0.4,0.42857142857142855
clip,489,EV00490,POS,POS,1,13,0.002871215343475342,1.0,0.002871215343475342,0.004617031037807464,-0.18540637914131858,1.0171773441337721,-0.2980371959392102,-0.0008560270071029663,0.00469633936882019,2,-0.15041131640472105,0.7192529467146708,-0.2417833042552431,-0.0006944537162780762,0.0033208131790161133,3,-0.25158490550984497,1.8026120446505889,-0.40441790690294205,-0.0011615753173828125,0.008322715759277344,4,-0.07084862281599083,1.2903796000272498,-0.1138878013692193,-0.00032711029052734375,0.0059577226638793945,7,-0.26878067183471743,0.25646478514257903,-0.43205977122943623,-0.0012409687042236328,0.0011841058731079102,4,1,0.5595238095238095,0.5,0.6666666666666666,0.5,0.5714285714285714,0.5625,0.25,0.5,0.5,1.0,0.533008658008658,0.3333333333333333,0.5714285714285715,0.5,0.7272727272727273
clip,490,EV00491,NEG,NEG,1,17,-0.00202864408493042,-1.0,0.00202864408493042,0.004617031037807464,0.31547518144212244,-0.5247258401645516,0.7176424256798473,0.0014565587043762207,-0.0024226754903793335,2,0.5443389542704543,-1.0857344890798946,1.2382613610013815,0.0025132298469543457,-0.005012869834899902,4,-0.12912316425028067,-0.5132523136471114,-0.293729162403316,-0.000596165657043457,-0.002369701862335205,6,0.48368902169218814,-0.27017492315835573,1.1002949937777484,0.0022332072257995605,-0.001247406005859375,9,0.36299591405612797,-0.2297416347728449,0.8257425103435752,0.0016759634017944336,-0.0010607242584228516,3,1,0.35416666666666663,0.5,0.25,0.3333333333333333,0.3333333333333333,0.5833333333333333,0.3333333333333333,0.3333333333333333,0.6666666666666666,1.0,0.40753968253968254,0.4,0.28571428571428575,0.4444444444444444,0.5
clip,491,EV00492,NEG,POS,0,12,0.0020354390144348145,1.0,0.0020354390144348145,0.004617031037807464,0.3210166849668608,1.774559191629607,0.7278116298304202,0.0014821439981460571,0.00819319486618042,2,0.5184549366417988,2.2482302593667645,1.1754452341623558,0.0023937225341796875,0.010380148887634277,3,0.5269624516628881,1.9609112088214489,1.1947335411671614,0.00243300199508667,0.009053587913513184,4,0.3171405371898015,1.9066645045443364,0.7190235961761063,0.001464247703552246,0.008803129196166992,6,-0.07849118562704524,0.9824307937858787,-0.1779558521839423,-0.000362396240234375,0.0045359134674072266,1,1,0.041666666666666664,0.0,0.0,0.0,0.16666666666666666,0.25,0.0,0.0,0.0,1.0,0.07142857142857142,0.0,0.0,0.0,0.2857142857142857
clip,492,EV00493,POS,POS,1,29,0.00436711311340332,1.0,0.00436711311340332,0.004617031037807464,1.3542505113578103,0.09407646257577063,1.431422786355926,0.00625261664390564,0.00043435394763946533,3,1.666052873340904,-1.018823335279734,1.7609932772207992,0.007692217826843262,-0.004703938961029053,6,1.3893972634745257,0.2827102753366223,1.4685723841772536,0.006414890289306641,0.0013052821159362793,9,1.3640554546939518,0.6836608087584597,1.4417864666296811,0.006297886371612549,0.0031564831733703613,15,0.9974964539218593,0.42875810148773463,1.05433901739597,0.004605472087860107,0.0019795894622802734,3,1,0.21388888888888888,0.3333333333333333,0.16666666666666666,0.2222222222222222,0.13333333333333333,0.5,0.3333333333333333,0.3333333333333333,0.6666666666666666,0.6666666666666666,0.2777777777777778,0.3333333333333333,0.2222222222222222,0.3333333333333333,0.2222222222222222
clip,493,EV00494,POS,NEG,0,17,-0.007020771503448486,-1.0,0.007020771503448486,0.004617031037807464,1.9390098442792971,-0.662879363682286,1.27495869514624,0.008952468633651733,-0.0030605345964431763,2,0.7459760970844049,-0.3059090681938263,0.4905022602928166,0.003444194793701172,-0.0014123916625976562,4,1.9890415202492995,-1.425492881075384,1.3078560630986975,0.00918346643447876,-0.006581544876098633,6,2.4262813172891673,-0.8265457499624295,1.595354696870285,0.011202216148376465,-0.0038161873817443848,9,2.5947404424943175,-0.09356975549750393,1.7061217603231604,0.011979997158050537,-0.00043201446533203125,3,1,0.3333333333333333,0.0,0.5,0.5,0.3333333333333333,0.6666666666666666,0.0,0.6666666666666666,1.0,1.0,0.43452380952380953,0.0,0.5714285714285715,0.6666666666666666,0.5
clip,494,EV00495,NEG,NEG,1,13,-0.00429147481918335,-1.0,0.00429147481918335,0.004617031037807464,0.21548606047536717,-0.561505673692751,0.23177907182665988,0.0009949058294296265,-0.0025924891233444214,2,-0.4386211386290278,-0.3016488558160426,-0.47178550747420706,-0.002025127410888672,-0.0013927221298217773,3,0.0751733838661652,-0.7568977324529049,0.0808572819055306,0.0003470778465270996,-0.0034946203231811523,4,0.5171510534595074,-0.6156781469966142,0.5562531093686502,0.002387702465057373,-0.0028426051139831543,7,0.7082409432048238,-0.5717979595054421,0.7617914035066657,0.003269970417022705,-0.0026400089263916016,0,0,NA,NA,NA,NA,NA,NA,NA,NA,NA,NA,NA,NA,NA,NA,NA
clip,495,EV00496,NEG,POS,0,14,0.0030320286750793457,1.0,0.0030320286750793457,0.004617031037807464,0.950582478828326,-0.319280325679552,1.447025161617215,0.004388868808746338,-0.001474127173423767,2,1.395284102396554,-0.4419131209209516,2.123972668064436,0.006442070007324219,-0.0020403265953063965,3,2.058366794396871,-0.8756285604482891,3.133350981811601,0.009503543376922607,-0.00404280424118042,5,0.686914061846949,0.10604055900337986,1.045655641145823,0.0031715035438537598,0.0004895925521850586,7,-0.33823504332706994,-0.0656201803523472,-0.5148786445529998,-0.0015616416931152344,-0.00030297040939331055,0,0,NA,NA,NA,NA,NA,NA,NA,NA,NA,NA,NA,NA,NA,NA,NA
clip,496,EV00497,NEG,NEG,1,3,-0.00501018762588501,-1.0,0.00501018762588501,0.004617031037807464,1.8778725692244815,1.2780411212997749,1.7301678932098379,0.008670195937156677,0.005900755524635315,1,1.8593761471509371,1.4334323677794356,1.7131263132137469,0.008584797382354736,0.006618201732635498,1,1.8593761471509371,1.4334323677794356,1.7131263132137469,0.008584797382354736,0.006618201732635498,1,1.8593761471509371,1.4334323677794356,1.7131263132137469,0.008584797382354736,0.006618201732635498,2,1.9333618354451143,0.8118673818607929,1.7812926331981112,0.0089263916015625,0.0037484169006347656,0,0,NA,NA,NA,NA,NA,NA,NA,NA,NA,NA,NA,NA,NA,NA,NA
clip,497,EV00498,POS,POS,1,3,0.00048297643661499023,1.0,0.00048297643661499023,0.004617031037807464,-0.9259700700457665,0.6281069938654362,-8.833555169304782,-0.004275232553482056,0.0028999894857406616,1,-1.031965444978473,0.6890183485668846,-9.844728232504254,-0.0047646164894104,0.0031812191009521484,1,-1.031965444978473,0.6890183485668846,-9.844728232504254,-0.0047646164894104,0.0031812191009521484,1,-1.031965444978473,0.6890183485668846,-9.844728232504254,-0.0047646164894104,0.0031812191009521484,2,-0.6079839452476473,0.44537292976109105,-5.800035979706367,-0.0028070807456970215,0.002056300640106201,2,1,1.0,1.0,1.0,1.0,1.0,0.625,0.5,0.5,0.5,1.0,0.75,0.6666666666666666,0.6666666666666666,0.6666666666666666,1.0
clip,498,EV00499,NEG,NEG,1,16,-0.0012225508689880371,-1.0,0.0012225508689880371,0.004617031037807464,0.9992844521470806,-0.9854516716537617,3.7707687094181686,0.004613727331161499,-0.004549860954284668,2,0.7568590032494705,-1.249636478014264,2.8559838399992117,0.003494441509246826,-0.005769610404968262,4,1.2325698090341728,-1.4769898119086544,4.651063726743049,0.005690813064575195,-0.006819307804107666,5,1.0871029209345766,-0.9685915584253207,4.102148962059352,0.005019187927246094,-0.004472017288208008,8,0.9206060753701024,-0.24658883826680775,3.4738783088710625,0.004250466823577881,-0.0011385083198547363,3,1,0.3,0.5,0.25,0.2,0.25,0.41666666666666663,0.3333333333333333,0.3333333333333333,0.3333333333333333,0.6666666666666666,0.3248376623376623,0.4,0.28571428571428575,0.25,0.36363636363636365
clip,499,EV00500,POS,POS,1,21,0.0053441524505615234,1.0,0.0053441524505615234,0.004617031037807464,0.13406113768816633,0.8349435322404546,0.11579921047995928,0.0006189644336700439,0.0038549602031707764,3,-0.25272096214392065,0.9003119727704783,-0.21829508829078748,-0.0011668205261230469,0.004156768321990967,5,-0.018086538003863548,0.9956632716259645,-0.015622773738015594,-8.350610733032227e-05,0.004597008228302002,7,0.6316603982805422,0.7527020687475119,0.5456150579781335,0.002916395664215088,0.0034752488136291504,11,0.17539165261990733,0.691096815817864,0.1514996459705067,0.000809788703918457,0.0031908154487609863,2,1,0.0,0.0,0.0,0.0,0.0,0.0,0.0,0.0,0.0,0.0,0.0,0.0,0.0,0.0,0.0
